<?xml version="1.0" encoding="UTF-8"?>
<gpx creator="Garmin Connect" version="1.1"
  xsi:schemaLocation="http://www.topografix.com/GPX/1/1 http://www.topografix.com/GPX/11.xsd"
  xmlns:ns3="http://www.garmin.com/xmlschemas/TrackPointExtension/v1"
  xmlns="http://www.topografix.com/GPX/1/1"
  xmlns:xsi="http://www.w3.org/2001/XMLSchema-instance" xmlns:ns2="http://www.garmin.com/xmlschemas/GpxExtensions/v3">
  <metadata>
    <name>Traseu MTB&amp;RUN 19km</name>
    <link href="connect.garmin.com">
      <text>Garmin Connect</text>
    </link>
    <time>2024-09-15T17:12:50.000Z</time>
  </metadata>
  <trk>
    <name>Traseu MTB&amp;RUN 19km</name>
    <trkseg>
      <trkpt lat="45.40940199047327" lon="22.206626012921333">
        <ele>207.71</ele>
      </trkpt>
      <trkpt lat="45.40940525941551" lon="22.206646548584104">
        <ele>207.26</ele>
      </trkpt>
      <trkpt lat="45.40940986946225" lon="22.206665072590113">
        <ele>207.11</ele>
      </trkpt>
      <trkpt lat="45.40941716171801" lon="22.206693068146706">
        <ele>206.95</ele>
      </trkpt>
      <trkpt lat="45.40942722000182" lon="22.206725673750043">
        <ele>206.77</ele>
      </trkpt>
      <trkpt lat="45.40943878702819" lon="22.206760039553046">
        <ele>206.58</ele>
      </trkpt>
      <trkpt lat="45.4094694647938" lon="22.2068384103477">
        <ele>206.35</ele>
      </trkpt>
      <trkpt lat="45.409500394016504" lon="22.20693865790963">
        <ele>206.13</ele>
      </trkpt>
      <trkpt lat="45.409517493098974" lon="22.206992134451866">
        <ele>205.9</ele>
      </trkpt>
      <trkpt lat="45.40962972678244" lon="22.207331182435155">
        <ele>205.64</ele>
      </trkpt>
      <trkpt lat="45.409652357921004" lon="22.207385329529643">
        <ele>205.42</ele>
      </trkpt>
      <trkpt lat="45.409703738987446" lon="22.20749798230827">
        <ele>205.19</ele>
      </trkpt>
      <trkpt lat="45.40976610034704" lon="22.207604432478547">
        <ele>204.98</ele>
      </trkpt>
      <trkpt lat="45.40983499959111" lon="22.207709290087223">
        <ele>204.79</ele>
      </trkpt>
      <trkpt lat="45.40986601263285" lon="22.2077605035156">
        <ele>204.62</ele>
      </trkpt>
      <trkpt lat="45.40999383665621" lon="22.2079626750201">
        <ele>204.44</ele>
      </trkpt>
      <trkpt lat="45.410121493041515" lon="22.20816451124847">
        <ele>204.25</ele>
      </trkpt>
      <trkpt lat="45.41017756797373" lon="22.208238104358315">
        <ele>204.09</ele>
      </trkpt>
      <trkpt lat="45.41029265150428" lon="22.208376741036773">
        <ele>203.95</ele>
      </trkpt>
      <trkpt lat="45.41033330373466" lon="22.20842686481774">
        <ele>203.85</ele>
      </trkpt>
      <trkpt lat="45.410408824682236" lon="22.208528453484178">
        <ele>203.77</ele>
      </trkpt>
      <trkpt lat="45.410628682002425" lon="22.208801871165633">
        <ele>203.72</ele>
      </trkpt>
      <trkpt lat="45.41070168837905" lon="22.208885019645095">
        <ele>203.69</ele>
      </trkpt>
      <trkpt lat="45.41072675026953" lon="22.208934305235744">
        <ele>203.68</ele>
      </trkpt>
      <trkpt lat="45.41074275970459" lon="22.20899172127247">
        <ele>203.7</ele>
      </trkpt>
      <trkpt lat="45.410741586238146" lon="22.20905148424208">
        <ele>203.73</ele>
      </trkpt>
      <trkpt lat="45.41072306223214" lon="22.209106218069792">
        <ele>203.77</ele>
      </trkpt>
      <trkpt lat="45.4106508102268" lon="22.2091921325773">
        <ele>203.81</ele>
      </trkpt>
      <trkpt lat="45.410608649253845" lon="22.209229432046413">
        <ele>203.89</ele>
      </trkpt>
      <trkpt lat="45.41049633175135" lon="22.209340324625373">
        <ele>204.0</ele>
      </trkpt>
      <trkpt lat="45.41048233397305" lon="22.209390113130212">
        <ele>204.11</ele>
      </trkpt>
      <trkpt lat="45.41048149578273" lon="22.209450379014015">
        <ele>204.23</ele>
      </trkpt>
      <trkpt lat="45.41048761457205" lon="22.2095927875489">
        <ele>204.35</ele>
      </trkpt>
      <trkpt lat="45.410495242103934" lon="22.20974240452051">
        <ele>204.52</ele>
      </trkpt>
      <trkpt lat="45.41051276028156" lon="22.210165606811643">
        <ele>204.76</ele>
      </trkpt>
      <trkpt lat="45.41050873696804" lon="22.21023827791214">
        <ele>204.93</ele>
      </trkpt>
      <trkpt lat="45.410509910434484" lon="22.210449250414968">
        <ele>205.1</ele>
      </trkpt>
      <trkpt lat="45.41051326319575" lon="22.210594257339835">
        <ele>205.27</ele>
      </trkpt>
      <trkpt lat="45.410517202690244" lon="22.210804307833314">
        <ele>205.42</ele>
      </trkpt>
      <trkpt lat="45.410524662584066" lon="22.21094721928239">
        <ele>205.57</ele>
      </trkpt>
      <trkpt lat="45.4105369001627" lon="22.211149306967854">
        <ele>205.71</ele>
      </trkpt>
      <trkpt lat="45.41053396649659" lon="22.21121594309807">
        <ele>205.85</ele>
      </trkpt>
      <trkpt lat="45.41053036227822" lon="22.21140663139522">
        <ele>205.95</ele>
      </trkpt>
      <trkpt lat="45.41052533313632" lon="22.211520709097385">
        <ele>206.05</ele>
      </trkpt>
      <trkpt lat="45.4105107486248" lon="22.211571503430605">
        <ele>206.14</ele>
      </trkpt>
      <trkpt lat="45.41047990322113" lon="22.211614502593875">
        <ele>206.25</ele>
      </trkpt>
      <trkpt lat="45.41044268757105" lon="22.211642498150468">
        <ele>206.37</ele>
      </trkpt>
      <trkpt lat="45.41035417467356" lon="22.21165766939521">
        <ele>206.49</ele>
      </trkpt>
      <trkpt lat="45.41006164625287" lon="22.211669236421585">
        <ele>206.61</ele>
      </trkpt>
      <trkpt lat="45.40991940535605" lon="22.211692705750465">
        <ele>206.73</ele>
      </trkpt>
      <trkpt lat="45.40971874259412" lon="22.211681557819247">
        <ele>206.79</ele>
      </trkpt>
      <trkpt lat="45.40952361188829" lon="22.211614502593875">
        <ele>206.92</ele>
      </trkpt>
      <trkpt lat="45.409326050430536" lon="22.21153076738119">
        <ele>207.07</ele>
      </trkpt>
      <trkpt lat="45.40913033299148" lon="22.211453737691045">
        <ele>207.23</ele>
      </trkpt>
      <trkpt lat="45.40898675099015" lon="22.211391711607575">
        <ele>207.37</ele>
      </trkpt>
      <trkpt lat="45.40894056670368" lon="22.211364218965173">
        <ele>207.49</ele>
      </trkpt>
      <trkpt lat="45.40872758254409" lon="22.21125315874815">
        <ele>207.61</ele>
      </trkpt>
      <trkpt lat="45.40865231305361" lon="22.21122088842094">
        <ele>207.7</ele>
      </trkpt>
      <trkpt lat="45.408573020249605" lon="22.211184091866016">
        <ele>207.78</ele>
      </trkpt>
      <trkpt lat="45.40844435803592" lon="22.211133129894733">
        <ele>207.81</ele>
      </trkpt>
      <trkpt lat="45.40831100195646" lon="22.211080072447658">
        <ele>207.83</ele>
      </trkpt>
      <trkpt lat="45.40803523734212" lon="22.210973957553506">
        <ele>207.79</ele>
      </trkpt>
      <trkpt lat="45.40798754431307" lon="22.210955349728465">
        <ele>207.8</ele>
      </trkpt>
      <trkpt lat="45.407802890986204" lon="22.210857281461358">
        <ele>207.86</ele>
      </trkpt>
      <trkpt lat="45.40771295316517" lon="22.21076558344066">
        <ele>207.89</ele>
      </trkpt>
      <trkpt lat="45.407667104154825" lon="22.210722751915455">
        <ele>207.89</ele>
      </trkpt>
      <trkpt lat="45.40757414884865" lon="22.210706658661366">
        <ele>207.88</ele>
      </trkpt>
      <trkpt lat="45.40748261846602" lon="22.210826352238655">
        <ele>207.83</ele>
      </trkpt>
      <trkpt lat="45.40740190073848" lon="22.21102642826736">
        <ele>207.74</ele>
      </trkpt>
      <trkpt lat="45.407385136932135" lon="22.211090801283717">
        <ele>207.65</ele>
      </trkpt>
      <trkpt lat="45.40735739283264" lon="22.211204543709755">
        <ele>207.54</ele>
      </trkpt>
      <trkpt lat="45.40731690824032" lon="22.211343850940466">
        <ele>207.44</ele>
      </trkpt>
      <trkpt lat="45.40727365761995" lon="22.211492210626602">
        <ele>207.32</ele>
      </trkpt>
      <trkpt lat="45.40722914971411" lon="22.211622297763824">
        <ele>207.16</ele>
      </trkpt>
      <trkpt lat="45.40718765929341" lon="22.211709888651967">
        <ele>207.0</ele>
      </trkpt>
      <trkpt lat="45.40716402232647" lon="22.21178130246699">
        <ele>206.82</ele>
      </trkpt>
      <trkpt lat="45.40712404064834" lon="22.211848525330424">
        <ele>206.64</ele>
      </trkpt>
      <trkpt lat="45.40703812614083" lon="22.211951790377498">
        <ele>206.42</ele>
      </trkpt>
      <trkpt lat="45.40699973702431" lon="22.21198607236147">
        <ele>206.23</ele>
      </trkpt>
      <trkpt lat="45.40696118026972" lon="22.212019683793187">
        <ele>206.05</ele>
      </trkpt>
      <trkpt lat="45.406925305724144" lon="22.21205740235746">
        <ele>205.87</ele>
      </trkpt>
      <trkpt lat="45.4068049415946" lon="22.21220542676747">
        <ele>205.66</ele>
      </trkpt>
      <trkpt lat="45.40677510201931" lon="22.2122417204082">
        <ele>205.49</ele>
      </trkpt>
      <trkpt lat="45.40672279894352" lon="22.212334340438247">
        <ele>205.33</ele>
      </trkpt>
      <trkpt lat="45.40667946450412" lon="22.212437689304352">
        <ele>205.19</ele>
      </trkpt>
      <trkpt lat="45.40657619945705" lon="22.212639693170786">
        <ele>205.07</ele>
      </trkpt>
      <trkpt lat="45.4064732696861" lon="22.21284127794206">
        <ele>205.01</ele>
      </trkpt>
      <trkpt lat="45.40642809122801" lon="22.212939094752073">
        <ele>204.95</ele>
      </trkpt>
      <trkpt lat="45.40637243539095" lon="22.213025595992804">
        <ele>204.89</ele>
      </trkpt>
      <trkpt lat="45.40634569711983" lon="22.213071528822184">
        <ele>204.81</ele>
      </trkpt>
      <trkpt lat="45.40628903545439" lon="22.213161550462246">
        <ele>204.74</ele>
      </trkpt>
      <trkpt lat="45.40624737739563" lon="22.21326682716608">
        <ele>204.68</ele>
      </trkpt>
      <trkpt lat="45.406197253614664" lon="22.213364643976092">
        <ele>204.62</ele>
      </trkpt>
      <trkpt lat="45.40614335797727" lon="22.213454330340028">
        <ele>204.57</ele>
      </trkpt>
      <trkpt lat="45.4061141051352" lon="22.213490959256887">
        <ele>204.53</ele>
      </trkpt>
      <trkpt lat="45.40608074516058" lon="22.213518703356385">
        <ele>204.5</ele>
      </trkpt>
      <trkpt lat="45.40599290281534" lon="22.21356245689094">
        <ele>204.48</ele>
      </trkpt>
      <trkpt lat="45.40585778653622" lon="22.21364066004753">
        <ele>204.47</ele>
      </trkpt>
      <trkpt lat="45.40581294335425" lon="22.21366211771965">
        <ele>204.47</ele>
      </trkpt>
      <trkpt lat="45.405805399641395" lon="22.213670164346695">
        <ele>204.48</ele>
      </trkpt>
      <trkpt lat="45.40579433552921" lon="22.213680474087596">
        <ele>204.49</ele>
      </trkpt>
      <trkpt lat="45.40574069134891" lon="22.21371534280479">
        <ele>204.5</ele>
      </trkpt>
      <trkpt lat="45.405719485133886" lon="22.213732609525323">
        <ele>204.52</ele>
      </trkpt>
      <trkpt lat="45.405696518719196" lon="22.213753731921315">
        <ele>204.55</ele>
      </trkpt>
      <trkpt lat="45.4056497476995" lon="22.213800000026822">
        <ele>204.59</ele>
      </trkpt>
      <trkpt lat="45.4055995400995" lon="22.213858338072896">
        <ele>204.61</ele>
      </trkpt>
      <trkpt lat="45.40553692728281" lon="22.213908629491925">
        <ele>204.68</ele>
      </trkpt>
      <trkpt lat="45.4055046569556" lon="22.213925225660205">
        <ele>204.75</ele>
      </trkpt>
      <trkpt lat="45.40547330863774" lon="22.213936122134328">
        <ele>204.82</ele>
      </trkpt>
      <trkpt lat="45.40533651597798" lon="22.213907036930323">
        <ele>204.88</ele>
      </trkpt>
      <trkpt lat="45.405125292018056" lon="22.21397291868925">
        <ele>205.0</ele>
      </trkpt>
      <trkpt lat="45.40509042330086" lon="22.213988173753023">
        <ele>205.09</ele>
      </trkpt>
      <trkpt lat="45.40501859039068" lon="22.21400569193065">
        <ele>205.19</ele>
      </trkpt>
      <trkpt lat="45.40486109443009" lon="22.2140153311193">
        <ele>205.31</ele>
      </trkpt>
      <trkpt lat="45.40478331036866" lon="22.2140187676996">
        <ele>205.4</ele>
      </trkpt>
      <trkpt lat="45.404575606808066" lon="22.214041566476226">
        <ele>205.49</ele>
      </trkpt>
      <trkpt lat="45.40441199205816" lon="22.214123457670212">
        <ele>205.57</ele>
      </trkpt>
      <trkpt lat="45.40429498068988" lon="22.214199984446168">
        <ele>205.66</ele>
      </trkpt>
      <trkpt lat="45.404179813340306" lon="22.214283300563693">
        <ele>205.74</ele>
      </trkpt>
      <trkpt lat="45.4040714353323" lon="22.21438086591661">
        <ele>205.82</ele>
      </trkpt>
      <trkpt lat="45.40400119498372" lon="22.214437695220113">
        <ele>205.89</ele>
      </trkpt>
      <trkpt lat="45.40385887026787" lon="22.21454842016101">
        <ele>205.96</ele>
      </trkpt>
      <trkpt lat="45.40382198989391" lon="22.214572727680206">
        <ele>206.03</ele>
      </trkpt>
      <trkpt lat="45.403602719306946" lon="22.214734749868512">
        <ele>206.07</ele>
      </trkpt>
      <trkpt lat="45.40345276705921" lon="22.214856119826436">
        <ele>206.15</ele>
      </trkpt>
      <trkpt lat="45.40334799326956" lon="22.214973969385028">
        <ele>206.24</ele>
      </trkpt>
      <trkpt lat="45.403086645528674" lon="22.215200029313564">
        <ele>206.31</ele>
      </trkpt>
      <trkpt lat="45.403025122359395" lon="22.21527513116598">
        <ele>206.35</ele>
      </trkpt>
      <trkpt lat="45.40295320563018" lon="22.215397087857127">
        <ele>206.38</ele>
      </trkpt>
      <trkpt lat="45.40289528667927" lon="22.215466490015388">
        <ele>206.41</ele>
      </trkpt>
      <trkpt lat="45.40279084816575" lon="22.21553597599268">
        <ele>206.41</ele>
      </trkpt>
      <trkpt lat="45.402487087994814" lon="22.215640833601356">
        <ele>206.44</ele>
      </trkpt>
      <trkpt lat="45.40232623927295" lon="22.21566547639668">
        <ele>206.48</ele>
      </trkpt>
      <trkpt lat="45.40216530673206" lon="22.215690203011036">
        <ele>206.49</ele>
      </trkpt>
      <trkpt lat="45.40212431922555" lon="22.21569674089551">
        <ele>206.52</ele>
      </trkpt>
      <trkpt lat="45.4020422603935" lon="22.215719455853105">
        <ele>206.55</ele>
      </trkpt>
      <trkpt lat="45.40192692540586" lon="22.21578332595527">
        <ele>206.59</ele>
      </trkpt>
      <trkpt lat="45.4018921405077" lon="22.21581601537764">
        <ele>206.6</ele>
      </trkpt>
      <trkpt lat="45.401826091110706" lon="22.21588935703039">
        <ele>206.62</ele>
      </trkpt>
      <trkpt lat="45.40172307752073" lon="22.216059677302837">
        <ele>206.63</ele>
      </trkpt>
      <trkpt lat="45.40163372643292" lon="22.21614391542971">
        <ele>206.64</ele>
      </trkpt>
      <trkpt lat="45.4016035515815" lon="22.216169396415353">
        <ele>206.65</ele>
      </trkpt>
      <trkpt lat="45.40152333676815" lon="22.216252628713846">
        <ele>206.67</ele>
      </trkpt>
      <trkpt lat="45.40137933567166" lon="22.21650785766542">
        <ele>206.68</ele>
      </trkpt>
      <trkpt lat="45.40131580084562" lon="22.216589329764247">
        <ele>206.69</ele>
      </trkpt>
      <trkpt lat="45.4012842848897" lon="22.216628389433026">
        <ele>206.7</ele>
      </trkpt>
      <trkpt lat="45.401221588253975" lon="22.216708352789283">
        <ele>206.69</ele>
      </trkpt>
      <trkpt lat="45.4011841211468" lon="22.216737689450383">
        <ele>206.72</ele>
      </trkpt>
      <trkpt lat="45.40114061906934" lon="22.216760152950883">
        <ele>206.75</ele>
      </trkpt>
      <trkpt lat="45.4010474961251" lon="22.21678739413619">
        <ele>206.79</ele>
      </trkpt>
      <trkpt lat="45.40094951167703" lon="22.21680348739028">
        <ele>206.83</ele>
      </trkpt>
      <trkpt lat="45.40076410397887" lon="22.21684363670647">
        <ele>206.89</ele>
      </trkpt>
      <trkpt lat="45.40068028494716" lon="22.216893006116152">
        <ele>206.96</ele>
      </trkpt>
      <trkpt lat="45.40059923194349" lon="22.21695846877992">
        <ele>207.04</ele>
      </trkpt>
      <trkpt lat="45.40041063912213" lon="22.217111941426992">
        <ele>207.16</ele>
      </trkpt>
      <trkpt lat="45.40037954226136" lon="22.21714169718325">
        <ele>207.24</ele>
      </trkpt>
      <trkpt lat="45.40022321976721" lon="22.217311933636665">
        <ele>207.28</ele>
      </trkpt>
      <trkpt lat="45.40015675127506" lon="22.217361303046346">
        <ele>207.35</ele>
      </trkpt>
      <trkpt lat="45.3999771270901" lon="22.21745585091412">
        <ele>207.46</ele>
      </trkpt>
      <trkpt lat="45.399825582280755" lon="22.217521900311112">
        <ele>207.56</ele>
      </trkpt>
      <trkpt lat="45.399605641141534" lon="22.21767864190042">
        <ele>207.65</ele>
      </trkpt>
      <trkpt lat="45.39942987263203" lon="22.217780482023954">
        <ele>207.76</ele>
      </trkpt>
      <trkpt lat="45.39914748631418" lon="22.217940157279372">
        <ele>207.85</ele>
      </trkpt>
      <trkpt lat="45.3989184089005" lon="22.21814434044063">
        <ele>207.89</ele>
      </trkpt>
      <trkpt lat="45.398742221295834" lon="22.218258501961827">
        <ele>207.95</ele>
      </trkpt>
      <trkpt lat="45.39866544306278" lon="22.218286162242293">
        <ele>208.02</ele>
      </trkpt>
      <trkpt lat="45.39846905507147" lon="22.218311727046967">
        <ele>208.11</ele>
      </trkpt>
      <trkpt lat="45.39835313335061" lon="22.21831625327468">
        <ele>208.22</ele>
      </trkpt>
      <trkpt lat="45.398280546069145" lon="22.21835346892476">
        <ele>208.32</ele>
      </trkpt>
      <trkpt lat="45.39818339981139" lon="22.218436617404222">
        <ele>208.43</ele>
      </trkpt>
      <trkpt lat="45.398115925490856" lon="22.21848531626165">
        <ele>208.54</ele>
      </trkpt>
      <trkpt lat="45.398055743426085" lon="22.218532506376505">
        <ele>208.64</ele>
      </trkpt>
      <trkpt lat="45.39799053221941" lon="22.218577517196536">
        <ele>208.74</ele>
      </trkpt>
      <trkpt lat="45.397840747609735" lon="22.218699138611555">
        <ele>208.86</ele>
      </trkpt>
      <trkpt lat="45.39769113063812" lon="22.218820760026574">
        <ele>208.95</ele>
      </trkpt>
      <trkpt lat="45.39748661220074" lon="22.219070373103023">
        <ele>209.0</ele>
      </trkpt>
      <trkpt lat="45.3974299505353" lon="22.21914555877447">
        <ele>209.08</ele>
      </trkpt>
      <trkpt lat="45.39726574905217" lon="22.219322165474296">
        <ele>209.17</ele>
      </trkpt>
      <trkpt lat="45.39718804880977" lon="22.219384526833892">
        <ele>209.26</ele>
      </trkpt>
      <trkpt lat="45.39713038131595" lon="22.219437416642904">
        <ele>209.35</ele>
      </trkpt>
      <trkpt lat="45.39706785231829" lon="22.219479912891984">
        <ele>209.43</ele>
      </trkpt>
      <trkpt lat="45.39687272161245" lon="22.2196361515671">
        <ele>209.52</ele>
      </trkpt>
      <trkpt lat="45.39663601666689" lon="22.219817033037543">
        <ele>209.6</ele>
      </trkpt>
      <trkpt lat="45.396544486284256" lon="22.21993706189096">
        <ele>209.68</ele>
      </trkpt>
      <trkpt lat="45.39647734723985" lon="22.220087433233857">
        <ele>209.76</ele>
      </trkpt>
      <trkpt lat="45.396344074979424" lon="22.22030444070697">
        <ele>209.84</ele>
      </trkpt>
      <trkpt lat="45.39631264284253" lon="22.22034207545221">
        <ele>209.92</ele>
      </trkpt>
      <trkpt lat="45.39628372527659" lon="22.220379626378417">
        <ele>210.0</ele>
      </trkpt>
      <trkpt lat="45.396189177408814" lon="22.220478784292936">
        <ele>210.1</ele>
      </trkpt>
      <trkpt lat="45.39615732617676" lon="22.220508456230164">
        <ele>210.18</ele>
      </trkpt>
      <trkpt lat="45.39599211886525" lon="22.220663772895932">
        <ele>210.27</ele>
      </trkpt>
      <trkpt lat="45.39582699537277" lon="22.2208190895617">
        <ele>210.37</ele>
      </trkpt>
      <trkpt lat="45.39572096429765" lon="22.22091439180076">
        <ele>210.42</ele>
      </trkpt>
      <trkpt lat="45.39568508975208" lon="22.220944399014115">
        <ele>210.47</ele>
      </trkpt>
      <trkpt lat="45.39556799456477" lon="22.221018578857183">
        <ele>210.51</ele>
      </trkpt>
      <trkpt lat="45.39547713473439" lon="22.22105696797371">
        <ele>210.54</ele>
      </trkpt>
      <trkpt lat="45.39534646086395" lon="22.221071552485228">
        <ele>210.56</ele>
      </trkpt>
      <trkpt lat="45.395305724814534" lon="22.22106920555234">
        <ele>210.58</ele>
      </trkpt>
      <trkpt lat="45.395262306556106" lon="22.221068870276213">
        <ele>210.59</ele>
      </trkpt>
      <trkpt lat="45.39518276229501" lon="22.22110482864082">
        <ele>210.59</ele>
      </trkpt>
      <trkpt lat="45.395154263824224" lon="22.221145816147327">
        <ele>210.58</ele>
      </trkpt>
      <trkpt lat="45.39512878283858" lon="22.221190659329295">
        <ele>210.57</ele>
      </trkpt>
      <trkpt lat="45.39505636319518" lon="22.221256205812097">
        <ele>210.55</ele>
      </trkpt>
      <trkpt lat="45.39501671679318" lon="22.2212715446949">
        <ele>210.53</ele>
      </trkpt>
      <trkpt lat="45.39493449032307" lon="22.221291325986385">
        <ele>210.5</ele>
      </trkpt>
      <trkpt lat="45.394767355173826" lon="22.221290823072195">
        <ele>210.44</ele>
      </trkpt>
      <trkpt lat="45.3945873118937" lon="22.221295349299908">
        <ele>210.41</ele>
      </trkpt>
      <trkpt lat="45.394510282203555" lon="22.22134094685316">
        <ele>210.38</ele>
      </trkpt>
      <trkpt lat="45.39444146677852" lon="22.221417473629117">
        <ele>210.34</ele>
      </trkpt>
      <trkpt lat="45.394410621374846" lon="22.221457371488214">
        <ele>210.3</ele>
      </trkpt>
      <trkpt lat="45.39435957558453" lon="22.221560468897223">
        <ele>210.26</ele>
      </trkpt>
      <trkpt lat="45.394264021888375" lon="22.221767585724592">
        <ele>210.21</ele>
      </trkpt>
      <trkpt lat="45.394197553396225" lon="22.221846794709563">
        <ele>210.19</ele>
      </trkpt>
      <trkpt lat="45.39415857754648" lon="22.22187990322709">
        <ele>210.17</ele>
      </trkpt>
      <trkpt lat="45.39399353787303" lon="22.221961794421077">
        <ele>210.1</ele>
      </trkpt>
      <trkpt lat="45.3939157538116" lon="22.222005128860474">
        <ele>210.1</ele>
      </trkpt>
      <trkpt lat="45.393788600340486" lon="22.222012002021074">
        <ele>210.11</ele>
      </trkpt>
      <trkpt lat="45.39362330920994" lon="22.22199280746281">
        <ele>210.13</ele>
      </trkpt>
      <trkpt lat="45.3935806453228" lon="22.221996244043112">
        <ele>210.15</ele>
      </trkpt>
      <trkpt lat="45.393538819625974" lon="22.222010074183345">
        <ele>210.19</ele>
      </trkpt>
      <trkpt lat="45.393419964239" lon="22.22205877304077">
        <ele>210.26</ele>
      </trkpt>
      <trkpt lat="45.393340000882745" lon="22.222039494663477">
        <ele>210.33</ele>
      </trkpt>
      <trkpt lat="45.3932716883719" lon="22.221972104161978">
        <ele>210.39</ele>
      </trkpt>
      <trkpt lat="45.39321519434452" lon="22.221886357292533">
        <ele>210.45</ele>
      </trkpt>
      <trkpt lat="45.39318812079728" lon="22.22184419631958">
        <ele>210.5</ele>
      </trkpt>
      <trkpt lat="45.39313053712249" lon="22.22177814692259">
        <ele>210.57</ele>
      </trkpt>
      <trkpt lat="45.39309734478593" lon="22.22176155075431">
        <ele>210.64</ele>
      </trkpt>
      <trkpt lat="45.393061554059386" lon="22.221755515784025">
        <ele>210.72</ele>
      </trkpt>
      <trkpt lat="45.39295359514654" lon="22.221789797767997">
        <ele>210.81</ele>
      </trkpt>
      <trkpt lat="45.39284982718527" lon="22.221834054216743">
        <ele>210.93</ele>
      </trkpt>
      <trkpt lat="45.39276265539229" lon="22.221873700618744">
        <ele>211.04</ele>
      </trkpt>
      <trkpt lat="45.3927085082978" lon="22.221914855763316">
        <ele>211.11</ele>
      </trkpt>
      <trkpt lat="45.392510779201984" lon="22.22206899896264">
        <ele>211.17</ele>
      </trkpt>
      <trkpt lat="45.392449675127864" lon="22.22210856154561">
        <ele>211.22</ele>
      </trkpt>
      <trkpt lat="45.392350517213345" lon="22.22217838279903">
        <ele>211.25</ele>
      </trkpt>
      <trkpt lat="45.39219821803272" lon="22.222245689481497">
        <ele>211.26</ele>
      </trkpt>
      <trkpt lat="45.39204583503306" lon="22.222313163802028">
        <ele>211.27</ele>
      </trkpt>
      <trkpt lat="45.391919100657105" lon="22.222347864881158">
        <ele>211.29</ele>
      </trkpt>
      <trkpt lat="45.391919016838074" lon="22.22234794870019">
        <ele>211.29</ele>
      </trkpt>
      <trkpt lat="45.39174241013825" lon="22.222411651164293">
        <ele>211.29</ele>
      </trkpt>
      <trkpt lat="45.39169957861304" lon="22.222420452162623">
        <ele>211.31</ele>
      </trkpt>
      <trkpt lat="45.39161634631455" lon="22.222427409142256">
        <ele>211.33</ele>
      </trkpt>
      <trkpt lat="45.39154065772891" lon="22.222410812973976">
        <ele>211.38</ele>
      </trkpt>
      <trkpt lat="45.39146823808551" lon="22.22237778827548">
        <ele>211.42</ele>
      </trkpt>
      <trkpt lat="45.39135256782174" lon="22.22234702669084">
        <ele>211.47</ele>
      </trkpt>
      <trkpt lat="45.39123807102442" lon="22.222348283976316">
        <ele>211.53</ele>
      </trkpt>
      <trkpt lat="45.39099474437535" lon="22.222374100238085">
        <ele>211.58</ele>
      </trkpt>
      <trkpt lat="45.39095442742109" lon="22.2223889362067">
        <ele>211.61</ele>
      </trkpt>
      <trkpt lat="45.390792321413755" lon="22.222407292574644">
        <ele>211.64</ele>
      </trkpt>
      <trkpt lat="45.390630131587386" lon="22.22242573276162">
        <ele>211.7</ele>
      </trkpt>
      <trkpt lat="45.39059174247086" lon="22.22243486903608">
        <ele>211.74</ele>
      </trkpt>
      <trkpt lat="45.39051513187587" lon="22.222472922876477">
        <ele>211.77</ele>
      </trkpt>
      <trkpt lat="45.39045201614499" lon="22.2225409001112">
        <ele>211.78</ele>
      </trkpt>
      <trkpt lat="45.390390660613775" lon="22.222619773820043">
        <ele>211.8</ele>
      </trkpt>
      <trkpt lat="45.3902805224061" lon="22.22270216792822">
        <ele>211.8</ele>
      </trkpt>
      <trkpt lat="45.39008463732898" lon="22.222825046628714">
        <ele>211.79</ele>
      </trkpt>
      <trkpt lat="45.390013894066215" lon="22.22289771772921">
        <ele>211.81</ele>
      </trkpt>
      <trkpt lat="45.389976846054196" lon="22.222933089360595">
        <ele>211.84</ele>
      </trkpt>
      <trkpt lat="45.38993652909994" lon="22.222963934764266">
        <ele>211.87</ele>
      </trkpt>
      <trkpt lat="45.389770567417145" lon="22.22303157672286">
        <ele>211.91</ele>
      </trkpt>
      <trkpt lat="45.38957057520747" lon="22.223096704110503">
        <ele>211.98</ele>
      </trkpt>
      <trkpt lat="45.38952883332968" lon="22.223111372441053">
        <ele>212.04</ele>
      </trkpt>
      <trkpt lat="45.389445601031184" lon="22.223146995529532">
        <ele>212.11</ele>
      </trkpt>
      <trkpt lat="45.38936119526625" lon="22.2231572214514">
        <ele>212.2</ele>
      </trkpt>
      <trkpt lat="45.38932288996875" lon="22.22315227612853">
        <ele>212.28</ele>
      </trkpt>
      <trkpt lat="45.38923328742385" lon="22.223102655261755">
        <ele>212.38</ele>
      </trkpt>
      <trkpt lat="45.389202777296305" lon="22.2230813652277">
        <ele>212.46</ele>
      </trkpt>
      <trkpt lat="45.38909808732569" lon="22.22298312932253">
        <ele>212.56</ele>
      </trkpt>
      <trkpt lat="45.389036647975445" lon="22.222932167351246">
        <ele>212.62</ele>
      </trkpt>
      <trkpt lat="45.388793740421534" lon="22.222736701369286">
        <ele>212.65</ele>
      </trkpt>
      <trkpt lat="45.38864487782121" lon="22.222595885396004">
        <ele>212.68</ele>
      </trkpt>
      <trkpt lat="45.38862191140652" lon="22.22255758009851">
        <ele>212.76</ele>
      </trkpt>
      <trkpt lat="45.388599280267954" lon="22.22251701168716">
        <ele>212.85</ele>
      </trkpt>
      <trkpt lat="45.38847397081554" lon="22.22241248935461">
        <ele>212.94</ele>
      </trkpt>
      <trkpt lat="45.38829518482089" lon="22.222377620637417">
        <ele>213.05</ele>
      </trkpt>
      <trkpt lat="45.388121930882335" lon="22.222308972850442">
        <ele>213.19</ele>
      </trkpt>
      <trkpt lat="45.38805386982858" lon="22.222284078598022">
        <ele>213.32</ele>
      </trkpt>
      <trkpt lat="45.38777081295848" lon="22.222158098593354">
        <ele>213.49</ele>
      </trkpt>
      <trkpt lat="45.387688502669334" lon="22.222094060853124">
        <ele>213.61</ele>
      </trkpt>
      <trkpt lat="45.387587416917086" lon="22.222062209621072">
        <ele>213.72</ele>
      </trkpt>
      <trkpt lat="45.38747283630073" lon="22.222027173265815">
        <ele>213.82</ele>
      </trkpt>
      <trkpt lat="45.387364123016596" lon="22.221965231001377">
        <ele>213.92</ele>
      </trkpt>
      <trkpt lat="45.387268820777535" lon="22.221863055601716">
        <ele>214.01</ele>
      </trkpt>
      <trkpt lat="45.387223893776536" lon="22.221772531047463">
        <ele>214.09</ele>
      </trkpt>
      <trkpt lat="45.387176871299744" lon="22.22167605534196">
        <ele>214.15</ele>
      </trkpt>
      <trkpt lat="45.38712481968105" lon="22.221590224653482">
        <ele>214.19</ele>
      </trkpt>
      <trkpt lat="45.38708207197487" lon="22.221490144729614">
        <ele>214.23</ele>
      </trkpt>
      <trkpt lat="45.38706581108272" lon="22.22137028351426">
        <ele>214.26</ele>
      </trkpt>
      <trkpt lat="45.387077713385224" lon="22.221314292401075">
        <ele>214.29</ele>
      </trkpt>
      <trkpt lat="45.38715373724699" lon="22.22109854221344">
        <ele>214.33</ele>
      </trkpt>
      <trkpt lat="45.38716647773981" lon="22.220977004617453">
        <ele>214.33</ele>
      </trkpt>
      <trkpt lat="45.38716211915016" lon="22.220916152000427">
        <ele>214.32</ele>
      </trkpt>
      <trkpt lat="45.38713479414582" lon="22.22079947590828">
        <ele>214.29</ele>
      </trkpt>
      <trkpt lat="45.38706623017788" lon="22.220656732097268">
        <ele>214.27</ele>
      </trkpt>
      <trkpt lat="45.386989284306765" lon="22.22047945484519">
        <ele>214.26</ele>
      </trkpt>
      <trkpt lat="45.386948799714446" lon="22.22038172185421">
        <ele>214.23</ele>
      </trkpt>
      <trkpt lat="45.386903285980225" lon="22.220284659415483">
        <ele>214.21</ele>
      </trkpt>
      <trkpt lat="45.38681770674884" lon="22.22013839520514">
        <ele>214.22</ele>
      </trkpt>
      <trkpt lat="45.38679859600961" lon="22.220085505396128">
        <ele>214.19</ele>
      </trkpt>
      <trkpt lat="45.38678543642163" lon="22.22003144212067">
        <ele>214.16</ele>
      </trkpt>
      <trkpt lat="45.38677244447172" lon="22.219925662502646">
        <ele>214.12</ele>
      </trkpt>
      <trkpt lat="45.386778227984905" lon="22.219818038865924">
        <ele>214.06</ele>
      </trkpt>
      <trkpt lat="45.386736234650016" lon="22.219558116048574">
        <ele>214.04</ele>
      </trkpt>
      <trkpt lat="45.386653086170554" lon="22.21935317851603">
        <ele>214.05</ele>
      </trkpt>
      <trkpt lat="45.38654965348542" lon="22.219088058918715">
        <ele>213.99</ele>
      </trkpt>
      <trkpt lat="45.38648921996355" lon="22.218868536874652">
        <ele>213.96</ele>
      </trkpt>
      <trkpt lat="45.386487543582916" lon="22.218810534104705">
        <ele>213.94</ele>
      </trkpt>
      <trkpt lat="45.38653456605971" lon="22.21866519190371">
        <ele>213.92</ele>
      </trkpt>
      <trkpt lat="45.38654345087707" lon="22.218613978475332">
        <ele>213.93</ele>
      </trkpt>
      <trkpt lat="45.3865369129926" lon="22.218505013734102">
        <ele>213.96</ele>
      </trkpt>
      <trkpt lat="45.38651017472148" lon="22.218396719545126">
        <ele>214.01</ele>
      </trkpt>
      <trkpt lat="45.38649667985737" lon="22.21834357827902">
        <ele>214.06</ele>
      </trkpt>
      <trkpt lat="45.38646273314953" lon="22.21818968653679">
        <ele>214.13</ele>
      </trkpt>
      <trkpt lat="45.38643096573651" lon="22.218036046251655">
        <ele>214.19</ele>
      </trkpt>
      <trkpt lat="45.386335495859385" lon="22.21775927580893">
        <ele>214.28</ele>
      </trkpt>
      <trkpt lat="45.38625913672149" lon="22.217642264440656">
        <ele>214.37</ele>
      </trkpt>
      <trkpt lat="45.386242121458054" lon="22.217606892809272">
        <ele>214.47</ele>
      </trkpt>
      <trkpt lat="45.38620415143669" lon="22.21753103658557">
        <ele>214.58</ele>
      </trkpt>
      <trkpt lat="45.386133743450046" lon="22.217310843989253">
        <ele>214.7</ele>
      </trkpt>
      <trkpt lat="45.38607825525105" lon="22.21715343184769">
        <ele>214.83</ele>
      </trkpt>
      <trkpt lat="45.38600248284638" lon="22.217015381902456">
        <ele>214.97</ele>
      </trkpt>
      <trkpt lat="45.38592469878495" lon="22.21695503219962">
        <ele>215.11</ele>
      </trkpt>
      <trkpt lat="45.38586812093854" lon="22.216948242858052">
        <ele>215.26</ele>
      </trkpt>
      <trkpt lat="45.38573417812586" lon="22.216974645853043">
        <ele>215.39</ele>
      </trkpt>
      <trkpt lat="45.38570995442569" lon="22.216975316405296">
        <ele>215.53</ele>
      </trkpt>
      <trkpt lat="45.38564960472286" lon="22.21697791479528">
        <ele>215.67</ele>
      </trkpt>
      <trkpt lat="45.385474003851414" lon="22.216937011107802">
        <ele>215.84</ele>
      </trkpt>
      <trkpt lat="45.38522464223206" lon="22.216927288100123">
        <ele>216.01</ele>
      </trkpt>
      <trkpt lat="45.38521911017597" lon="22.216929467394948">
        <ele>216.16</ele>
      </trkpt>
      <trkpt lat="45.38520812988281" lon="22.216919576749206">
        <ele>216.3</ele>
      </trkpt>
      <trkpt lat="45.38519253954291" lon="22.216906920075417">
        <ele>216.44</ele>
      </trkpt>
      <trkpt lat="45.38515381515026" lon="22.216877080500126">
        <ele>216.58</ele>
      </trkpt>
      <trkpt lat="45.38507125340402" lon="22.216810947284102">
        <ele>216.7</ele>
      </trkpt>
      <trkpt lat="45.3849964030087" lon="22.21677557565272">
        <ele>216.82</ele>
      </trkpt>
      <trkpt lat="45.38492758758366" lon="22.21677272580564">
        <ele>216.95</ele>
      </trkpt>
      <trkpt lat="45.3848513122648" lon="22.216810612007976">
        <ele>217.07</ele>
      </trkpt>
      <trkpt lat="45.38469498977065" lon="22.216902980580926">
        <ele>217.2</ele>
      </trkpt>
      <trkpt lat="45.38466037251055" lon="22.21691932529211">
        <ele>217.32</ele>
      </trkpt>
      <trkpt lat="45.384548138827085" lon="22.216967018321157">
        <ele>217.43</ele>
      </trkpt>
      <trkpt lat="45.384449400007725" lon="22.217003982514143">
        <ele>217.54</ele>
      </trkpt>
      <trkpt lat="45.38428008556366" lon="22.217067684978247">
        <ele>217.66</ele>
      </trkpt>
      <trkpt lat="45.38413709029555" lon="22.21707765944302">
        <ele>217.75</ele>
      </trkpt>
      <trkpt lat="45.38411018438637" lon="22.217069612815976">
        <ele>217.84</ele>
      </trkpt>
      <trkpt lat="45.38397096097469" lon="22.21708788536489">
        <ele>217.94</ele>
      </trkpt>
      <trkpt lat="45.38383651524782" lon="22.217160891741514">
        <ele>218.04</ele>
      </trkpt>
      <trkpt lat="45.38375537842512" lon="22.217303635552526">
        <ele>218.09</ele>
      </trkpt>
      <trkpt lat="45.383709110319614" lon="22.217421820387244">
        <ele>218.14</ele>
      </trkpt>
      <trkpt lat="45.383659237995744" lon="22.217591889202595">
        <ele>218.18</ele>
      </trkpt>
      <trkpt lat="45.383612886071205" lon="22.2177073918283">
        <ele>218.22</ele>
      </trkpt>
      <trkpt lat="45.38344885222614" lon="22.217809231951833">
        <ele>218.3</ele>
      </trkpt>
      <trkpt lat="45.383203346282244" lon="22.217853404581547">
        <ele>218.37</ele>
      </trkpt>
      <trkpt lat="45.38306378759444" lon="22.217832198366523">
        <ele>218.42</ele>
      </trkpt>
      <trkpt lat="45.38282339461148" lon="22.21783203072846">
        <ele>218.54</ele>
      </trkpt>
      <trkpt lat="45.38279472850263" lon="22.21783982589841">
        <ele>218.6</ele>
      </trkpt>
      <trkpt lat="45.38271702826023" lon="22.21791568212211">
        <ele>218.64</ele>
      </trkpt>
      <trkpt lat="45.38266573101282" lon="22.21805054694414">
        <ele>218.66</ele>
      </trkpt>
      <trkpt lat="45.38262231275439" lon="22.218111399561167">
        <ele>218.71</ele>
      </trkpt>
      <trkpt lat="45.38260026834905" lon="22.21816244535148">
        <ele>218.76</ele>
      </trkpt>
      <trkpt lat="45.38257512263954" lon="22.21820787526667">
        <ele>218.82</ele>
      </trkpt>
      <trkpt lat="45.3825322072953" lon="22.218233859166503">
        <ele>218.9</ele>
      </trkpt>
      <trkpt lat="45.38241846486926" lon="22.218210557475686">
        <ele>219.02</ele>
      </trkpt>
      <trkpt lat="45.382292652502656" lon="22.218192284926772">
        <ele>219.13</ele>
      </trkpt>
      <trkpt lat="45.382231967523694" lon="22.218172755092382">
        <ele>219.25</ele>
      </trkpt>
      <trkpt lat="45.38207019679248" lon="22.21809446811676">
        <ele>219.4</ele>
      </trkpt>
      <trkpt lat="45.38196098059416" lon="22.218009643256664">
        <ele>219.57</ele>
      </trkpt>
      <trkpt lat="45.381878754124045" lon="22.21794493496418">
        <ele>219.74</ele>
      </trkpt>
      <trkpt lat="45.38176056928933" lon="22.217838065698743">
        <ele>219.9</ele>
      </trkpt>
      <trkpt lat="45.38168052211404" lon="22.21775676123798">
        <ele>220.1</ele>
      </trkpt>
      <trkpt lat="45.38157273083925" lon="22.217653077095747">
        <ele>220.34</ele>
      </trkpt>
      <trkpt lat="45.3814909234643" lon="22.21759021282196">
        <ele>220.63</ele>
      </trkpt>
      <trkpt lat="45.381400398910046" lon="22.21752332523465">
        <ele>220.95</ele>
      </trkpt>
      <trkpt lat="45.38137181662023" lon="22.2175052203238">
        <ele>221.3</ele>
      </trkpt>
      <trkpt lat="45.38120853714645" lon="22.217434477061033">
        <ele>221.69</ele>
      </trkpt>
      <trkpt lat="45.381088089197874" lon="22.21739172935486">
        <ele>222.11</ele>
      </trkpt>
      <trkpt lat="45.38089438341558" lon="22.21738837659359">
        <ele>222.6</ele>
      </trkpt>
      <trkpt lat="45.380782736465335" lon="22.21734386868775">
        <ele>223.1</ele>
      </trkpt>
      <trkpt lat="45.380718279629946" lon="22.217283938080072">
        <ele>223.6</ele>
      </trkpt>
      <trkpt lat="45.380660109221935" lon="22.217219481244683">
        <ele>224.13</ele>
      </trkpt>
      <trkpt lat="45.38056304678321" lon="22.217140942811966">
        <ele>224.68</ele>
      </trkpt>
      <trkpt lat="45.38043656386435" lon="22.217071373015642">
        <ele>225.26</ele>
      </trkpt>
      <trkpt lat="45.380402030423284" lon="22.21707573160529">
        <ele>225.8</ele>
      </trkpt>
      <trkpt lat="45.38024788722396" lon="22.21718662418425">
        <ele>226.35</ele>
      </trkpt>
      <trkpt lat="45.38003984838724" lon="22.217375300824642">
        <ele>226.91</ele>
      </trkpt>
      <trkpt lat="45.37987757474184" lon="22.217405140399933">
        <ele>227.49</ele>
      </trkpt>
      <trkpt lat="45.37984572350979" lon="22.2174050565809">
        <ele>228.03</ele>
      </trkpt>
      <trkpt lat="45.379734160378575" lon="22.21740061417222">
        <ele>228.61</ele>
      </trkpt>
      <trkpt lat="45.37968537770212" lon="22.217389717698097">
        <ele>229.15</ele>
      </trkpt>
      <trkpt lat="45.37966215983033" lon="22.21738343127072">
        <ele>229.67</ele>
      </trkpt>
      <trkpt lat="45.37961262278259" lon="22.21736876294017">
        <ele>230.18</ele>
      </trkpt>
      <trkpt lat="45.37949167191982" lon="22.21734344959259">
        <ele>230.69</ele>
      </trkpt>
      <trkpt lat="45.37938362918794" lon="22.21737027168274">
        <ele>231.17</ele>
      </trkpt>
      <trkpt lat="45.37934004329145" lon="22.217387622222304">
        <ele>231.62</ele>
      </trkpt>
      <trkpt lat="45.37924784235656" lon="22.217407068237662">
        <ele>232.07</ele>
      </trkpt>
      <trkpt lat="45.37922613322735" lon="22.217415869235992">
        <ele>232.46</ele>
      </trkpt>
      <trkpt lat="45.37916352041066" lon="22.217466412112117">
        <ele>232.84</ele>
      </trkpt>
      <trkpt lat="45.379143822938204" lon="22.217473201453686">
        <ele>233.17</ele>
      </trkpt>
      <trkpt lat="45.37905212491751" lon="22.21749876625836">
        <ele>233.51</ele>
      </trkpt>
      <trkpt lat="45.379024213179946" lon="22.21751242876053">
        <ele>233.79</ele>
      </trkpt>
      <trkpt lat="45.37888037972152" lon="22.217536652460694">
        <ele>234.06</ele>
      </trkpt>
      <trkpt lat="45.37886202335358" lon="22.217551404610276">
        <ele>234.25</ele>
      </trkpt>
      <trkpt lat="45.37875968031585" lon="22.21765953116119">
        <ele>234.39</ele>
      </trkpt>
      <trkpt lat="45.378693798556924" lon="22.2177729383111">
        <ele>234.52</ele>
      </trkpt>
      <trkpt lat="45.37869497202337" lon="22.217789785936475">
        <ele>234.62</ele>
      </trkpt>
      <trkpt lat="45.3786844946444" lon="22.2178125847131">
        <ele>234.69</ele>
      </trkpt>
      <trkpt lat="45.37865658290684" lon="22.217962872236967">
        <ele>234.69</ele>
      </trkpt>
      <trkpt lat="45.3785932995379" lon="22.21810419112444">
        <ele>234.72</ele>
      </trkpt>
      <trkpt lat="45.378591706976295" lon="22.21816479228437">
        <ele>234.69</ele>
      </trkpt>
      <trkpt lat="45.37858575582504" lon="22.218186166137457">
        <ele>234.66</ele>
      </trkpt>
      <trkpt lat="45.378583408892155" lon="22.218199912458658">
        <ele>234.59</ele>
      </trkpt>
      <trkpt lat="45.378574691712856" lon="22.21824743784964">
        <ele>234.5</ele>
      </trkpt>
      <trkpt lat="45.37856010720134" lon="22.21826311200857">
        <ele>234.24</ele>
      </trkpt>
      <trkpt lat="45.37854409776628" lon="22.2182893473655">
        <ele>234.08</ele>
      </trkpt>
      <trkpt lat="45.378538984805346" lon="22.218306865543127">
        <ele>233.89</ele>
      </trkpt>
      <trkpt lat="45.3785259090364" lon="22.218365371227264">
        <ele>233.68</ele>
      </trkpt>
      <trkpt lat="45.378523310646415" lon="22.218368807807565">
        <ele>233.44</ele>
      </trkpt>
      <trkpt lat="45.378517946228385" lon="22.218388002365828">
        <ele>233.18</ele>
      </trkpt>
      <trkpt lat="45.378513000905514" lon="22.21839839592576">
        <ele>232.89</ele>
      </trkpt>
      <trkpt lat="45.37850101478398" lon="22.218421194702387">
        <ele>232.59</ele>
      </trkpt>
      <trkpt lat="45.37846975028515" lon="22.21846243366599">
        <ele>232.26</ele>
      </trkpt>
      <trkpt lat="45.378408562391996" lon="22.218515910208225">
        <ele>231.91</ele>
      </trkpt>
      <trkpt lat="45.37833002395928" lon="22.218565698713064">
        <ele>231.54</ele>
      </trkpt>
      <trkpt lat="45.37830404005945" lon="22.218582881614566">
        <ele>231.16</ele>
      </trkpt>
      <trkpt lat="45.37826707586646" lon="22.21860023215413">
        <ele>230.77</ele>
      </trkpt>
      <trkpt lat="45.37824754603207" lon="22.21861003898084">
        <ele>230.36</ele>
      </trkpt>
      <trkpt lat="45.37820555269718" lon="22.21864960156381">
        <ele>229.94</ele>
      </trkpt>
      <trkpt lat="45.37817529402673" lon="22.21873559989035">
        <ele>229.47</ele>
      </trkpt>
      <trkpt lat="45.37817713804543" lon="22.219005916267633">
        <ele>228.91</ele>
      </trkpt>
      <trkpt lat="45.37820789963007" lon="22.21922216936946">
        <ele>228.37</ele>
      </trkpt>
      <trkpt lat="45.378196919336915" lon="22.219340102747083">
        <ele>227.91</ele>
      </trkpt>
      <trkpt lat="45.378168588504195" lon="22.219583513215184">
        <ele>227.45</ele>
      </trkpt>
      <trkpt lat="45.378157356753945" lon="22.21969088539481">
        <ele>227.03</ele>
      </trkpt>
      <trkpt lat="45.378150567412376" lon="22.219792557880282">
        <ele>226.6</ele>
      </trkpt>
      <trkpt lat="45.378152914345264" lon="22.219871934503317">
        <ele>226.19</ele>
      </trkpt>
      <trkpt lat="45.378161296248436" lon="22.219953574240208">
        <ele>225.81</ele>
      </trkpt>
      <trkpt lat="45.37815936841071" lon="22.220025826245546">
        <ele>225.47</ele>
      </trkpt>
      <trkpt lat="45.378118716180325" lon="22.220211066305637">
        <ele>225.15</ele>
      </trkpt>
      <trkpt lat="45.37809113971889" lon="22.220301758497953">
        <ele>224.91</ele>
      </trkpt>
      <trkpt lat="45.37808225490153" lon="22.220400413498282">
        <ele>224.64</ele>
      </trkpt>
      <trkpt lat="45.378059120848775" lon="22.22044676542282">
        <ele>224.44</ele>
      </trkpt>
      <trkpt lat="45.377965830266476" lon="22.22060644067824">
        <ele>224.28</ele>
      </trkpt>
      <trkpt lat="45.377819146960974" lon="22.22084490582347">
        <ele>224.14</ele>
      </trkpt>
      <trkpt lat="45.377740524709225" lon="22.221021596342325">
        <ele>224.04</ele>
      </trkpt>
      <trkpt lat="45.37771110422909" lon="22.22109359689057">
        <ele>223.98</ele>
      </trkpt>
      <trkpt lat="45.3776812646538" lon="22.221148665994406">
        <ele>223.96</ele>
      </trkpt>
      <trkpt lat="45.37765025161207" lon="22.22119577229023">
        <ele>223.98</ele>
      </trkpt>
      <trkpt lat="45.37758428603411" lon="22.221302557736635">
        <ele>224.04</ele>
      </trkpt>
      <trkpt lat="45.37751220166683" lon="22.22141169011593">
        <ele>224.13</ele>
      </trkpt>
      <trkpt lat="45.377404326573014" lon="22.221538089215755">
        <ele>224.23</ele>
      </trkpt>
      <trkpt lat="45.37719159387052" lon="22.22178895957768">
        <ele>224.35</ele>
      </trkpt>
      <trkpt lat="45.377101404592395" lon="22.221920555457473">
        <ele>224.48</ele>
      </trkpt>
      <trkpt lat="45.377000318840146" lon="22.22206505946815">
        <ele>224.63</ele>
      </trkpt>
      <trkpt lat="45.37694633938372" lon="22.222119122743607">
        <ele>224.79</ele>
      </trkpt>
      <trkpt lat="45.37673369050026" lon="22.22238952293992">
        <ele>225.02</ele>
      </trkpt>
      <trkpt lat="45.376592706888914" lon="22.222555316984653">
        <ele>225.26</ele>
      </trkpt>
      <trkpt lat="45.37641953676939" lon="22.222712729126215">
        <ele>225.5</ele>
      </trkpt>
      <trkpt lat="45.37627503275871" lon="22.222823118790984">
        <ele>225.71</ele>
      </trkpt>
      <trkpt lat="45.37618165835738" lon="22.222849018871784">
        <ele>225.9</ele>
      </trkpt>
      <trkpt lat="45.37596364505589" lon="22.222888497635722">
        <ele>226.1</ele>
      </trkpt>
      <trkpt lat="45.375722497701645" lon="22.22291867248714">
        <ele>226.27</ele>
      </trkpt>
      <trkpt lat="45.37558017298579" lon="22.222937531769276">
        <ele>226.32</ele>
      </trkpt>
      <trkpt lat="45.3755487408489" lon="22.222941974177957">
        <ele>226.39</ele>
      </trkpt>
      <trkpt lat="45.375371212139726" lon="22.222955469042063">
        <ele>226.4</ele>
      </trkpt>
      <trkpt lat="45.37533005699515" lon="22.22295379266143">
        <ele>226.42</ele>
      </trkpt>
      <trkpt lat="45.375039456412196" lon="22.222955720499158">
        <ele>226.42</ele>
      </trkpt>
      <trkpt lat="45.37474315613508" lon="22.222996205091476">
        <ele>226.4</ele>
      </trkpt>
      <trkpt lat="45.3746937867254" lon="22.22299436107278">
        <ele>226.34</ele>
      </trkpt>
      <trkpt lat="45.374557580798864" lon="22.222997713834047">
        <ele>226.21</ele>
      </trkpt>
      <trkpt lat="45.37440603598952" lon="22.223012633621693">
        <ele>226.04</ele>
      </trkpt>
      <trkpt lat="45.374339232221246" lon="22.2230071015656">
        <ele>225.86</ele>
      </trkpt>
      <trkpt lat="45.37427452392876" lon="22.222995618358254">
        <ele>225.65</ele>
      </trkpt>
      <trkpt lat="45.37405793555081" lon="22.222968628630042">
        <ele>225.4</ele>
      </trkpt>
      <trkpt lat="45.37399004213512" lon="22.22296024672687">
        <ele>225.15</ele>
      </trkpt>
      <trkpt lat="45.373926255851984" lon="22.22295094281435">
        <ele>224.88</ele>
      </trkpt>
      <trkpt lat="45.37386121228337" lon="22.222948176786304">
        <ele>224.59</ele>
      </trkpt>
      <trkpt lat="45.37375459447503" lon="22.22294465638697">
        <ele>224.28</ele>
      </trkpt>
      <trkpt lat="45.37371050566435" lon="22.22293828614056">
        <ele>223.97</ele>
      </trkpt>
      <trkpt lat="45.3736680932343" lon="22.222930071875453">
        <ele>223.64</ele>
      </trkpt>
      <trkpt lat="45.37354010157287" lon="22.222919929772615">
        <ele>223.3</ele>
      </trkpt>
      <trkpt lat="45.373311610892415" lon="22.222959911450744">
        <ele>222.87</ele>
      </trkpt>
      <trkpt lat="45.37326299585402" lon="22.22297784872353">
        <ele>222.49</ele>
      </trkpt>
      <trkpt lat="45.373136680573225" lon="22.223066361621022">
        <ele>222.09</ele>
      </trkpt>
      <trkpt lat="45.373094603419304" lon="22.2230985481292">
        <ele>221.72</ele>
      </trkpt>
      <trkpt lat="45.37302486598492" lon="22.223164346069098">
        <ele>221.33</ele>
      </trkpt>
      <trkpt lat="45.37297583185136" lon="22.223216397687793">
        <ele>220.97</ele>
      </trkpt>
      <trkpt lat="45.372920176014304" lon="22.2232626657933">
        <ele>220.65</ele>
      </trkpt>
      <trkpt lat="45.37280400283635" lon="22.22337012179196">
        <ele>220.37</ele>
      </trkpt>
      <trkpt lat="45.37266897037625" lon="22.223488306626678">
        <ele>220.14</ele>
      </trkpt>
      <trkpt lat="45.37253410555422" lon="22.223606491461396">
        <ele>219.93</ele>
      </trkpt>
      <trkpt lat="45.37245690822601" lon="22.223675725981593">
        <ele>219.7</ele>
      </trkpt>
      <trkpt lat="45.37233411334455" lon="22.223762311041355">
        <ele>219.54</ele>
      </trkpt>
      <trkpt lat="45.37225431762636" lon="22.223807740956545">
        <ele>219.39</ele>
      </trkpt>
      <trkpt lat="45.37221735343337" lon="22.223831126466393">
        <ele>219.28</ele>
      </trkpt>
      <trkpt lat="45.37211811169982" lon="22.223914274945855">
        <ele>219.19</ele>
      </trkpt>
      <trkpt lat="45.37208408117294" lon="22.223949814215302">
        <ele>219.14</ele>
      </trkpt>
      <trkpt lat="45.37208408117294" lon="22.223949898034334">
        <ele>219.14</ele>
      </trkpt>
      <trkpt lat="45.3719774633646" lon="22.224085684865713">
        <ele>219.08</ele>
      </trkpt>
      <trkpt lat="45.37187327630818" lon="22.224189369007945">
        <ele>219.1</ele>
      </trkpt>
      <trkpt lat="45.3716907184571" lon="22.22438408061862">
        <ele>219.14</ele>
      </trkpt>
      <trkpt lat="45.37152727134526" lon="22.224523723125458">
        <ele>219.24</ele>
      </trkpt>
      <trkpt lat="45.371256452053785" lon="22.22469672560692">
        <ele>219.37</ele>
      </trkpt>
      <trkpt lat="45.3710725530982" lon="22.224843576550484">
        <ele>219.56</ele>
      </trkpt>
      <trkpt lat="45.3708431404084" lon="22.225048514083028">
        <ele>219.78</ele>
      </trkpt>
      <trkpt lat="45.370675418525934" lon="22.22523777745664">
        <ele>220.02</ele>
      </trkpt>
      <trkpt lat="45.37050266750157" lon="22.2254073433578">
        <ele>220.29</ele>
      </trkpt>
      <trkpt lat="45.370380794629455" lon="22.225372307002544">
        <ele>220.6</ele>
      </trkpt>
      <trkpt lat="45.37038414739072" lon="22.225349340587854">
        <ele>220.94</ele>
      </trkpt>
      <trkpt lat="45.37038163281977" lon="22.225152030587196">
        <ele>221.35</ele>
      </trkpt>
      <trkpt lat="45.370342740789056" lon="22.224884144961834">
        <ele>221.81</ele>
      </trkpt>
      <trkpt lat="45.37033377215266" lon="22.22479655407369">
        <ele>222.24</ele>
      </trkpt>
      <trkpt lat="45.37033511325717" lon="22.224677950143814">
        <ele>222.69</ele>
      </trkpt>
      <trkpt lat="45.37033762782812" lon="22.22463914193213">
        <ele>223.14</ele>
      </trkpt>
      <trkpt lat="45.370342656970024" lon="22.224557250738144">
        <ele>223.63</ele>
      </trkpt>
      <trkpt lat="45.37034684792161" lon="22.224517101421952">
        <ele>224.12</ele>
      </trkpt>
      <trkpt lat="45.37035841494799" lon="22.22436203621328">
        <ele>224.63</ele>
      </trkpt>
      <trkpt lat="45.37037258036435" lon="22.224253993481398">
        <ele>225.17</ele>
      </trkpt>
      <trkpt lat="45.37040736526251" lon="22.224057856947184">
        <ele>225.74</ele>
      </trkpt>
      <trkpt lat="45.370409125462174" lon="22.223991807550192">
        <ele>226.25</ele>
      </trkpt>
      <trkpt lat="45.370433097705245" lon="22.223863564431667">
        <ele>226.79</ele>
      </trkpt>
      <trkpt lat="45.37046788260341" lon="22.22379181534052">
        <ele>227.28</ele>
      </trkpt>
      <trkpt lat="45.37050426006317" lon="22.223725011572242">
        <ele>227.76</ele>
      </trkpt>
      <trkpt lat="45.370532339438796" lon="22.223670864477754">
        <ele>228.22</ele>
      </trkpt>
      <trkpt lat="45.37054516375065" lon="22.22365845926106">
        <ele>228.65</ele>
      </trkpt>
      <trkpt lat="45.37055538967252" lon="22.223644461482763">
        <ele>229.07</ele>
      </trkpt>
      <trkpt lat="45.37058522924781" lon="22.22359442152083">
        <ele>229.49</ele>
      </trkpt>
      <trkpt lat="45.37059495225549" lon="22.223581094294786">
        <ele>229.87</ele>
      </trkpt>
      <trkpt lat="45.37060526199639" lon="22.22356709651649">
        <ele>230.23</ele>
      </trkpt>
      <trkpt lat="45.370614817366004" lon="22.22355192527175">
        <ele>230.58</ele>
      </trkpt>
      <trkpt lat="45.370623618364334" lon="22.223538178950548">
        <ele>230.91</ele>
      </trkpt>
      <trkpt lat="45.37063116207719" lon="22.223524348810315">
        <ele>231.24</ele>
      </trkpt>
      <trkpt lat="45.370640298351645" lon="22.223514039069414">
        <ele>231.56</ele>
      </trkpt>
      <trkpt lat="45.3706531226635" lon="22.223503813147545">
        <ele>231.86</ele>
      </trkpt>
      <trkpt lat="45.370676005259156" lon="22.223471039906144">
        <ele>232.18</ele>
      </trkpt>
      <trkpt lat="45.37072101607919" lon="22.223412953317165">
        <ele>232.49</ele>
      </trkpt>
      <trkpt lat="45.37073157727718" lon="22.223396860063076">
        <ele>232.8</ele>
      </trkpt>
      <trkpt lat="45.37075781263411" lon="22.22337012179196">
        <ele>233.12</ele>
      </trkpt>
      <trkpt lat="45.37078723311424" lon="22.223339695483446">
        <ele>233.44</ele>
      </trkpt>
      <trkpt lat="45.37080072797835" lon="22.22332226112485">
        <ele>233.77</ele>
      </trkpt>
      <trkpt lat="45.370829394087195" lon="22.223294768482447">
        <ele>234.13</ele>
      </trkpt>
      <trkpt lat="45.37084573879838" lon="22.223286721855402">
        <ele>234.49</ele>
      </trkpt>
      <trkpt lat="45.370889492332935" lon="22.223259899765253">
        <ele>234.87</ele>
      </trkpt>
      <trkpt lat="45.37090281955898" lon="22.223250595852733">
        <ele>235.27</ele>
      </trkpt>
      <trkpt lat="45.37098999135196" lon="22.223190749064088">
        <ele>235.72</ele>
      </trkpt>
      <trkpt lat="45.37101807072759" lon="22.223176416009665">
        <ele>236.16</ele>
      </trkpt>
      <trkpt lat="45.37109945900738" lon="22.22313702106476">
        <ele>236.64</ele>
      </trkpt>
      <trkpt lat="45.37117556668818" lon="22.223092261701822">
        <ele>237.15</ele>
      </trkpt>
      <trkpt lat="45.37135301157832" lon="22.223004084080458">
        <ele>237.67</ele>
      </trkpt>
      <trkpt lat="45.371393244713545" lon="22.22298027947545">
        <ele>238.18</ele>
      </trkpt>
      <trkpt lat="45.37154453806579" lon="22.222853880375624">
        <ele>238.75</ele>
      </trkpt>
      <trkpt lat="45.371607821434736" lon="22.22275396808982">
        <ele>239.33</ele>
      </trkpt>
      <trkpt lat="45.37164185196161" lon="22.222682554274797">
        <ele>239.94</ele>
      </trkpt>
      <trkpt lat="45.37170379422605" lon="22.22249949350953">
        <ele>240.66</ele>
      </trkpt>
      <trkpt lat="45.37172416225076" lon="22.22242179326713">
        <ele>241.31</ele>
      </trkpt>
      <trkpt lat="45.37173204123974" lon="22.222386337816715">
        <ele>241.94</ele>
      </trkpt>
      <trkpt lat="45.37178040482104" lon="22.222198750823736">
        <ele>242.68</ele>
      </trkpt>
      <trkpt lat="45.371812004595995" lon="22.222071262076497">
        <ele>243.41</ele>
      </trkpt>
      <trkpt lat="45.371821727603674" lon="22.222047708928585">
        <ele>244.07</ele>
      </trkpt>
      <trkpt lat="45.37185735069215" lon="22.221966655924916">
        <ele>244.75</ele>
      </trkpt>
      <trkpt lat="45.371874030679464" lon="22.221955424174666">
        <ele>245.39</ele>
      </trkpt>
      <trkpt lat="45.371937649324536" lon="22.22192441113293">
        <ele>246.04</ele>
      </trkpt>
      <trkpt lat="45.37204544059932" lon="22.221898343414068">
        <ele>246.7</ele>
      </trkpt>
      <trkpt lat="45.37211802788079" lon="22.221882669255137">
        <ele>247.35</ele>
      </trkpt>
      <trkpt lat="45.37220067344606" lon="22.221877304837108">
        <ele>247.98</ele>
      </trkpt>
      <trkpt lat="45.37229840643704" lon="22.221863558515906">
        <ele>248.63</ele>
      </trkpt>
      <trkpt lat="45.37235867232084" lon="22.22183983772993">
        <ele>249.26</ele>
      </trkpt>
      <trkpt lat="45.37238725461066" lon="22.221825923770666">
        <ele>249.87</ele>
      </trkpt>
      <trkpt lat="45.372398318722844" lon="22.22182466648519">
        <ele>250.45</ele>
      </trkpt>
      <trkpt lat="45.37240007892251" lon="22.221827264875174">
        <ele>251.02</ele>
      </trkpt>
      <trkpt lat="45.37242547608912" lon="22.22181343473494">
        <ele>251.6</ele>
      </trkpt>
      <trkpt lat="45.37243125960231" lon="22.221811758354306">
        <ele>252.7</ele>
      </trkpt>
      <trkpt lat="45.37245774641633" lon="22.221795916557312">
        <ele>253.26</ele>
      </trkpt>
      <trkpt lat="45.3724661283195" lon="22.22178988158703">
        <ele>253.8</ele>
      </trkpt>
      <trkpt lat="45.372540056705475" lon="22.221772614866495">
        <ele>254.36</ele>
      </trkpt>
      <trkpt lat="45.37254315800965" lon="22.22177186049521">
        <ele>254.88</ele>
      </trkpt>
      <trkpt lat="45.372583558782935" lon="22.221755431964993">
        <ele>255.42</ele>
      </trkpt>
      <trkpt lat="45.37260384298861" lon="22.221747720614076">
        <ele>255.92</ele>
      </trkpt>
      <trkpt lat="45.37270970642567" lon="22.22170388326049">
        <ele>256.52</ele>
      </trkpt>
      <trkpt lat="45.37273870781064" lon="22.221692819148302">
        <ele>257.01</ele>
      </trkpt>
      <trkpt lat="45.3727666195482" lon="22.22167421132326">
        <ele>257.5</ele>
      </trkpt>
      <trkpt lat="45.37278740666807" lon="22.221660297363997">
        <ele>257.96</ele>
      </trkpt>
      <trkpt lat="45.372806852683425" lon="22.221647640690207">
        <ele>258.41</ele>
      </trkpt>
      <trkpt lat="45.37287642247975" lon="22.221601037308574">
        <ele>258.86</ele>
      </trkpt>
      <trkpt lat="45.37289662286639" lon="22.221584357321262">
        <ele>259.27</ele>
      </trkpt>
      <trkpt lat="45.37293006666005" lon="22.221550662070513">
        <ele>259.66</ele>
      </trkpt>
      <trkpt lat="45.372954457998276" lon="22.22153347916901">
        <ele>260.02</ele>
      </trkpt>
      <trkpt lat="45.37298245355487" lon="22.221487630158663">
        <ele>260.38</ele>
      </trkpt>
      <trkpt lat="45.37302687764168" lon="22.22145519219339">
        <ele>260.73</ele>
      </trkpt>
      <trkpt lat="45.37305378355086" lon="22.221430717036128">
        <ele>261.03</ele>
      </trkpt>
      <trkpt lat="45.37310658954084" lon="22.221395848318934">
        <ele>261.33</ele>
      </trkpt>
      <trkpt lat="45.37318496033549" lon="22.2213492449373">
        <ele>261.59</ele>
      </trkpt>
      <trkpt lat="45.37325561977923" lon="22.221303982660174">
        <ele>261.84</ele>
      </trkpt>
      <trkpt lat="45.37326693534851" lon="22.221296606585383">
        <ele>262.05</ele>
      </trkpt>
      <trkpt lat="45.37331881932914" lon="22.221263078972697">
        <ele>262.25</ele>
      </trkpt>
      <trkpt lat="45.37332158535719" lon="22.221264000982046">
        <ele>262.43</ele>
      </trkpt>
      <trkpt lat="45.3733831923455" lon="22.221255786716938">
        <ele>262.6</ele>
      </trkpt>
      <trkpt lat="45.373402973636985" lon="22.221221504732966">
        <ele>262.76</ele>
      </trkpt>
      <trkpt lat="45.373404482379556" lon="22.221218654885888">
        <ele>262.91</ele>
      </trkpt>
      <trkpt lat="45.37340615876019" lon="22.22119091078639">
        <ele>263.2</ele>
      </trkpt>
      <trkpt lat="45.37341982126236" lon="22.221144810318947">
        <ele>263.34</ele>
      </trkpt>
      <trkpt lat="45.37343013100326" lon="22.221122598275542">
        <ele>263.47</ele>
      </trkpt>
      <trkpt lat="45.37342702969909" lon="22.22108001820743">
        <ele>263.61</ele>
      </trkpt>
      <trkpt lat="45.37344245240092" lon="22.221058141440153">
        <ele>263.74</ele>
      </trkpt>
      <trkpt lat="45.37344362586737" lon="22.221054369583726">
        <ele>263.87</ele>
      </trkpt>
      <trkpt lat="45.373455695807934" lon="22.221018746495247">
        <ele>264.02</ele>
      </trkpt>
      <trkpt lat="45.37345946766436" lon="22.221010448411107">
        <ele>264.15</ele>
      </trkpt>
      <trkpt lat="45.37346147932112" lon="22.22100173123181">
        <ele>264.3</ele>
      </trkpt>
      <trkpt lat="45.373459719121456" lon="22.22099645063281">
        <ele>264.45</ele>
      </trkpt>
      <trkpt lat="45.37347665056586" lon="22.220962587743998">
        <ele>264.62</ele>
      </trkpt>
      <trkpt lat="45.37348478101194" lon="22.22094557248056">
        <ele>264.79</ele>
      </trkpt>
      <trkpt lat="45.37348930723965" lon="22.220907686278224">
        <ele>264.98</ele>
      </trkpt>
      <trkpt lat="45.37348955869675" lon="22.220891760662198">
        <ele>265.17</ele>
      </trkpt>
      <trkpt lat="45.37348813377321" lon="22.220884300768375">
        <ele>265.36</ele>
      </trkpt>
      <trkpt lat="45.37348494865" lon="22.220835769549012">
        <ele>265.8</ele>
      </trkpt>
      <trkpt lat="45.37348352372646" lon="22.220832500606775">
        <ele>266.02</ele>
      </trkpt>
      <trkpt lat="45.37348394282162" lon="22.220785561949015">
        <ele>266.28</ele>
      </trkpt>
      <trkpt lat="45.37348302081227" lon="22.220767037943006">
        <ele>266.53</ele>
      </trkpt>
      <trkpt lat="45.37347639910877" lon="22.220739545300603">
        <ele>266.8</ele>
      </trkpt>
      <trkpt lat="45.373472794890404" lon="22.220723368227482">
        <ele>267.07</ele>
      </trkpt>
      <trkpt lat="45.373464999720454" lon="22.22069453448057">
        <ele>267.37</ele>
      </trkpt>
      <trkpt lat="45.373457707464695" lon="22.22067349590361">
        <ele>267.66</ele>
      </trkpt>
      <trkpt lat="45.37344018928707" lon="22.220608200877905">
        <ele>268.01</ele>
      </trkpt>
      <trkpt lat="45.373427867889404" lon="22.22058406099677">
        <ele>268.31</ele>
      </trkpt>
      <trkpt lat="45.37342610768974" lon="22.220582887530327">
        <ele>268.87</ele>
      </trkpt>
      <trkpt lat="45.37341998890042" lon="22.22057417035103">
        <ele>269.17</ele>
      </trkpt>
      <trkpt lat="45.37341697141528" lon="22.220571404322982">
        <ele>269.74</ele>
      </trkpt>
      <trkpt lat="45.373410852625966" lon="22.22056788392365">
        <ele>270.03</ele>
      </trkpt>
      <trkpt lat="45.37340817041695" lon="22.22055966965854">
        <ele>270.63</ele>
      </trkpt>
      <trkpt lat="45.373390819877386" lon="22.22054542042315">
        <ele>270.94</ele>
      </trkpt>
      <trkpt lat="45.37338553927839" lon="22.22053804434836">
        <ele>271.25</ele>
      </trkpt>
      <trkpt lat="45.373382437974215" lon="22.220536451786757">
        <ele>271.56</ele>
      </trkpt>
      <trkpt lat="45.373362405225635" lon="22.220512395724654">
        <ele>271.9</ele>
      </trkpt>
      <trkpt lat="45.37332409992814" lon="22.22048196941614">
        <ele>272.26</ele>
      </trkpt>
      <trkpt lat="45.373308174312115" lon="22.220471492037177">
        <ele>272.59</ele>
      </trkpt>
      <trkpt lat="45.37322636693716" lon="22.22040854394436">
        <ele>272.98</ele>
      </trkpt>
      <trkpt lat="45.37322200834751" lon="22.220406280830503">
        <ele>273.32</ele>
      </trkpt>
      <trkpt lat="45.37321228533983" lon="22.220400916412473">
        <ele>274.35</ele>
      </trkpt>
      <trkpt lat="45.37317850627005" lon="22.22038423642516">
        <ele>274.72</ele>
      </trkpt>
      <trkpt lat="45.37316492758691" lon="22.220374261960387">
        <ele>275.09</ele>
      </trkpt>
      <trkpt lat="45.37315051071346" lon="22.220368897542357">
        <ele>275.47</ele>
      </trkpt>
      <trkpt lat="45.37310382351279" lon="22.220336627215147">
        <ele>275.89</ele>
      </trkpt>
      <trkpt lat="45.373089825734496" lon="22.220326233655214">
        <ele>276.29</ele>
      </trkpt>
      <trkpt lat="45.373061411082745" lon="22.22031676210463">
        <ele>276.7</ele>
      </trkpt>
      <trkpt lat="45.372995026409626" lon="22.22028105519712">
        <ele>277.15</ele>
      </trkpt>
      <trkpt lat="45.37294934503734" lon="22.220260184258223">
        <ele>277.58</ele>
      </trkpt>
      <trkpt lat="45.3729341737926" lon="22.220255825668573">
        <ele>278.02</ele>
      </trkpt>
      <trkpt lat="45.37292193621397" lon="22.220249539241195">
        <ele>278.46</ele>
      </trkpt>
      <trkpt lat="45.37283803336322" lon="22.220208635553718">
        <ele>278.94</ele>
      </trkpt>
      <trkpt lat="45.37280576303601" lon="22.220186591148376">
        <ele>279.42</ele>
      </trkpt>
      <trkpt lat="45.37274030037224" lon="22.2201335337013">
        <ele>279.93</ele>
      </trkpt>
      <trkpt lat="45.372716411948204" lon="22.220109896734357">
        <ele>280.43</ele>
      </trkpt>
      <trkpt lat="45.3727061022073" lon="22.220094809308648">
        <ele>280.93</ele>
      </trkpt>
      <trkpt lat="45.37265136837959" lon="22.220000764355063">
        <ele>281.5</ele>
      </trkpt>
      <trkpt lat="45.372624546289444" lon="22.219949467107654">
        <ele>282.05</ele>
      </trkpt>
      <trkpt lat="45.37260199896991" lon="22.219891967251897">
        <ele>282.6</ele>
      </trkpt>
      <trkpt lat="45.372595712542534" lon="22.219875203445554">
        <ele>283.12</ele>
      </trkpt>
      <trkpt lat="45.372579116374254" lon="22.21985056065023">
        <ele>283.65</ele>
      </trkpt>
      <trkpt lat="45.372570399194956" lon="22.219835640862584">
        <ele>284.19</ele>
      </trkpt>
      <trkpt lat="45.372565537691116" lon="22.219816613942385">
        <ele>284.72</ele>
      </trkpt>
      <trkpt lat="45.372560089454055" lon="22.21980077214539">
        <ele>285.27</ele>
      </trkpt>
      <trkpt lat="45.3725472651422" lon="22.21976992674172">
        <ele>285.83</ele>
      </trkpt>
      <trkpt lat="45.372543996199965" lon="22.219755426049232">
        <ele>286.38</ele>
      </trkpt>
      <trkpt lat="45.37253938615322" lon="22.219741847366095">
        <ele>286.94</ele>
      </trkpt>
      <trkpt lat="45.37253117188811" lon="22.21972885541618">
        <ele>287.51</ele>
      </trkpt>
      <trkpt lat="45.37251155823469" lon="22.219675881788135">
        <ele>288.11</ele>
      </trkpt>
      <trkpt lat="45.37249429151416" lon="22.219629026949406">
        <ele>288.71</ele>
      </trkpt>
      <trkpt lat="45.372483897954226" lon="22.21959155984223">
        <ele>289.3</ele>
      </trkpt>
      <trkpt lat="45.37243511527777" lon="22.21951293759048">
        <ele>289.93</ele>
      </trkpt>
      <trkpt lat="45.37242782302201" lon="22.219495167955756">
        <ele>290.52</ele>
      </trkpt>
      <trkpt lat="45.37236680276692" lon="22.219385700300336">
        <ele>291.18</ele>
      </trkpt>
      <trkpt lat="45.37232330068946" lon="22.21924915909767">
        <ele>291.82</ele>
      </trkpt>
      <trkpt lat="45.37228181026876" lon="22.21913625486195">
        <ele>292.45</ele>
      </trkpt>
      <trkpt lat="45.37226965650916" lon="22.2191059961915">
        <ele>293.06</ele>
      </trkpt>
      <trkpt lat="45.37223939783871" lon="22.219045143574476">
        <ele>293.68</ele>
      </trkpt>
      <trkpt lat="45.37221249192953" lon="22.21894816495478">
        <ele>294.32</ele>
      </trkpt>
      <trkpt lat="45.37215826101601" lon="22.218846241012216">
        <ele>294.97</ele>
      </trkpt>
      <trkpt lat="45.3721431735903" lon="22.218809109181166">
        <ele>295.58</ele>
      </trkpt>
      <trkpt lat="45.37213822826743" lon="22.21879024989903">
        <ele>296.18</ele>
      </trkpt>
      <trkpt lat="45.372119285166264" lon="22.218737695366144">
        <ele>296.79</ele>
      </trkpt>
      <trkpt lat="45.37211333401501" lon="22.218717075884342">
        <ele>297.38</ele>
      </trkpt>
      <trkpt lat="45.37208994850516" lon="22.21866955049336">
        <ele>297.98</ele>
      </trkpt>
      <trkpt lat="45.372039657086134" lon="22.21858497709036">
        <ele>298.6</ele>
      </trkpt>
      <trkpt lat="45.37202180363238" lon="22.218548767268658">
        <ele>299.17</ele>
      </trkpt>
      <trkpt lat="45.37199757993221" lon="22.218493279069662">
        <ele>299.74</ele>
      </trkpt>
      <trkpt lat="45.371975703164935" lon="22.218449776992202">
        <ele>300.29</ele>
      </trkpt>
      <trkpt lat="45.37195743061602" lon="22.218417339026928">
        <ele>300.83</ele>
      </trkpt>
      <trkpt lat="45.3719412535429" lon="22.218395294621587">
        <ele>301.34</ele>
      </trkpt>
      <trkpt lat="45.371891632676125" lon="22.21833041869104">
        <ele>301.87</ele>
      </trkpt>
      <trkpt lat="45.37188165821135" lon="22.218317594379187">
        <ele>302.35</ele>
      </trkpt>
      <trkpt lat="45.371831031516194" lon="22.218253640457988">
        <ele>302.84</ele>
      </trkpt>
      <trkpt lat="45.371807562187314" lon="22.21822790801525">
        <ele>303.3</ele>
      </trkpt>
      <trkpt lat="45.37176925688982" lon="22.21819513477385">
        <ele>303.74</ele>
      </trkpt>
      <trkpt lat="45.371721144765615" lon="22.21815414726734">
        <ele>304.17</ele>
      </trkpt>
      <trkpt lat="45.37167931906879" lon="22.218114249408245">
        <ele>304.58</ele>
      </trkpt>
      <trkpt lat="45.371670853346586" lon="22.21810419112444">
        <ele>304.95</ele>
      </trkpt>
      <trkpt lat="45.37165702320635" lon="22.218078626319766">
        <ele>305.3</ele>
      </trkpt>
      <trkpt lat="45.371639002114534" lon="22.21805348061025">
        <ele>305.63</ele>
      </trkpt>
      <trkpt lat="45.37161494605243" lon="22.218035124242306">
        <ele>305.95</ele>
      </trkpt>
      <trkpt lat="45.371615113690495" lon="22.218030681833625">
        <ele>306.24</ele>
      </trkpt>
      <trkpt lat="45.371612599119544" lon="22.21802808344364">
        <ele>306.51</ele>
      </trkpt>
      <trkpt lat="45.371597930788994" lon="22.218024227768183">
        <ele>308.01</ele>
      </trkpt>
      <trkpt lat="45.3715683426708" lon="22.21800545230508">
        <ele>308.26</ele>
      </trkpt>
      <trkpt lat="45.37154990248382" lon="22.217994136735797">
        <ele>308.51</ele>
      </trkpt>
      <trkpt lat="45.37152090109885" lon="22.217972008511424">
        <ele>309.29</ele>
      </trkpt>
      <trkpt lat="45.37149324081838" lon="22.21795474179089">
        <ele>309.57</ele>
      </trkpt>
      <trkpt lat="45.37144085392356" lon="22.217910904437304">
        <ele>309.88</ele>
      </trkpt>
      <trkpt lat="45.37139751948416" lon="22.21788232214749">
        <ele>310.19</ele>
      </trkpt>
      <trkpt lat="45.37128712981939" lon="22.217791797593236">
        <ele>310.56</ele>
      </trkpt>
      <trkpt lat="45.371272880584" lon="22.21778023056686">
        <ele>310.87</ele>
      </trkpt>
      <trkpt lat="45.37122602574527" lon="22.21773781813681">
        <ele>311.22</ele>
      </trkpt>
      <trkpt lat="45.37117715924978" lon="22.217686101794243">
        <ele>311.57</ele>
      </trkpt>
      <trkpt lat="45.371164586395025" lon="22.217672606930137">
        <ele>311.89</ele>
      </trkpt>
      <trkpt lat="45.37113709375262" lon="22.21763078123331">
        <ele>312.22</ele>
      </trkpt>
      <trkpt lat="45.3711158875376" lon="22.21758375875652">
        <ele>312.55</ele>
      </trkpt>
      <trkpt lat="45.371107421815395" lon="22.217568336054683">
        <ele>312.88</ele>
      </trkpt>
      <trkpt lat="45.37108512595296" lon="22.217519134283066">
        <ele>313.22</ele>
      </trkpt>
      <trkpt lat="45.371056040748954" lon="22.217476470395923">
        <ele>313.56</ele>
      </trkpt>
      <trkpt lat="45.371042964980006" lon="22.217465238645673">
        <ele>313.89</ele>
      </trkpt>
      <trkpt lat="45.37102066911757" lon="22.21744059585035">
        <ele>314.23</ele>
      </trkpt>
      <trkpt lat="45.37100214511156" lon="22.217415031045675">
        <ele>314.57</ele>
      </trkpt>
      <trkpt lat="45.37098211236298" lon="22.217386197298765">
        <ele>314.91</ele>
      </trkpt>
      <trkpt lat="45.37097138352692" lon="22.217375552281737">
        <ele>315.24</ele>
      </trkpt>
      <trkpt lat="45.370954954996705" lon="22.217354513704777">
        <ele>315.57</ele>
      </trkpt>
      <trkpt lat="45.37090675905347" lon="22.217315370216966">
        <ele>315.92</ele>
      </trkpt>
      <trkpt lat="45.370897287502885" lon="22.217307994142175">
        <ele>316.25</ele>
      </trkpt>
      <trkpt lat="45.37088337354362" lon="22.217299360781908">
        <ele>316.57</ele>
      </trkpt>
      <trkpt lat="45.370826376602054" lon="22.21724529750645">
        <ele>316.93</ele>
      </trkpt>
      <trkpt lat="45.3708013985306" lon="22.217250745743513">
        <ele>317.57</ele>
      </trkpt>
      <trkpt lat="45.37074934691191" lon="22.21722953952849">
        <ele>317.89</ele>
      </trkpt>
      <trkpt lat="45.370683297514915" lon="22.21719584427774">
        <ele>318.22</ele>
      </trkpt>
      <trkpt lat="45.37062873132527" lon="22.21715376712382">
        <ele>318.54</ele>
      </trkpt>
      <trkpt lat="45.37055756896734" lon="22.217102302238345">
        <ele>318.87</ele>
      </trkpt>
      <trkpt lat="45.37052731029689" lon="22.21706776879728">
        <ele>319.19</ele>
      </trkpt>
      <trkpt lat="45.370515659451485" lon="22.217054860666394">
        <ele>319.5</ele>
      </trkpt>
      <trkpt lat="45.3705045953393" lon="22.217040611431003">
        <ele>319.81</ele>
      </trkpt>
      <trkpt lat="45.37047299556434" lon="22.217016723006964">
        <ele>320.12</ele>
      </trkpt>
      <trkpt lat="45.37046897225082" lon="22.217017309740186">
        <ele>320.41</ele>
      </trkpt>
      <trkpt lat="45.37045522592962" lon="22.21698964945972">
        <ele>321.31</ele>
      </trkpt>
      <trkpt lat="45.37043728865683" lon="22.21696869470179">
        <ele>321.62</ele>
      </trkpt>
      <trkpt lat="45.37035707384348" lon="22.216881439089775">
        <ele>321.96</ele>
      </trkpt>
      <trkpt lat="45.37033083848655" lon="22.216829722747207">
        <ele>322.28</ele>
      </trkpt>
      <trkpt lat="45.37029806524515" lon="22.216757722198963">
        <ele>322.6</ele>
      </trkpt>
      <trkpt lat="45.370285073295236" lon="22.216721260920167">
        <ele>322.91</ele>
      </trkpt>
      <trkpt lat="45.37026872858405" lon="22.216635765507817">
        <ele>323.23</ele>
      </trkpt>
      <trkpt lat="45.370263112708926" lon="22.216568794101477">
        <ele>323.54</ele>
      </trkpt>
      <trkpt lat="45.37026328034699" lon="22.216543648391962">
        <ele>323.83</ele>
      </trkpt>
      <trkpt lat="45.37026084959507" lon="22.216500649228692">
        <ele>324.12</ele>
      </trkpt>
      <trkpt lat="45.370262609794736" lon="22.2164932731539">
        <ele>324.4</ele>
      </trkpt>
      <trkpt lat="45.37025799974799" lon="22.216472569853067">
        <ele>324.95</ele>
      </trkpt>
      <trkpt lat="45.37025556899607" lon="22.21645404584706">
        <ele>325.23</ele>
      </trkpt>
      <trkpt lat="45.370248863473535" lon="22.216306691989303">
        <ele>325.54</ele>
      </trkpt>
      <trkpt lat="45.37024928256869" lon="22.216145927086473">
        <ele>325.83</ele>
      </trkpt>
      <trkpt lat="45.370264453813434" lon="22.21609747968614">
        <ele>326.09</ele>
      </trkpt>
      <trkpt lat="45.37027006968856" lon="22.216034196317196">
        <ele>326.36</ele>
      </trkpt>
      <trkpt lat="45.370282055810094" lon="22.215951969847083">
        <ele>326.62</ele>
      </trkpt>
      <trkpt lat="45.370301585644484" lon="22.215803610160947">
        <ele>326.89</ele>
      </trkpt>
      <trkpt lat="45.37031021900475" lon="22.215767316520214">
        <ele>327.15</ele>
      </trkpt>
      <trkpt lat="45.370313320308924" lon="22.215731274336576">
        <ele>327.41</ele>
      </trkpt>
      <trkpt lat="45.370323713868856" lon="22.215698333457112">
        <ele>327.66</ele>
      </trkpt>
      <trkpt lat="45.37033259868622" lon="22.21567712724209">
        <ele>327.91</ele>
      </trkpt>
      <trkpt lat="45.37034139968455" lon="22.21563270315528">
        <ele>328.17</ele>
      </trkpt>
      <trkpt lat="45.37034156732261" lon="22.21558542922139">
        <ele>328.44</ele>
      </trkpt>
      <trkpt lat="45.37034248933196" lon="22.215559277683496">
        <ele>328.7</ele>
      </trkpt>
      <trkpt lat="45.37034483626485" lon="22.21553404815495">
        <ele>328.96</ele>
      </trkpt>
      <trkpt lat="45.37034525536001" lon="22.215507896617055">
        <ele>329.22</ele>
      </trkpt>
      <trkpt lat="45.37034600973129" lon="22.215481493622065">
        <ele>329.49</ele>
      </trkpt>
      <trkpt lat="45.37035598419607" lon="22.215384431183338">
        <ele>329.78</ele>
      </trkpt>
      <trkpt lat="45.37035531364381" lon="22.21529566682875">
        <ele>330.08</ele>
      </trkpt>
      <trkpt lat="45.370356822386384" lon="22.21523506566882">
        <ele>330.37</ele>
      </trkpt>
      <trkpt lat="45.37035414017737" lon="22.215202627703547">
        <ele>330.66</ele>
      </trkpt>
      <trkpt lat="45.37035807967186" lon="22.21517345868051">
        <ele>330.94</ele>
      </trkpt>
      <trkpt lat="45.370377441868186" lon="22.215059967711568">
        <ele>331.22</ele>
      </trkpt>
      <trkpt lat="45.37040267139673" lon="22.214929377660155">
        <ele>331.56</ele>
      </trkpt>
      <trkpt lat="45.370414070785046" lon="22.214844217523932">
        <ele>331.86</ele>
      </trkpt>
      <trkpt lat="45.37042169831693" lon="22.214816054329276">
        <ele>332.17</ele>
      </trkpt>
      <trkpt lat="45.3704387973994" lon="22.214754950255156">
        <ele>332.49</ele>
      </trkpt>
      <trkpt lat="45.37047207355499" lon="22.21464858390391">
        <ele>332.83</ele>
      </trkpt>
      <trkpt lat="45.37048456259072" lon="22.214597202837467">
        <ele>333.15</ele>
      </trkpt>
      <trkpt lat="45.37054474465549" lon="22.21441112458706">
        <ele>333.54</ele>
      </trkpt>
      <trkpt lat="45.370549941435456" lon="22.214392013847828">
        <ele>333.88</ele>
      </trkpt>
      <trkpt lat="45.370592856779695" lon="22.214284976944327">
        <ele>334.22</ele>
      </trkpt>
      <trkpt lat="45.37066309712827" lon="22.21411448903382">
        <ele>334.6</ele>
      </trkpt>
      <trkpt lat="45.37071079015732" lon="22.21400753594935">
        <ele>334.95</ele>
      </trkpt>
      <trkpt lat="45.37075236439705" lon="22.21390837803483">
        <ele>335.3</ele>
      </trkpt>
      <trkpt lat="45.37077533081174" lon="22.21386194229126">
        <ele>335.66</ele>
      </trkpt>
      <trkpt lat="45.37080651149154" lon="22.21379203721881">
        <ele>336.03</ele>
      </trkpt>
      <trkpt lat="45.370822018012404" lon="22.21374467946589">
        <ele>336.41</ele>
      </trkpt>
      <trkpt lat="45.370835177600384" lon="22.2136889398098">
        <ele>336.79</ele>
      </trkpt>
      <trkpt lat="45.37087314762175" lon="22.21357461065054">
        <ele>337.19</ele>
      </trkpt>
      <trkpt lat="45.37088303826749" lon="22.213522056117654">
        <ele>337.59</ele>
      </trkpt>
      <trkpt lat="45.37090726196766" lon="22.213418120518327">
        <ele>338.02</ele>
      </trkpt>
      <trkpt lat="45.3709118720144" lon="22.213393561542034">
        <ele>338.4</ele>
      </trkpt>
      <trkpt lat="45.370916817337275" lon="22.21337327733636">
        <ele>338.77</ele>
      </trkpt>
      <trkpt lat="45.37094892002642" lon="22.2132346406579">
        <ele>339.16</ele>
      </trkpt>
      <trkpt lat="45.370962247252464" lon="22.213190468028188">
        <ele>339.52</ele>
      </trkpt>
      <trkpt lat="45.37099686451256" lon="22.213109163567424">
        <ele>339.88</ele>
      </trkpt>
      <trkpt lat="45.371015053242445" lon="22.2130395937711">
        <ele>340.21</ele>
      </trkpt>
      <trkpt lat="45.37103441543877" lon="22.212983183562756">
        <ele>340.51</ele>
      </trkpt>
      <trkpt lat="45.37104606628418" lon="22.21293549053371">
        <ele>340.78</ele>
      </trkpt>
      <trkpt lat="45.371045395731926" lon="22.212880756706">
        <ele>341.0</ele>
      </trkpt>
      <trkpt lat="45.37105226889253" lon="22.21285494044423">
        <ele>341.18</ele>
      </trkpt>
      <trkpt lat="45.3710762411356" lon="22.21279039978981">
        <ele>341.34</ele>
      </trkpt>
      <trkpt lat="45.37109292112291" lon="22.212710017338395">
        <ele>341.46</ele>
      </trkpt>
      <trkpt lat="45.371101973578334" lon="22.212650338187814">
        <ele>341.55</ele>
      </trkpt>
      <trkpt lat="45.3711071703583" lon="22.212561490014195">
        <ele>341.6</ele>
      </trkpt>
      <trkpt lat="45.371118653565645" lon="22.212480269372463">
        <ele>341.61</ele>
      </trkpt>
      <trkpt lat="45.37113348953426" lon="22.212438946589828">
        <ele>341.58</ele>
      </trkpt>
      <trkpt lat="45.371142122894526" lon="22.21234238706529">
        <ele>341.53</ele>
      </trkpt>
      <trkpt lat="45.37115880288184" lon="22.212153878062963">
        <ele>341.42</ele>
      </trkpt>
      <trkpt lat="45.37118034437299" lon="22.211992358788848">
        <ele>341.27</ele>
      </trkpt>
      <trkpt lat="45.37119224667549" lon="22.211877861991525">
        <ele>341.1</ele>
      </trkpt>
      <trkpt lat="45.37122778594494" lon="22.211724305525422">
        <ele>340.92</ele>
      </trkpt>
      <trkpt lat="45.37126709707081" lon="22.211662782356143">
        <ele>340.67</ele>
      </trkpt>
      <trkpt lat="45.37128293886781" lon="22.2116132453084">
        <ele>340.41</ele>
      </trkpt>
      <trkpt lat="45.37131587974727" lon="22.21150863915682">
        <ele>340.1</ele>
      </trkpt>
      <trkpt lat="45.37137011066079" lon="22.21135877072811">
        <ele>339.74</ele>
      </trkpt>
      <trkpt lat="45.3713902272284" lon="22.2113074734807">
        <ele>339.39</ele>
      </trkpt>
      <trkpt lat="45.37148326635361" lon="22.21106800250709">
        <ele>338.99</ele>
      </trkpt>
      <trkpt lat="45.371510004624724" lon="22.210988961160183">
        <ele>338.59</ele>
      </trkpt>
      <trkpt lat="45.371535485610366" lon="22.2109483089298">
        <ele>338.19</ele>
      </trkpt>
      <trkpt lat="45.371543699875474" lon="22.210912769660354">
        <ele>337.79</ele>
      </trkpt>
      <trkpt lat="45.37155048921704" lon="22.21087295562029">
        <ele>337.4</ele>
      </trkpt>
      <trkpt lat="45.37159122526646" lon="22.210711939260364">
        <ele>336.98</ele>
      </trkpt>
      <trkpt lat="45.371609665453434" lon="22.210675310343504">
        <ele>336.58</ele>
      </trkpt>
      <trkpt lat="45.37163481116295" lon="22.21058864146471">
        <ele>336.19</ele>
      </trkpt>
      <trkpt lat="45.37164009176195" lon="22.210544971749187">
        <ele>335.81</ele>
      </trkpt>
      <trkpt lat="45.371641432866454" lon="22.210500799119473">
        <ele>335.44</ele>
      </trkpt>
      <trkpt lat="45.37165157496929" lon="22.210404239594936">
        <ele>335.08</ele>
      </trkpt>
      <trkpt lat="45.371675631031394" lon="22.210299633443356">
        <ele>334.72</ele>
      </trkpt>
      <trkpt lat="45.37168434821069" lon="22.21024565398693">
        <ele>334.41</ele>
      </trkpt>
      <trkpt lat="45.371687449514866" lon="22.210189579054713">
        <ele>334.14</ele>
      </trkpt>
      <trkpt lat="45.371704464778304" lon="22.210027556866407">
        <ele>333.87</ele>
      </trkpt>
      <trkpt lat="45.37172173149884" lon="22.20985958352685">
        <ele>333.63</ele>
      </trkpt>
      <trkpt lat="45.371726006269455" lon="22.209755647927523">
        <ele>333.43</ele>
      </trkpt>
      <trkpt lat="45.37169340066612" lon="22.209511902183294">
        <ele>333.26</ele>
      </trkpt>
      <trkpt lat="45.371691305190325" lon="22.209378462284803">
        <ele>333.17</ele>
      </trkpt>
      <trkpt lat="45.371686862781644" lon="22.209232868626714">
        <ele>333.1</ele>
      </trkpt>
      <trkpt lat="45.37164864130318" lon="22.20887018367648">
        <ele>333.11</ele>
      </trkpt>
      <trkpt lat="45.37164109759033" lon="22.2088242508471">
        <ele>333.17</ele>
      </trkpt>
      <trkpt lat="45.371633218601346" lon="22.20878125168383">
        <ele>333.29</ele>
      </trkpt>
      <trkpt lat="45.371584352105856" lon="22.20863658003509">
        <ele>333.44</ele>
      </trkpt>
      <trkpt lat="45.3715664986521" lon="22.208567010238767">
        <ele>333.64</ele>
      </trkpt>
      <trkpt lat="45.37152651697397" lon="22.208347404375672">
        <ele>333.93</ele>
      </trkpt>
      <trkpt lat="45.37152484059334" lon="22.208312368020415">
        <ele>334.22</ele>
      </trkpt>
      <trkpt lat="45.37153230048716" lon="22.20822662115097">
        <ele>334.58</ele>
      </trkpt>
      <trkpt lat="45.37154948338866" lon="22.208141880109906">
        <ele>334.97</ele>
      </trkpt>
      <trkpt lat="45.37155769765377" lon="22.208107011392713">
        <ele>335.36</ele>
      </trkpt>
      <trkpt lat="45.37157437764108" lon="22.20803953707218">
        <ele>335.79</ele>
      </trkpt>
      <trkpt lat="45.371579406782985" lon="22.20796762034297">
        <ele>336.24</ele>
      </trkpt>
      <trkpt lat="45.37159759551287" lon="22.20790760591626">
        <ele>336.71</ele>
      </trkpt>
      <trkpt lat="45.371618466451764" lon="22.207849184051156">
        <ele>337.19</ele>
      </trkpt>
      <trkpt lat="45.37164654582739" lon="22.207734268158674">
        <ele>337.69</ele>
      </trkpt>
      <trkpt lat="45.37165626883507" lon="22.207647347822785">
        <ele>338.17</ele>
      </trkpt>
      <trkpt lat="45.37165425717831" lon="22.20760359428823">
        <ele>338.63</ele>
      </trkpt>
      <trkpt lat="45.37167286500335" lon="22.20753318630159">
        <ele>339.1</ele>
      </trkpt>
      <trkpt lat="45.371729442849755" lon="22.20743604004383">
        <ele>339.6</ele>
      </trkpt>
      <trkpt lat="45.37174922414124" lon="22.207412319257855">
        <ele>340.05</ele>
      </trkpt>
      <trkpt lat="45.37188568152487" lon="22.20734844915569">
        <ele>340.58</ele>
      </trkpt>
      <trkpt lat="45.37190554663539" lon="22.207340486347675">
        <ele>340.97</ele>
      </trkpt>
      <trkpt lat="45.37194133736193" lon="22.20732606947422">
        <ele>341.34</ele>
      </trkpt>
      <trkpt lat="45.37199355661869" lon="22.20731282606721">
        <ele>341.69</ele>
      </trkpt>
      <trkpt lat="45.372080309316516" lon="22.207280807197094">
        <ele>342.01</ele>
      </trkpt>
      <trkpt lat="45.372100342065096" lon="22.207271503284574">
        <ele>342.25</ele>
      </trkpt>
      <trkpt lat="45.37215381860733" lon="22.207225067541003">
        <ele>342.45</ele>
      </trkpt>
      <trkpt lat="45.37220067344606" lon="22.207170920446515">
        <ele>342.6</ele>
      </trkpt>
      <trkpt lat="45.372370490804315" lon="22.207020884379745">
        <ele>342.67</ele>
      </trkpt>
      <trkpt lat="45.37246663123369" lon="22.206952990964055">
        <ele>342.73</ele>
      </trkpt>
      <trkpt lat="45.372555144131184" lon="22.2068799007684">
        <ele>342.73</ele>
      </trkpt>
      <trkpt lat="45.37265622988343" lon="22.20676808618009">
        <ele>342.69</ele>
      </trkpt>
      <trkpt lat="45.372699899598956" lon="22.20673229545355">
        <ele>342.67</ele>
      </trkpt>
      <trkpt lat="45.37274323403835" lon="22.206688793376088">
        <ele>342.61</ele>
      </trkpt>
      <trkpt lat="45.37277919240296" lon="22.206638837233186">
        <ele>342.51</ele>
      </trkpt>
      <trkpt lat="45.3728583175689" lon="22.20655015669763">
        <ele>342.4</ele>
      </trkpt>
      <trkpt lat="45.37289201281965" lon="22.206506486982107">
        <ele>342.28</ele>
      </trkpt>
      <trkpt lat="45.37292059510946" lon="22.206456111744046">
        <ele>342.16</ele>
      </trkpt>
      <trkpt lat="45.372939789667726" lon="22.206388972699642">
        <ele>342.04</ele>
      </trkpt>
      <trkpt lat="45.372974993661046" lon="22.20624966546893">
        <ele>341.89</ele>
      </trkpt>
      <trkpt lat="45.37299192510545" lon="22.20616953447461">
        <ele>341.75</ele>
      </trkpt>
      <trkpt lat="45.37300894036889" lon="22.20608973875642">
        <ele>341.6</ele>
      </trkpt>
      <trkpt lat="45.37305143661797" lon="22.205860996618867">
        <ele>341.42</ele>
      </trkpt>
      <trkpt lat="45.37307498976588" lon="22.2057521995157">
        <ele>341.29</ele>
      </trkpt>
      <trkpt lat="45.373089741915464" lon="22.205715738236904">
        <ele>341.17</ele>
      </trkpt>
      <trkpt lat="45.37311723455787" lon="22.205641474574804">
        <ele>341.07</ele>
      </trkpt>
      <trkpt lat="45.37318236194551" lon="22.205411391332746">
        <ele>341.04</ele>
      </trkpt>
      <trkpt lat="45.373171381652355" lon="22.205285830423236">
        <ele>340.99</ele>
      </trkpt>
      <trkpt lat="45.37316920235753" lon="22.20525280572474">
        <ele>340.9</ele>
      </trkpt>
      <trkpt lat="45.37316191010177" lon="22.20522112213075">
        <ele>340.82</ele>
      </trkpt>
      <trkpt lat="45.37315252237022" lon="22.20516429282725">
        <ele>340.74</ele>
      </trkpt>
      <trkpt lat="45.3731120377779" lon="22.205066308379173">
        <ele>340.67</ele>
      </trkpt>
      <trkpt lat="45.37309938110411" lon="22.20503286458552">
        <ele>340.59</ele>
      </trkpt>
      <trkpt lat="45.3730774205178" lon="22.20500403083861">
        <ele>340.5</ele>
      </trkpt>
      <trkpt lat="45.37304883822799" lon="22.20498265698552">
        <ele>340.42</ele>
      </trkpt>
      <trkpt lat="45.37300307303667" lon="22.20489808358252">
        <ele>340.35</ele>
      </trkpt>
      <trkpt lat="45.37296744994819" lon="22.204802865162492">
        <ele>340.28</ele>
      </trkpt>
      <trkpt lat="45.37295940332115" lon="22.204772690311074">
        <ele>340.22</ele>
      </trkpt>
      <trkpt lat="45.372935431078076" lon="22.204620726406574">
        <ele>340.19</ele>
      </trkpt>
      <trkpt lat="45.37292839027941" lon="22.204271871596575">
        <ele>340.15</ele>
      </trkpt>
      <trkpt lat="45.37292964756489" lon="22.20413432456553">
        <ele>340.11</ele>
      </trkpt>
      <trkpt lat="45.372934844344854" lon="22.20399065874517">
        <ele>340.06</ele>
      </trkpt>
      <trkpt lat="45.37292964756489" lon="22.203900385648012">
        <ele>340.03</ele>
      </trkpt>
      <trkpt lat="45.37292143329978" lon="22.203709445893764">
        <ele>340.01</ele>
      </trkpt>
      <trkpt lat="45.37291657179594" lon="22.20360416918993">
        <ele>340.04</ele>
      </trkpt>
      <trkpt lat="45.37290517240763" lon="22.20349419862032">
        <ele>340.1</ele>
      </trkpt>
      <trkpt lat="45.372902657836676" lon="22.203290099278092">
        <ele>340.18</ele>
      </trkpt>
      <trkpt lat="45.37293015047908" lon="22.203113492578268">
        <ele>340.31</ele>
      </trkpt>
      <trkpt lat="45.37293610163033" lon="22.203037636354566">
        <ele>340.49</ele>
      </trkpt>
      <trkpt lat="45.37294825538993" lon="22.202969323843718">
        <ele>340.71</ele>
      </trkpt>
      <trkpt lat="45.37296602502465" lon="22.202830770984292">
        <ele>340.99</ele>
      </trkpt>
      <trkpt lat="45.37298211827874" lon="22.202775701880455">
        <ele>341.32</ele>
      </trkpt>
      <trkpt lat="45.373012544587255" lon="22.2026473749429">
        <ele>341.7</ele>
      </trkpt>
      <trkpt lat="45.37297474220395" lon="22.202482922002673">
        <ele>342.07</ele>
      </trkpt>
      <trkpt lat="45.37294381298125" lon="22.20242944546044">
        <ele>342.55</ele>
      </trkpt>
      <trkpt lat="45.372896287590265" lon="22.20236792229116">
        <ele>343.12</ele>
      </trkpt>
      <trkpt lat="45.37288480438292" lon="22.20235526561737">
        <ele>343.75</ele>
      </trkpt>
      <trkpt lat="45.37261256016791" lon="22.202160889282823">
        <ele>345.19</ele>
      </trkpt>
      <trkpt lat="45.3723403159529" lon="22.201966512948275">
        <ele>346.07</ele>
      </trkpt>
      <trkpt lat="45.372068071737885" lon="22.20177222043276">
        <ele>347.03</ele>
      </trkpt>
      <trkpt lat="45.371795827522874" lon="22.20157784409821">
        <ele>348.06</ele>
      </trkpt>
      <trkpt lat="45.37152358330786" lon="22.201383551582694">
        <ele>349.15</ele>
      </trkpt>
      <trkpt lat="45.37125133909285" lon="22.201189175248146">
        <ele>350.26</ele>
      </trkpt>
      <trkpt lat="45.37097909487784" lon="22.200994798913598">
        <ele>351.39</ele>
      </trkpt>
      <trkpt lat="45.37070685066283" lon="22.200800506398082">
        <ele>352.58</ele>
      </trkpt>
      <trkpt lat="45.37043435499072" lon="22.200606046244502">
        <ele>353.79</ele>
      </trkpt>
      <trkpt lat="45.3703904338181" lon="22.200614511966705">
        <ele>354.78</ele>
      </trkpt>
      <trkpt lat="45.370385153219104" lon="22.200612165033817">
        <ele>362.01</ele>
      </trkpt>
      <trkpt lat="45.37036193534732" lon="22.20061618834734">
        <ele>362.6</ele>
      </trkpt>
      <trkpt lat="45.3703386336565" lon="22.200618283823133">
        <ele>363.16</ele>
      </trkpt>
      <trkpt lat="45.37031206302345" lon="22.200616439804435">
        <ele>363.68</ele>
      </trkpt>
      <trkpt lat="45.37029404193163" lon="22.20061224885285">
        <ele>364.17</ele>
      </trkpt>
      <trkpt lat="45.37026487290859" lon="22.20061090774834">
        <ele>364.61</ele>
      </trkpt>
      <trkpt lat="45.370250288397074" lon="22.200604369863868">
        <ele>365.02</ele>
      </trkpt>
      <trkpt lat="45.370207792147994" lon="22.200578218325973">
        <ele>365.41</ele>
      </trkpt>
      <trkpt lat="45.37018566392362" lon="22.200559694319963">
        <ele>365.75</ele>
      </trkpt>
      <trkpt lat="45.37018558010459" lon="22.20055961050093">
        <ele>365.76</ele>
      </trkpt>
      <trkpt lat="45.370150627568364" lon="22.200520550832152">
        <ele>366.1</ele>
      </trkpt>
      <trkpt lat="45.370131600648165" lon="22.200495908036828">
        <ele>366.39</ele>
      </trkpt>
      <trkpt lat="45.370079381391406" lon="22.200437737628818">
        <ele>366.68</ele>
      </trkpt>
      <trkpt lat="45.37007368169725" lon="22.200423991307616">
        <ele>366.93</ele>
      </trkpt>
      <trkpt lat="45.37007334642112" lon="22.200412759557366">
        <ele>367.14</ele>
      </trkpt>
      <trkpt lat="45.37007334642112" lon="22.200376465916634">
        <ele>367.35</ele>
      </trkpt>
      <trkpt lat="45.37006295286119" lon="22.200335394591093">
        <ele>367.54</ele>
      </trkpt>
      <trkpt lat="45.37006345577538" lon="22.2002780623734">
        <ele>367.72</ele>
      </trkpt>
      <trkpt lat="45.37005121819675" lon="22.200253838673234">
        <ele>367.86</ele>
      </trkpt>
      <trkpt lat="45.37004887126386" lon="22.2002487257123">
        <ele>367.97</ele>
      </trkpt>
      <trkpt lat="45.37001810967922" lon="22.20020673237741">
        <ele>368.09</ele>
      </trkpt>
      <trkpt lat="45.36998198367655" lon="22.200148478150368">
        <ele>368.19</ele>
      </trkpt>
      <trkpt lat="45.3699363861233" lon="22.200067341327667">
        <ele>368.26</ele>
      </trkpt>
      <trkpt lat="45.36991937085986" lon="22.20004982315004">
        <ele>368.31</ele>
      </trkpt>
      <trkpt lat="45.36990822292864" lon="22.200038423761725">
        <ele>368.34</ele>
      </trkpt>
      <trkpt lat="45.36990026012063" lon="22.20002643764019">
        <ele>368.36</ele>
      </trkpt>
      <trkpt lat="45.36989254876971" lon="22.200017469003797">
        <ele>368.37</ele>
      </trkpt>
      <trkpt lat="45.36988609470427" lon="22.200008668005466">
        <ele>368.37</ele>
      </trkpt>
      <trkpt lat="45.36987477913499" lon="22.199989389628172">
        <ele>368.37</ele>
      </trkpt>
      <trkpt lat="45.36987234838307" lon="22.199979750439525">
        <ele>368.36</ele>
      </trkpt>
      <trkpt lat="45.36986698396504" lon="22.199965501204133">
        <ele>368.34</ele>
      </trkpt>
      <trkpt lat="45.36984167061746" lon="22.199932727962732">
        <ele>368.31</ele>
      </trkpt>
      <trkpt lat="45.36983731202781" lon="22.19992778263986">
        <ele>368.28</ele>
      </trkpt>
      <trkpt lat="45.36979665979743" lon="22.19989651814103">
        <ele>367.72</ele>
      </trkpt>
      <trkpt lat="45.369777381420135" lon="22.199878077954054">
        <ele>367.71</ele>
      </trkpt>
      <trkpt lat="45.36971594206989" lon="22.199815632775426">
        <ele>367.71</ele>
      </trkpt>
      <trkpt lat="45.369705464690924" lon="22.199804987758398">
        <ele>367.71</ele>
      </trkpt>
      <trkpt lat="45.369703536853194" lon="22.19980515539646">
        <ele>367.7</ele>
      </trkpt>
      <trkpt lat="45.36961393430829" lon="22.199722593650222">
        <ele>367.96</ele>
      </trkpt>
      <trkpt lat="45.369603876024485" lon="22.199711864814162">
        <ele>368.16</ele>
      </trkpt>
      <trkpt lat="45.36958367563784" lon="22.199688982218504">
        <ele>368.38</ele>
      </trkpt>
      <trkpt lat="45.369565235450864" lon="22.199642211198807">
        <ele>368.64</ele>
      </trkpt>
      <trkpt lat="45.36955090239644" lon="22.199615305289626">
        <ele>368.91</ele>
      </trkpt>
      <trkpt lat="45.369544280692935" lon="22.19959896057844">
        <ele>369.19</ele>
      </trkpt>
      <trkpt lat="45.369528187438846" lon="22.19957632943988">
        <ele>369.49</ele>
      </trkpt>
      <trkpt lat="45.36952047608793" lon="22.19956375658512">
        <ele>369.81</ele>
      </trkpt>
      <trkpt lat="45.369486110284925" lon="22.199506843462586">
        <ele>370.17</ele>
      </trkpt>
      <trkpt lat="45.36945568397641" lon="22.1994698792696">
        <ele>370.53</ele>
      </trkpt>
      <trkpt lat="45.36942978389561" lon="22.19943911768496">
        <ele>370.9</ele>
      </trkpt>
      <trkpt lat="45.36940245889127" lon="22.19940885901451">
        <ele>371.28</ele>
      </trkpt>
      <trkpt lat="45.369383012875915" lon="22.199377343058586">
        <ele>371.69</ele>
      </trkpt>
      <trkpt lat="45.36937588825822" lon="22.1993506886065">
        <ele>372.1</ele>
      </trkpt>
      <trkpt lat="45.36937169730663" lon="22.199338283389807">
        <ele>372.51</ele>
      </trkpt>
      <trkpt lat="45.369362477213144" lon="22.199326045811176">
        <ele>372.92</ele>
      </trkpt>
      <trkpt lat="45.369341438636184" lon="22.19930659979582">
        <ele>373.35</ele>
      </trkpt>
      <trkpt lat="45.369321489706635" lon="22.199287991970778">
        <ele>373.79</ele>
      </trkpt>
      <trkpt lat="45.369312688708305" lon="22.199279107153416">
        <ele>374.23</ele>
      </trkpt>
      <trkpt lat="45.36928553134203" lon="22.199242059141397">
        <ele>374.69</ele>
      </trkpt>
      <trkpt lat="45.36926122382283" lon="22.199206352233887">
        <ele>375.15</ele>
      </trkpt>
      <trkpt lat="45.369247728958726" lon="22.199196377769113">
        <ele>375.6</ele>
      </trkpt>
      <trkpt lat="45.36922979168594" lon="22.199162766337395">
        <ele>376.07</ele>
      </trkpt>
      <trkpt lat="45.36922040395439" lon="22.199147595092654">
        <ele>376.53</ele>
      </trkpt>
      <trkpt lat="45.36918494850397" lon="22.19908288680017">
        <ele>377.01</ele>
      </trkpt>
      <trkpt lat="45.36914387717843" lon="22.19897643662989">
        <ele>377.51</ele>
      </trkpt>
      <trkpt lat="45.36914228461683" lon="22.19896512106061">
        <ele>377.94</ele>
      </trkpt>
      <trkpt lat="45.369125017896295" lon="22.198889013379812">
        <ele>378.41</ele>
      </trkpt>
      <trkpt lat="45.3691282030195" lon="22.198867304250598">
        <ele>378.84</ele>
      </trkpt>
      <trkpt lat="45.36912417970598" lon="22.19882153905928">
        <ele>379.26</ele>
      </trkpt>
      <trkpt lat="45.36912141367793" lon="22.198761273175478">
        <ele>379.66</ele>
      </trkpt>
      <trkpt lat="45.36912518553436" lon="22.198712741956115">
        <ele>380.03</ele>
      </trkpt>
      <trkpt lat="45.36912669427693" lon="22.19855658710003">
        <ele>380.41</ele>
      </trkpt>
      <trkpt lat="45.36913029849529" lon="22.19850721769035">
        <ele>380.73</ele>
      </trkpt>
      <trkpt lat="45.36913708783686" lon="22.19845357351005">
        <ele>381.0</ele>
      </trkpt>
      <trkpt lat="45.36912535317242" lon="22.198391715064645">
        <ele>381.25</ele>
      </trkpt>
      <trkpt lat="45.36913415417075" lon="22.19833337701857">
        <ele>381.47</ele>
      </trkpt>
      <trkpt lat="45.3691696934402" lon="22.19826841726899">
        <ele>381.67</ele>
      </trkpt>
      <trkpt lat="45.36919467151165" lon="22.19822097569704">
        <ele>381.82</ele>
      </trkpt>
      <trkpt lat="45.36919944919646" lon="22.198200523853302">
        <ele>381.94</ele>
      </trkpt>
      <trkpt lat="45.36921872757375" lon="22.198184179142118">
        <ele>382.03</ele>
      </trkpt>
      <trkpt lat="45.36923733539879" lon="22.19815685413778">
        <ele>382.09</ele>
      </trkpt>
      <trkpt lat="45.369255524128675" lon="22.198127433657646">
        <ele>382.12</ele>
      </trkpt>
      <trkpt lat="45.369267258793116" lon="22.19809642061591">
        <ele>382.12</ele>
      </trkpt>
      <trkpt lat="45.36927639506757" lon="22.19805182889104">
        <ele>382.09</ele>
      </trkpt>
      <trkpt lat="45.36927958019078" lon="22.198007069528103">
        <ele>382.02</ele>
      </trkpt>
      <trkpt lat="45.369285866618156" lon="22.19795702956617">
        <ele>381.93</ele>
      </trkpt>
      <trkpt lat="45.36928653717041" lon="22.197926687076688">
        <ele>381.81</ele>
      </trkpt>
      <trkpt lat="45.369290644302964" lon="22.19781395047903">
        <ele>381.64</ele>
      </trkpt>
      <trkpt lat="45.369288213551044" lon="22.197796516120434">
        <ele>381.47</ele>
      </trkpt>
      <trkpt lat="45.3692870400846" lon="22.197793498635292">
        <ele>381.29</ele>
      </trkpt>
      <trkpt lat="45.36929131485522" lon="22.19774949364364">
        <ele>379.47</ele>
      </trkpt>
      <trkpt lat="45.36929030902684" lon="22.19772107899189">
        <ele>379.13</ele>
      </trkpt>
      <trkpt lat="45.369287710636854" lon="22.197670871391892">
        <ele>378.77</ele>
      </trkpt>
      <trkpt lat="45.36928494460881" lon="22.19764438457787">
        <ele>378.41</ele>
      </trkpt>
      <trkpt lat="45.36926994100213" lon="22.19757154583931">
        <ele>378.02</ele>
      </trkpt>
      <trkpt lat="45.369241861626506" lon="22.197444224730134">
        <ele>377.58</ele>
      </trkpt>
      <trkpt lat="45.36924337036908" lon="22.19744305126369">
        <ele>377.21</ele>
      </trkpt>
      <trkpt lat="45.369242867454886" lon="22.197426203638315">
        <ele>376.82</ele>
      </trkpt>
      <trkpt lat="45.36924387328327" lon="22.197328889742494">
        <ele>376.41</ele>
      </trkpt>
      <trkpt lat="45.369246220216155" lon="22.19729444012046">
        <ele>376.02</ele>
      </trkpt>
      <trkpt lat="45.369255021214485" lon="22.19718798995018">
        <ele>375.59</ele>
      </trkpt>
      <trkpt lat="45.3692664206028" lon="22.197032002732158">
        <ele>375.17</ele>
      </trkpt>
      <trkpt lat="45.36926650442183" lon="22.19699453562498">
        <ele>374.79</ele>
      </trkpt>
      <trkpt lat="45.36926323547959" lon="22.19695103354752">
        <ele>374.41</ele>
      </trkpt>
      <trkpt lat="45.36925527267158" lon="22.196904430165887">
        <ele>374.04</ele>
      </trkpt>
      <trkpt lat="45.369251165539026" lon="22.196863694116473">
        <ele>373.67</ele>
      </trkpt>
      <trkpt lat="45.36925091408193" lon="22.19682639464736">
        <ele>373.3</ele>
      </trkpt>
      <trkpt lat="45.3692524228245" lon="22.196789514273405">
        <ele>372.93</ele>
      </trkpt>
      <trkpt lat="45.36925175227225" lon="22.19675313681364">
        <ele>372.57</ele>
      </trkpt>
      <trkpt lat="45.36924546584487" lon="22.19668080098927">
        <ele>372.2</ele>
      </trkpt>
      <trkpt lat="45.369245801121" lon="22.196640903130174">
        <ele>371.84</ele>
      </trkpt>
      <trkpt lat="45.36926700733602" lon="22.196519868448377">
        <ele>371.47</ele>
      </trkpt>
      <trkpt lat="45.36926650442183" lon="22.196495477110147">
        <ele>371.11</ele>
      </trkpt>
      <trkpt lat="45.369264325127006" lon="22.19645951874554">
        <ele>370.75</ele>
      </trkpt>
      <trkpt lat="45.36926222965121" lon="22.196414675563574">
        <ele>370.39</ele>
      </trkpt>
      <trkpt lat="45.36925963126123" lon="22.196367233991623">
        <ele>370.03</ele>
      </trkpt>
      <trkpt lat="45.36926491186023" lon="22.196188112720847">
        <ele>369.65</ele>
      </trkpt>
      <trkpt lat="45.36926650442183" lon="22.196120470762253">
        <ele>369.27</ele>
      </trkpt>
      <trkpt lat="45.36928368732333" lon="22.19598309136927">
        <ele>368.86</ele>
      </trkpt>
      <trkpt lat="45.36929139867425" lon="22.195917796343565">
        <ele>368.46</ele>
      </trkpt>
      <trkpt lat="45.369300032034516" lon="22.19584328122437">
        <ele>368.05</ele>
      </trkpt>
      <trkpt lat="45.36931377835572" lon="22.195694083347917">
        <ele>367.61</ele>
      </trkpt>
      <trkpt lat="45.3693285305053" lon="22.1956155449152">
        <ele>367.2</ele>
      </trkpt>
      <trkpt lat="45.36937387660146" lon="22.195452684536576">
        <ele>366.75</ele>
      </trkpt>
      <trkpt lat="45.36940690129995" lon="22.195370877161622">
        <ele>366.35</ele>
      </trkpt>
      <trkpt lat="45.369475884363055" lon="22.195215057581663">
        <ele>365.94</ele>
      </trkpt>
      <trkpt lat="45.36948971450329" lon="22.19512637704611">
        <ele>365.52</ele>
      </trkpt>
      <trkpt lat="45.36950153298676" lon="22.195038618519902">
        <ele>365.11</ele>
      </trkpt>
      <trkpt lat="45.36950966343284" lon="22.194939041510224">
        <ele>364.69</ele>
      </trkpt>
      <trkpt lat="45.36951561458409" lon="22.194840218871832">
        <ele>364.26</ele>
      </trkpt>
      <trkpt lat="45.369517961516976" lon="22.194636706262827">
        <ele>363.83</ele>
      </trkpt>
      <trkpt lat="45.36950706504285" lon="22.1945362072438">
        <ele>363.43</ele>
      </trkpt>
      <trkpt lat="45.36949139088392" lon="22.194356499239802">
        <ele>363.01</ele>
      </trkpt>
      <trkpt lat="45.36947915330529" lon="22.194193387404084">
        <ele>362.65</ele>
      </trkpt>
      <trkpt lat="45.36946817301214" lon="22.19413463026285">
        <ele>362.32</ele>
      </trkpt>
      <trkpt lat="45.36945358850062" lon="22.194080902263522">
        <ele>362.01</ele>
      </trkpt>
      <trkpt lat="45.36943020299077" lon="22.193996161222458">
        <ele>361.73</ele>
      </trkpt>
      <trkpt lat="45.36942819133401" lon="22.19397093169391">
        <ele>361.48</ele>
      </trkpt>
      <trkpt lat="45.36942542530596" lon="22.193952659144998">
        <ele>361.25</ele>
      </trkpt>
      <trkpt lat="45.3694234136492" lon="22.19394586980343">
        <ele>361.04</ele>
      </trkpt>
      <trkpt lat="45.369422072544694" lon="22.193930698558688">
        <ele>361.05</ele>
      </trkpt>
      <trkpt lat="45.36942592822015" lon="22.193918880075216">
        <ele>361.07</ele>
      </trkpt>
      <trkpt lat="45.36942961625755" lon="22.19390538521111">
        <ele>361.09</ele>
      </trkpt>
      <trkpt lat="45.36943808197975" lon="22.193884095177054">
        <ele>361.11</ele>
      </trkpt>
      <trkpt lat="45.36949600093067" lon="22.19385500997305">
        <ele>361.14</ele>
      </trkpt>
      <trkpt lat="45.36950890906155" lon="22.193850399926305">
        <ele>361.16</ele>
      </trkpt>
      <trkpt lat="45.369525253772736" lon="22.193846879526973">
        <ele>361.19</ele>
      </trkpt>
      <trkpt lat="45.36959012970328" lon="22.19384813681245">
        <ele>361.22</ele>
      </trkpt>
      <trkpt lat="45.36960546858609" lon="22.193852746859193">
        <ele>361.25</ele>
      </trkpt>
      <trkpt lat="45.36966288462281" lon="22.193868421018124">
        <ele>361.28</ele>
      </trkpt>
      <trkpt lat="45.369674703106284" lon="22.19386674463749">
        <ele>361.31</ele>
      </trkpt>
      <trkpt lat="45.36968627013266" lon="22.19385844655335">
        <ele>361.35</ele>
      </trkpt>
      <trkpt lat="45.369702111929655" lon="22.19384428113699">
        <ele>361.38</ele>
      </trkpt>
      <trkpt lat="45.36971208639443" lon="22.193851824849844">
        <ele>361.76</ele>
      </trkpt>
      <trkpt lat="45.369784254580736" lon="22.193877641111612">
        <ele>361.77</ele>
      </trkpt>
      <trkpt lat="45.36979724653065" lon="22.193886442109942">
        <ele>361.79</ele>
      </trkpt>
      <trkpt lat="45.36987293511629" lon="22.193980235606432">
        <ele>361.79</ele>
      </trkpt>
      <trkpt lat="45.369904451072216" lon="22.194018876180053">
        <ele>361.79</ele>
      </trkpt>
      <trkpt lat="45.36993772722781" lon="22.1940700057894">
        <ele>361.79</ele>
      </trkpt>
      <trkpt lat="45.36994032561779" lon="22.19407193362713">
        <ele>361.77</ele>
      </trkpt>
      <trkpt lat="45.3699482884258" lon="22.194112921133637">
        <ele>361.67</ele>
      </trkpt>
      <trkpt lat="45.36995742470026" lon="22.19418534077704">
        <ele>361.63</ele>
      </trkpt>
      <trkpt lat="45.36997494287789" lon="22.194234626367688">
        <ele>361.55</ele>
      </trkpt>
      <trkpt lat="45.370072424411774" lon="22.194414418190718">
        <ele>361.44</ele>
      </trkpt>
      <trkpt lat="45.370132103562355" lon="22.194555234164">
        <ele>361.31</ele>
      </trkpt>
      <trkpt lat="45.37015926092863" lon="22.194631090387702">
        <ele>361.16</ele>
      </trkpt>
      <trkpt lat="45.370184322819114" lon="22.194702001288533">
        <ele>360.96</ele>
      </trkpt>
      <trkpt lat="45.370206367224455" lon="22.194766206666827">
        <ele>360.73</ele>
      </trkpt>
      <trkpt lat="45.370231596753" lon="22.19482890330255">
        <ele>360.48</ele>
      </trkpt>
      <trkpt lat="45.37026587873697" lon="22.19488799571991">
        <ele>360.19</ele>
      </trkpt>
      <trkpt lat="45.370351960882545" lon="22.194982124492526">
        <ele>359.85</ele>
      </trkpt>
      <trkpt lat="45.370529321953654" lon="22.195128807798028">
        <ele>359.44</ele>
      </trkpt>
      <trkpt lat="45.370581122115254" lon="22.195186894387007">
        <ele>359.07</ele>
      </trkpt>
      <trkpt lat="45.37064231000841" lon="22.195247244089842">
        <ele>358.67</ele>
      </trkpt>
      <trkpt lat="45.37069335579872" lon="22.195305917412043">
        <ele>358.26</ele>
      </trkpt>
      <trkpt lat="45.370799638330936" lon="22.195398872718215">
        <ele>357.79</ele>
      </trkpt>
      <trkpt lat="45.37086049094796" lon="22.195440027862787">
        <ele>357.32</ele>
      </trkpt>
      <trkpt lat="45.37093953229487" lon="22.195484368130565">
        <ele>356.81</ele>
      </trkpt>
      <trkpt lat="45.37103676237166" lon="22.195563409477472">
        <ele>356.28</ele>
      </trkpt>
      <trkpt lat="45.37108696997166" lon="22.19561219215393">
        <ele>355.73</ele>
      </trkpt>
      <trkpt lat="45.37111395969987" lon="22.19568394124508">
        <ele>355.17</ele>
      </trkpt>
      <trkpt lat="45.371157797053456" lon="22.195736495777965">
        <ele>354.56</ele>
      </trkpt>
      <trkpt lat="45.37122535519302" lon="22.195781422778964">
        <ele>353.91</ele>
      </trkpt>
      <trkpt lat="45.37128645926714" lon="22.195793660357594">
        <ele>353.23</ele>
      </trkpt>
      <trkpt lat="45.37138628773391" lon="22.195825008675456">
        <ele>352.49</ele>
      </trkpt>
      <trkpt lat="45.3714248444885" lon="22.195866080000997">
        <ele>351.76</ele>
      </trkpt>
      <trkpt lat="45.37151914089918" lon="22.19614813104272">
        <ele>351.0</ele>
      </trkpt>
      <trkpt lat="45.3715456277132" lon="22.1962683275342">
        <ele>350.23</ele>
      </trkpt>
      <trkpt lat="45.37157949060202" lon="22.196356672793627">
        <ele>349.42</ele>
      </trkpt>
      <trkpt lat="45.37166900932789" lon="22.1965170186013">
        <ele>348.54</ele>
      </trkpt>
      <trkpt lat="45.37171536125243" lon="22.196574853733182">
        <ele>347.65</ele>
      </trkpt>
      <trkpt lat="45.37176590412855" lon="22.196618523448706">
        <ele>346.73</ele>
      </trkpt>
      <trkpt lat="45.37187478505075" lon="22.196695804595947">
        <ele>345.74</ele>
      </trkpt>
      <trkpt lat="45.37192214280367" lon="22.196737714111805">
        <ele>344.77</ele>
      </trkpt>
      <trkpt lat="45.37196606397629" lon="22.19676964916289">
        <ele>343.78</ele>
      </trkpt>
      <trkpt lat="45.372020797804" lon="22.19681323505938">
        <ele>342.76</ele>
      </trkpt>
      <trkpt lat="45.37210017442703" lon="22.196959583088756">
        <ele>341.71</ele>
      </trkpt>
      <trkpt lat="45.372143341228366" lon="22.197027979418635">
        <ele>340.66</ele>
      </trkpt>
      <trkpt lat="45.37218156270683" lon="22.197106182575226">
        <ele>339.6</ele>
      </trkpt>
      <trkpt lat="45.37222623825073" lon="22.197172986343503">
        <ele>338.55</ele>
      </trkpt>
      <trkpt lat="45.372343584895134" lon="22.19727147370577">
        <ele>337.44</ele>
      </trkpt>
      <trkpt lat="45.372454058378935" lon="22.19733417034149">
        <ele>336.34</ele>
      </trkpt>
      <trkpt lat="45.37250284105539" lon="22.197378845885396">
        <ele>335.3</ele>
      </trkpt>
      <trkpt lat="45.372576685622334" lon="22.197440452873707">
        <ele>334.25</ele>
      </trkpt>
      <trkpt lat="45.37271087989211" lon="22.197504239156842">
        <ele>333.18</ele>
      </trkpt>
      <trkpt lat="45.372793106362224" lon="22.197509938851">
        <ele>332.19</ele>
      </trkpt>
      <trkpt lat="45.37298211827874" lon="22.19751345925033">
        <ele>331.1</ele>
      </trkpt>
      <trkpt lat="45.37314187735319" lon="22.197543885558844">
        <ele>330.14</ele>
      </trkpt>
      <trkpt lat="45.373287722468376" lon="22.19758621416986">
        <ele>329.24</ele>
      </trkpt>
      <trkpt lat="45.37338528782129" lon="22.19762527383864">
        <ele>328.46</ele>
      </trkpt>
      <trkpt lat="45.37344974465668" lon="22.197627620771527">
        <ele>327.72</ele>
      </trkpt>
      <trkpt lat="45.373513363301754" lon="22.197604905813932">
        <ele>327.03</ele>
      </trkpt>
      <trkpt lat="45.37354965694249" lon="22.197588058188558">
        <ele>326.42</ele>
      </trkpt>
      <trkpt lat="45.373609252274036" lon="22.19755251891911">
        <ele>325.85</ele>
      </trkpt>
      <trkpt lat="45.37363808602095" lon="22.197533659636974">
        <ele>325.35</ele>
      </trkpt>
      <trkpt lat="45.37371067330241" lon="22.19751186668873">
        <ele>324.91</ele>
      </trkpt>
      <trkpt lat="45.37374520674348" lon="22.197507256641984">
        <ele>324.53</ele>
      </trkpt>
      <trkpt lat="45.3737769741565" lon="22.19751295633614">
        <ele>324.2</ele>
      </trkpt>
      <trkpt lat="45.37380530498922" lon="22.19752703793347">
        <ele>323.91</ele>
      </trkpt>
      <trkpt lat="45.37386003881693" lon="22.19756232574582">
        <ele>323.67</ele>
      </trkpt>
      <trkpt lat="45.373909743502736" lon="22.197591746225953">
        <ele>323.46</ele>
      </trkpt>
      <trkpt lat="45.37393673323095" lon="22.197598703205585">
        <ele>323.28</ele>
      </trkpt>
      <trkpt lat="45.374083584174514" lon="22.197578586637974">
        <ele>323.12</ele>
      </trkpt>
      <trkpt lat="45.37410093471408" lon="22.1975720487535">
        <ele>322.97</ele>
      </trkpt>
      <trkpt lat="45.37410730496049" lon="22.197567271068692">
        <ele>322.84</ele>
      </trkpt>
      <trkpt lat="45.374112417921424" lon="22.197578167542815">
        <ele>322.52</ele>
      </trkpt>
      <trkpt lat="45.37412499077618" lon="22.197590991854668">
        <ele>322.42</ele>
      </trkpt>
      <trkpt lat="45.374148208647966" lon="22.197610856965184">
        <ele>322.31</ele>
      </trkpt>
      <trkpt lat="45.37415960803628" lon="22.197617227211595">
        <ele>322.19</ele>
      </trkpt>
      <trkpt lat="45.374236637726426" lon="22.19765075482428">
        <ele>322.05</ele>
      </trkpt>
      <trkpt lat="45.37436010316014" lon="22.197689143940806">
        <ele>321.89</ele>
      </trkpt>
      <trkpt lat="45.37444777786732" lon="22.197692496702075">
        <ele>321.7</ele>
      </trkpt>
      <trkpt lat="45.37454039789736" lon="22.197690485045314">
        <ele>321.49</ele>
      </trkpt>
      <trkpt lat="45.37465506233275" lon="22.197656203061342">
        <ele>321.24</ele>
      </trkpt>
      <trkpt lat="45.37469261325896" lon="22.197627369314432">
        <ele>321.02</ele>
      </trkpt>
      <trkpt lat="45.37476008757949" lon="22.197548495605588">
        <ele>320.75</ele>
      </trkpt>
      <trkpt lat="45.37481792271137" lon="22.197455624118447">
        <ele>320.47</ele>
      </trkpt>
      <trkpt lat="45.37484331987798" lon="22.197406589984894">
        <ele>320.18</ele>
      </trkpt>
      <trkpt lat="45.374867375940084" lon="22.19735261052847">
        <ele>319.87</ele>
      </trkpt>
      <trkpt lat="45.374893778935075" lon="22.197309779003263">
        <ele>319.56</ele>
      </trkpt>
      <trkpt lat="45.374919259920716" lon="22.197273317724466">
        <ele>319.23</ele>
      </trkpt>
      <trkpt lat="45.37494884803891" lon="22.19723090529442">
        <ele>318.89</ele>
      </trkpt>
      <trkpt lat="45.37498296238482" lon="22.19719234853983">
        <ele>318.52</ele>
      </trkpt>
      <trkpt lat="45.375054795295" lon="22.197117833420634">
        <ele>318.13</ele>
      </trkpt>
      <trkpt lat="45.37509452551603" lon="22.19707324169576">
        <ele>317.72</ele>
      </trkpt>
      <trkpt lat="45.37517951801419" lon="22.196986405178905">
        <ele>317.29</ele>
      </trkpt>
      <trkpt lat="45.37522042170167" lon="22.196947680786252">
        <ele>316.88</ele>
      </trkpt>
      <trkpt lat="45.37525805644691" lon="22.19691088423133">
        <ele>316.46</ele>
      </trkpt>
      <trkpt lat="45.37530088797212" lon="22.19687819480896">
        <ele>316.02</ele>
      </trkpt>
      <trkpt lat="45.37534690462053" lon="22.196849277243018">
        <ele>315.58</ele>
      </trkpt>
      <trkpt lat="45.375441117212176" lon="22.19679856672883">
        <ele>315.09</ele>
      </trkpt>
      <trkpt lat="45.37548386491835" lon="22.196779707446694">
        <ele>314.63</ele>
      </trkpt>
      <trkpt lat="45.3755262773484" lon="22.19676772132516">
        <ele>314.16</ele>
      </trkpt>
      <trkpt lat="45.375563744455576" lon="22.19676629640162">
        <ele>313.68</ele>
      </trkpt>
      <trkpt lat="45.37559316493571" lon="22.19678004272282">
        <ele>313.2</ele>
      </trkpt>
      <trkpt lat="45.37561973556876" lon="22.19680242240429">
        <ele>312.72</ele>
      </trkpt>
      <trkpt lat="45.37566524930298" lon="22.196860928088427">
        <ele>312.23</ele>
      </trkpt>
      <trkpt lat="45.37568620406091" lon="22.196881296113133">
        <ele>311.72</ele>
      </trkpt>
      <trkpt lat="45.37570992484689" lon="22.19688951037824">
        <ele>311.2</ele>
      </trkpt>
      <trkpt lat="45.37576331757009" lon="22.196884648874402">
        <ele>310.65</ele>
      </trkpt>
      <trkpt lat="45.375797683373094" lon="22.19686847180128">
        <ele>310.1</ele>
      </trkpt>
      <trkpt lat="45.37583079189062" lon="22.19684693031013">
        <ele>309.54</ele>
      </trkpt>
      <trkpt lat="45.37586842663586" lon="22.196810049936175">
        <ele>308.96</ele>
      </trkpt>
      <trkpt lat="45.37590069696307" lon="22.196764620020986">
        <ele>308.36</ele>
      </trkpt>
      <trkpt lat="45.375951239839196" lon="22.196668731048703">
        <ele>307.75</ele>
      </trkpt>
      <trkpt lat="45.37597890011966" lon="22.196620535105467">
        <ele>307.14</ele>
      </trkpt>
      <trkpt lat="45.37600614130497" lon="22.19658407382667">
        <ele>306.53</ele>
      </trkpt>
      <trkpt lat="45.3760389983654" lon="22.196551216766238">
        <ele>305.88</ele>
      </trkpt>
      <trkpt lat="45.376057270914316" lon="22.196552557870746">
        <ele>305.25</ele>
      </trkpt>
      <trkpt lat="45.376078644767404" lon="22.196561191231012">
        <ele>304.61</ele>
      </trkpt>
      <trkpt lat="45.37610446102917" lon="22.196588180959225">
        <ele>303.95</ele>
      </trkpt>
      <trkpt lat="45.37611477077007" lon="22.19659572467208">
        <ele>303.29</ele>
      </trkpt>
      <trkpt lat="45.37613161839545" lon="22.196590108796954">
        <ele>302.61</ele>
      </trkpt>
      <trkpt lat="45.376220298931" lon="22.196517270058393">
        <ele>301.85</ele>
      </trkpt>
      <trkpt lat="45.37629749625921" lon="22.19642565585673">
        <ele>301.1</ele>
      </trkpt>
      <trkpt lat="45.376336639747024" lon="22.196376202628016">
        <ele>300.4</ele>
      </trkpt>
      <trkpt lat="45.37646437995136" lon="22.196300514042377">
        <ele>299.64</ele>
      </trkpt>
      <trkpt lat="45.37662656977773" lon="22.196261789649725">
        <ele>298.87</ele>
      </trkpt>
      <trkpt lat="45.37671818397939" lon="22.19622742384672">
        <ele>298.17</ele>
      </trkpt>
      <trkpt lat="45.37673603743315" lon="22.19619322568178">
        <ele>297.55</ele>
      </trkpt>
      <trkpt lat="45.376731511205435" lon="22.196122063323855">
        <ele>296.95</ele>
      </trkpt>
      <trkpt lat="45.37670385092497" lon="22.196082333102822">
        <ele>296.41</ele>
      </trkpt>
      <trkpt lat="45.37662606686354" lon="22.196036064997315">
        <ele>295.91</ele>
      </trkpt>
      <trkpt lat="45.37658960558474" lon="22.19600982964039">
        <ele>295.42</ele>
      </trkpt>
      <trkpt lat="45.37655054591596" lon="22.19596884213388">
        <ele>294.95</ele>
      </trkpt>
      <trkpt lat="45.37643420509994" lon="22.19583406113088">
        <ele>294.49</ele>
      </trkpt>
      <trkpt lat="45.376410987228155" lon="22.195776225998998">
        <ele>294.06</ele>
      </trkpt>
      <trkpt lat="45.376414339989424" lon="22.195759462192655">
        <ele>293.65</ele>
      </trkpt>
      <trkpt lat="45.37642473354936" lon="22.195751247927547">
        <ele>293.28</ele>
      </trkpt>
      <trkpt lat="45.37643847987056" lon="22.195752253755927">
        <ele>292.93</ele>
      </trkpt>
      <trkpt lat="45.3764568362385" lon="22.195766419172287">
        <ele>292.6</ele>
      </trkpt>
      <trkpt lat="45.37647854536772" lon="22.19579533673823">
        <ele>292.3</ele>
      </trkpt>
      <trkpt lat="45.37650612182915" lon="22.1958002820611">
        <ele>292.01</ele>
      </trkpt>
      <trkpt lat="45.376532608643174" lon="22.19579734839499">
        <ele>291.74</ele>
      </trkpt>
      <trkpt lat="45.376612823456526" lon="22.19579583965242">
        <ele>291.47</ele>
      </trkpt>
      <trkpt lat="45.376698235049844" lon="22.195778572931886">
        <ele>291.21</ele>
      </trkpt>
      <trkpt lat="45.37677912041545" lon="22.19574311748147">
        <ele>290.97</ele>
      </trkpt>
      <trkpt lat="45.37687936797738" lon="22.19571126624942">
        <ele>290.74</ele>
      </trkpt>
      <trkpt lat="45.37692035548389" lon="22.195709003135562">
        <ele>290.58</ele>
      </trkpt>
      <trkpt lat="45.37694483064115" lon="22.195712691172957">
        <ele>290.44</ele>
      </trkpt>
      <trkpt lat="45.376977855339646" lon="22.19571034424007">
        <ele>290.32</ele>
      </trkpt>
      <trkpt lat="45.37705731578171" lon="22.195710595697165">
        <ele>290.22</ele>
      </trkpt>
      <trkpt lat="45.377087239176035" lon="22.195720821619034">
        <ele>290.14</ele>
      </trkpt>
      <trkpt lat="45.37713082507253" lon="22.195729203522205">
        <ele>290.07</ele>
      </trkpt>
      <trkpt lat="45.37717969156802" lon="22.195771364495158">
        <ele>290.01</ele>
      </trkpt>
      <trkpt lat="45.37732251919806" lon="22.19593263231218">
        <ele>289.93</ele>
      </trkpt>
      <trkpt lat="45.37735579535365" lon="22.195977978408337">
        <ele>289.88</ele>
      </trkpt>
      <trkpt lat="45.37743148393929" lon="22.196072190999985">
        <ele>289.83</ele>
      </trkpt>
      <trkpt lat="45.37745838984847" lon="22.19611342996359">
        <ele>289.8</ele>
      </trkpt>
      <trkpt lat="45.37751806899905" lon="22.19622490927577">
        <ele>289.79</ele>
      </trkpt>
      <trkpt lat="45.37751790136099" lon="22.196259945631027">
        <ele>289.78</ele>
      </trkpt>
      <trkpt lat="45.3775189910084" lon="22.196289030835032">
        <ele>289.78</ele>
      </trkpt>
      <trkpt lat="45.37752686999738" lon="22.196343345567584">
        <ele>289.8</ele>
      </trkpt>
      <trkpt lat="45.377545645460486" lon="22.19638810493052">
        <ele>289.83</ele>
      </trkpt>
      <trkpt lat="45.37755964323878" lon="22.196443928405643">
        <ele>289.86</ele>
      </trkpt>
      <trkpt lat="45.37756484001875" lon="22.196458177641034">
        <ele>289.9</ele>
      </trkpt>
      <trkpt lat="45.377574395388365" lon="22.196470415219665">
        <ele>290.55</ele>
      </trkpt>
      <trkpt lat="45.37756911478937" lon="22.19649212434888">
        <ele>291.55</ele>
      </trkpt>
      <trkpt lat="45.37755947560072" lon="22.19651165418327">
        <ele>291.47</ele>
      </trkpt>
      <trkpt lat="45.377556374296546" lon="22.196535291150212">
        <ele>291.37</ele>
      </trkpt>
      <trkpt lat="45.377553943544626" lon="22.196559431031346">
        <ele>291.25</ele>
      </trkpt>
      <trkpt lat="45.37755746394396" lon="22.196576362475753">
        <ele>288.79</ele>
      </trkpt>
      <trkpt lat="45.3775552008301" lon="22.196641992777586">
        <ele>288.38</ele>
      </trkpt>
      <trkpt lat="45.37755612283945" lon="22.196690775454044">
        <ele>287.95</ele>
      </trkpt>
      <trkpt lat="45.377541622146964" lon="22.196765039116144">
        <ele>287.47</ele>
      </trkpt>
      <trkpt lat="45.377538688480854" lon="22.196804266422987">
        <ele>287.0</ele>
      </trkpt>
      <trkpt lat="45.377532402053475" lon="22.196863442659378">
        <ele>286.49</ele>
      </trkpt>
      <trkpt lat="45.37750977091491" lon="22.197007024660707">
        <ele>285.94</ele>
      </trkpt>
      <trkpt lat="45.377499209716916" lon="22.19708388671279">
        <ele>285.42</ele>
      </trkpt>
      <trkpt lat="45.37749895825982" lon="22.197170136496425">
        <ele>284.89</ele>
      </trkpt>
      <trkpt lat="45.377507926896214" lon="22.197266360744834">
        <ele>284.38</ele>
      </trkpt>
      <trkpt lat="45.37752485834062" lon="22.19735705293715">
        <ele>283.87</ele>
      </trkpt>
      <trkpt lat="45.37757322192192" lon="22.19751630909741">
        <ele>283.35</ele>
      </trkpt>
      <trkpt lat="45.37759996019304" lon="22.19758336432278">
        <ele>282.84</ele>
      </trkpt>
      <trkpt lat="45.37762267515063" lon="22.197653437033296">
        <ele>282.34</ele>
      </trkpt>
      <trkpt lat="45.37763533182442" lon="22.19774161465466">
        <ele>281.83</ele>
      </trkpt>
      <trkpt lat="45.37764061242342" lon="22.197821410372853">
        <ele>281.32</ele>
      </trkpt>
      <trkpt lat="45.3776466473937" lon="22.19792878255248">
        <ele>280.84</ele>
      </trkpt>
      <trkpt lat="45.37765678949654" lon="22.197971446439624">
        <ele>280.4</ele>
      </trkpt>
      <trkpt lat="45.37767028436065" lon="22.198008494451642">
        <ele>279.98</ele>
      </trkpt>
      <trkpt lat="45.37767824716866" lon="22.198034897446632">
        <ele>279.59</ele>
      </trkpt>
      <trkpt lat="45.3776796720922" lon="22.19807823188603">
        <ele>279.21</ele>
      </trkpt>
      <trkpt lat="45.37768361158669" lon="22.198142940178514">
        <ele>278.85</ele>
      </trkpt>
      <trkpt lat="45.37769635207951" lon="22.19818535260856">
        <ele>278.53</ele>
      </trkpt>
      <trkpt lat="45.37770414724946" lon="22.1982058044523">
        <ele>278.25</ele>
      </trkpt>
      <trkpt lat="45.37771211005747" lon="22.198214689269662">
        <ele>278.0</ele>
      </trkpt>
      <trkpt lat="45.37771529518068" lon="22.198226172477007">
        <ele>277.79</ele>
      </trkpt>
      <trkpt lat="45.377717139199376" lon="22.19824251718819">
        <ele>277.6</ele>
      </trkpt>
      <trkpt lat="45.37772476673126" lon="22.19829129986465">
        <ele>277.45</ele>
      </trkpt>
      <trkpt lat="45.37772761657834" lon="22.19833773560822">
        <ele>277.33</ele>
      </trkpt>
      <trkpt lat="45.37772560492158" lon="22.198370844125748">
        <ele>277.25</ele>
      </trkpt>
      <trkpt lat="45.377727365121245" lon="22.198406048119068">
        <ele>277.2</ele>
      </trkpt>
      <trkpt lat="45.37773055024445" lon="22.19843010418117">
        <ele>277.19</ele>
      </trkpt>
      <trkpt lat="45.377736166119576" lon="22.198469415307045">
        <ele>277.22</ele>
      </trkpt>
      <trkpt lat="45.37774220108986" lon="22.19852440059185">
        <ele>277.28</ele>
      </trkpt>
      <trkpt lat="45.377758629620075" lon="22.198584163561463">
        <ele>277.38</ele>
      </trkpt>
      <trkpt lat="45.37777338176966" lon="22.198620373383164">
        <ele>277.52</ele>
      </trkpt>
      <trkpt lat="45.37780581973493" lon="22.19865197315812">
        <ele>277.71</ele>
      </trkpt>
      <trkpt lat="45.37783230654895" lon="22.198672089725733">
        <ele>277.92</ele>
      </trkpt>
      <trkpt lat="45.37784630432725" lon="22.198683321475983">
        <ele>278.16</ele>
      </trkpt>
      <trkpt lat="45.37788653746247" lon="22.19871047884226">
        <ele>278.44</ele>
      </trkpt>
      <trkpt lat="45.3779437020421" lon="22.198741240426898">
        <ele>278.76</ele>
      </trkpt>
      <trkpt lat="45.37797236815095" lon="22.19875104725361">
        <ele>279.08</ele>
      </trkpt>
      <trkpt lat="45.378025844693184" lon="22.198779713362455">
        <ele>279.44</ele>
      </trkpt>
      <trkpt lat="45.378037076443434" lon="22.19878231175244">
        <ele>279.8</ele>
      </trkpt>
      <trkpt lat="45.37806180305779" lon="22.198792370036244">
        <ele>280.18</ele>
      </trkpt>
      <trkpt lat="45.37808485329151" lon="22.198800332844257">
        <ele>280.58</ele>
      </trkpt>
      <trkpt lat="45.37809742614627" lon="22.198806451633573">
        <ele>280.98</ele>
      </trkpt>
      <trkpt lat="45.378117291256785" lon="22.198807541280985">
        <ele>281.4</ele>
      </trkpt>
      <trkpt lat="45.37820261903107" lon="22.198830423876643">
        <ele>281.87</ele>
      </trkpt>
      <trkpt lat="45.378235979005694" lon="22.198839224874973">
        <ele>282.31</ele>
      </trkpt>
      <trkpt lat="45.378298508003354" lon="22.198842745274305">
        <ele>282.79</ele>
      </trkpt>
      <trkpt lat="45.378327844664454" lon="22.198856826871634">
        <ele>283.22</ele>
      </trkpt>
      <trkpt lat="45.37834536284208" lon="22.19888012856245">
        <ele>283.65</ele>
      </trkpt>
      <trkpt lat="45.37835198454559" lon="22.198895551264286">
        <ele>284.07</ele>
      </trkpt>
      <trkpt lat="45.378360617905855" lon="22.19890946522355">
        <ele>284.5</ele>
      </trkpt>
      <trkpt lat="45.378419710323215" lon="22.198945926502347">
        <ele>284.95</ele>
      </trkpt>
      <trkpt lat="45.378487184643745" lon="22.198991691693664">
        <ele>285.41</ele>
      </trkpt>
      <trkpt lat="45.3785031940788" lon="22.19900853931904">
        <ele>285.84</ele>
      </trkpt>
      <trkpt lat="45.378582905977964" lon="22.19909219071269">
        <ele>286.28</ele>
      </trkpt>
      <trkpt lat="45.37863655015826" lon="22.199127227067947">
        <ele>286.73</ele>
      </trkpt>
      <trkpt lat="45.378651805222034" lon="22.199135776609182">
        <ele>287.17</ele>
      </trkpt>
      <trkpt lat="45.378714920952916" lon="22.199157485738397">
        <ele>287.64</ele>
      </trkpt>
      <trkpt lat="45.37873084656894" lon="22.1991556417197">
        <ele>288.09</ele>
      </trkpt>
      <trkpt lat="45.378757333382964" lon="22.199146505445242">
        <ele>288.56</ele>
      </trkpt>
      <trkpt lat="45.37880435585976" lon="22.199126724153757">
        <ele>289.05</ele>
      </trkpt>
      <trkpt lat="45.37882715463638" lon="22.199114486575127">
        <ele>289.53</ele>
      </trkpt>
      <trkpt lat="45.378852719441056" lon="22.199104093015194">
        <ele>290.01</ele>
      </trkpt>
      <trkpt lat="45.37886705249548" lon="22.19909898005426">
        <ele>290.49</ele>
      </trkpt>
      <trkpt lat="45.37892145104706" lon="22.199074840173125">
        <ele>291.0</ele>
      </trkpt>
      <trkpt lat="45.37893368862569" lon="22.19906972721219">
        <ele>291.49</ele>
      </trkpt>
      <trkpt lat="45.378943076357245" lon="22.199064698070288">
        <ele>291.98</ele>
      </trkpt>
      <trkpt lat="45.37896126508713" lon="22.199041731655598">
        <ele>292.48</ele>
      </trkpt>
      <trkpt lat="45.37897367030382" lon="22.199030499905348">
        <ele>292.99</ele>
      </trkpt>
      <trkpt lat="45.37898565642536" lon="22.199018094688654">
        <ele>293.49</ele>
      </trkpt>
      <trkpt lat="45.37902974523604" lon="22.198949698358774">
        <ele>294.04</ele>
      </trkpt>
      <trkpt lat="45.379038378596306" lon="22.19893586821854">
        <ele>294.55</ele>
      </trkpt>
      <trkpt lat="45.379090597853065" lon="22.19882447272539">
        <ele>295.14</ele>
      </trkpt>
      <trkpt lat="45.37910275161266" lon="22.198788514360785">
        <ele>295.66</ele>
      </trkpt>
      <trkpt lat="45.37912219762802" lon="22.19872271642089">
        <ele>296.19</ele>
      </trkpt>
      <trkpt lat="45.37912052124739" lon="22.198697486892343">
        <ele>297.17</ele>
      </trkpt>
      <trkpt lat="45.379122449085116" lon="22.198676699772477">
        <ele>297.66</ele>
      </trkpt>
      <trkpt lat="45.37914206273854" lon="22.198568070307374">
        <ele>298.2</ele>
      </trkpt>
      <trkpt lat="45.37914399057627" lon="22.198545522987843">
        <ele>298.68</ele>
      </trkpt>
      <trkpt lat="45.37915086373687" lon="22.198502272367477">
        <ele>299.15</ele>
      </trkpt>
      <trkpt lat="45.37916771136224" lon="22.198416106402874">
        <ele>299.62</ele>
      </trkpt>
      <trkpt lat="45.379173243418336" lon="22.198392134159803">
        <ele>300.06</ele>
      </trkpt>
      <trkpt lat="45.37917894311249" lon="22.19836941920221">
        <ele>300.49</ele>
      </trkpt>
      <trkpt lat="45.37918405607343" lon="22.198346201330423">
        <ele>300.91</ele>
      </trkpt>
      <trkpt lat="45.37918950431049" lon="22.198275877162814">
        <ele>301.33</ele>
      </trkpt>
      <trkpt lat="45.37919545546174" lon="22.198232542723417">
        <ele>301.73</ele>
      </trkpt>
      <trkpt lat="45.37920534610748" lon="22.198193985968828">
        <ele>302.12</ele>
      </trkpt>
      <trkpt lat="45.379225211218" lon="22.1980831772089">
        <ele>302.5</ele>
      </trkpt>
      <trkpt lat="45.37922973744571" lon="22.19805962406099">
        <ele>302.86</ele>
      </trkpt>
      <trkpt lat="45.37922621704638" lon="22.197955772280693">
        <ele>303.22</ele>
      </trkpt>
      <trkpt lat="45.379226971417665" lon="22.197938086465">
        <ele>303.56</ele>
      </trkpt>
      <trkpt lat="45.379243064671755" lon="22.197796683758497">
        <ele>303.91</ele>
      </trkpt>
      <trkpt lat="45.37924339994788" lon="22.197773130610585">
        <ele>304.22</ele>
      </trkpt>
      <trkpt lat="45.3792614210397" lon="22.197655951604247">
        <ele>304.52</ele>
      </trkpt>
      <trkpt lat="45.379265528172255" lon="22.1976325660944">
        <ele>304.81</ele>
      </trkpt>
      <trkpt lat="45.37929402664304" lon="22.197486888617277">
        <ele>305.12</ele>
      </trkpt>
      <trkpt lat="45.37929939106107" lon="22.197440788149834">
        <ele>305.39</ele>
      </trkpt>
      <trkpt lat="45.379300229251385" lon="22.197431484237313">
        <ele>305.64</ele>
      </trkpt>
      <trkpt lat="45.37930249236524" lon="22.19743140041828">
        <ele>305.87</ele>
      </trkpt>
      <trkpt lat="45.379310538992286" lon="22.197398459538817">
        <ele>306.48</ele>
      </trkpt>
      <trkpt lat="45.379315400496125" lon="22.19737314619124">
        <ele>306.66</ele>
      </trkpt>
      <trkpt lat="45.379331577569246" lon="22.19729946926236">
        <ele>306.83</ele>
      </trkpt>
      <trkpt lat="45.37936292588711" lon="22.19716301187873">
        <ele>306.99</ele>
      </trkpt>
      <trkpt lat="45.37938656285405" lon="22.197117414325476">
        <ele>307.1</ele>
      </trkpt>
      <trkpt lat="45.37942654453218" lon="22.197058405727148">
        <ele>307.2</ele>
      </trkpt>
      <trkpt lat="45.379450684413314" lon="22.197025632485747">
        <ele>307.26</ele>
      </trkpt>
      <trkpt lat="45.379476584494114" lon="22.196995206177235">
        <ele>307.29</ele>
      </trkpt>
      <trkpt lat="45.3795550391078" lon="22.196936197578907">
        <ele>307.32</ele>
      </trkpt>
      <trkpt lat="45.37959351204336" lon="22.19692555256188">
        <ele>307.29</ele>
      </trkpt>
      <trkpt lat="45.37972133606672" lon="22.196953631937504">
        <ele>307.23</ele>
      </trkpt>
      <trkpt lat="45.37981923669577" lon="22.197043569758534">
        <ele>307.09</ele>
      </trkpt>
      <trkpt lat="45.379833318293095" lon="22.197057818993926">
        <ele>306.96</ele>
      </trkpt>
      <trkpt lat="45.37986148148775" lon="22.197085143998265">
        <ele>306.79</ele>
      </trkpt>
      <trkpt lat="45.379893919453025" lon="22.197120431810617">
        <ele>306.6</ele>
      </trkpt>
      <trkpt lat="45.38003037683666" lon="22.19731162302196">
        <ele>306.27</ele>
      </trkpt>
      <trkpt lat="45.38009156472981" lon="22.19738580286503">
        <ele>306.01</ele>
      </trkpt>
      <trkpt lat="45.380150405690074" lon="22.1974581386894">
        <ele>305.73</ele>
      </trkpt>
      <trkpt lat="45.38015216588974" lon="22.197463754564524">
        <ele>305.48</ele>
      </trkpt>
      <trkpt lat="45.38015509955585" lon="22.197467358782887">
        <ele>302.34</ele>
      </trkpt>
      <trkpt lat="45.38017856888473" lon="22.197490325197577">
        <ele>302.1</ele>
      </trkpt>
      <trkpt lat="45.380199775099754" lon="22.19750457443297">
        <ele>301.89</ele>
      </trkpt>
      <trkpt lat="45.38034696131945" lon="22.197641618549824">
        <ele>301.66</ele>
      </trkpt>
      <trkpt lat="45.380447041243315" lon="22.197755612432957">
        <ele>301.46</ele>
      </trkpt>
      <trkpt lat="45.380480233579874" lon="22.197800623252988">
        <ele>301.29</ele>
      </trkpt>
      <trkpt lat="45.38055952638388" lon="22.1978950034827">
        <ele>301.13</ele>
      </trkpt>
      <trkpt lat="45.38060747087002" lon="22.197942193597555">
        <ele>300.99</ele>
      </trkpt>
      <trkpt lat="45.380719285458326" lon="22.198036825284362">
        <ele>300.88</ele>
      </trkpt>
      <trkpt lat="45.38077770732343" lon="22.19809482805431">
        <ele>300.8</ele>
      </trkpt>
      <trkpt lat="45.38083218969405" lon="22.198161548003554">
        <ele>300.74</ele>
      </trkpt>
      <trkpt lat="45.380882900208235" lon="22.198231955990195">
        <ele>300.7</ele>
      </trkpt>
      <trkpt lat="45.381017765030265" lon="22.198408730328083">
        <ele>300.71</ele>
      </trkpt>
      <trkpt lat="45.38112614303827" lon="22.198530603200197">
        <ele>300.74</ele>
      </trkpt>
      <trkpt lat="45.38116553798318" lon="22.19856790266931">
        <ele>300.79</ele>
      </trkpt>
      <trkpt lat="45.38120610639453" lon="22.198592545464635">
        <ele>300.87</ele>
      </trkpt>
      <trkpt lat="45.38124524988234" lon="22.198605369776487">
        <ele>300.97</ele>
      </trkpt>
      <trkpt lat="45.38127944804728" lon="22.198611656203866">
        <ele>301.1</ele>
      </trkpt>
      <trkpt lat="45.3813286498189" lon="22.198607716709375">
        <ele>301.25</ele>
      </trkpt>
      <trkpt lat="45.3813508618623" lon="22.19861039891839">
        <ele>301.41</ele>
      </trkpt>
      <trkpt lat="45.38137081079185" lon="22.19860746525228">
        <ele>301.58</ele>
      </trkpt>
      <trkpt lat="45.38143183104694" lon="22.198595479130745">
        <ele>301.75</ele>
      </trkpt>
      <trkpt lat="45.381453204900026" lon="22.198598077520728">
        <ele>301.94</ele>
      </trkpt>
      <trkpt lat="45.38147298619151" lon="22.198599837720394">
        <ele>302.14</ele>
      </trkpt>
      <trkpt lat="45.38149486295879" lon="22.198599837720394">
        <ele>302.35</ele>
      </trkpt>
      <trkpt lat="45.38154783658683" lon="22.19859866425395">
        <ele>302.56</ele>
      </trkpt>
      <trkpt lat="45.381605587899685" lon="22.198591204360127">
        <ele>302.78</ele>
      </trkpt>
      <trkpt lat="45.381633415818214" lon="22.198588605970144">
        <ele>302.99</ele>
      </trkpt>
      <trkpt lat="45.381666691973805" lon="22.198579804971814">
        <ele>303.17</ele>
      </trkpt>
      <trkpt lat="45.38170030340552" lon="22.198555413633585">
        <ele>303.36</ele>
      </trkpt>
      <trkpt lat="45.38175285793841" lon="22.19852046109736">
        <ele>303.53</ele>
      </trkpt>
      <trkpt lat="45.381886549293995" lon="22.198439156636596">
        <ele>303.7</ele>
      </trkpt>
      <trkpt lat="45.381958885118365" lon="22.198398085311055">
        <ele>303.86</ele>
      </trkpt>
      <trkpt lat="45.38202275522053" lon="22.19835969619453">
        <ele>303.99</ele>
      </trkpt>
      <trkpt lat="45.38207723759115" lon="22.19832264818251">
        <ele>304.09</ele>
      </trkpt>
      <trkpt lat="45.38214974105358" lon="22.198257688432932">
        <ele>304.18</ele>
      </trkpt>
      <trkpt lat="45.38220439106226" lon="22.198215359821916">
        <ele>304.22</ele>
      </trkpt>
      <trkpt lat="45.38230321370065" lon="22.19813975505531">
        <ele>304.24</ele>
      </trkpt>
      <trkpt lat="45.38240874186158" lon="22.198006734251976">
        <ele>304.26</ele>
      </trkpt>
      <trkpt lat="45.38245207630098" lon="22.197968596592546">
        <ele>304.18</ele>
      </trkpt>
      <trkpt lat="45.38248627446592" lon="22.197953006252646">
        <ele>304.06</ele>
      </trkpt>
      <trkpt lat="45.382518880069256" lon="22.197954263538122">
        <ele>303.88</ele>
      </trkpt>
      <trkpt lat="45.38255224004388" lon="22.198012517765164">
        <ele>303.6</ele>
      </trkpt>
      <trkpt lat="45.38261468522251" lon="22.198145370930433">
        <ele>303.24</ele>
      </trkpt>
      <trkpt lat="45.382622899487615" lon="22.19821946695447">
        <ele>302.89</ele>
      </trkpt>
      <trkpt lat="45.382632203400135" lon="22.19830605201423">
        <ele>302.52</ele>
      </trkpt>
      <trkpt lat="45.38264695554972" lon="22.1983974147588">
        <ele>302.13</ele>
      </trkpt>
      <trkpt lat="45.38267972879112" lon="22.19848391599953">
        <ele>301.73</ele>
      </trkpt>
      <trkpt lat="45.382715687155724" lon="22.198583241552114">
        <ele>301.33</ele>
      </trkpt>
      <trkpt lat="45.38272088393569" lon="22.198619032278657">
        <ele>300.95</ele>
      </trkpt>
      <trkpt lat="45.382728511467576" lon="22.198681393638253">
        <ele>300.57</ele>
      </trkpt>
      <trkpt lat="45.382773438468575" lon="22.19879220239818">
        <ele>300.2</ele>
      </trkpt>
      <trkpt lat="45.38281291723251" lon="22.198892617598176">
        <ele>299.85</ele>
      </trkpt>
      <trkpt lat="45.38283621892333" lon="22.19893234781921">
        <ele>299.52</ele>
      </trkpt>
      <trkpt lat="45.38287268020213" lon="22.19899940304458">
        <ele>299.21</ele>
      </trkpt>
      <trkpt lat="45.38291333243251" lon="22.199096297845244">
        <ele>298.91</ele>
      </trkpt>
      <trkpt lat="45.38295499049127" lon="22.199224708601832">
        <ele>298.64</ele>
      </trkpt>
      <trkpt lat="45.38298734463751" lon="22.19934959895909">
        <ele>298.38</ele>
      </trkpt>
      <trkpt lat="45.38299513980746" lon="22.199380360543728">
        <ele>298.12</ele>
      </trkpt>
      <trkpt lat="45.38301165215671" lon="22.199469292536378">
        <ele>297.87</ele>
      </trkpt>
      <trkpt lat="45.383019614964724" lon="22.199546406045556">
        <ele>297.63</ele>
      </trkpt>
      <trkpt lat="45.38302757777274" lon="22.19959393143654">
        <ele>297.42</ele>
      </trkpt>
      <trkpt lat="45.383036797866225" lon="22.199630979448557">
        <ele>297.21</ele>
      </trkpt>
      <trkpt lat="45.38304291665554" lon="22.19966484233737">
        <ele>297.02</ele>
      </trkpt>
      <trkpt lat="45.38304576650262" lon="22.19968152232468">
        <ele>296.85</ele>
      </trkpt>
      <trkpt lat="45.38306831382215" lon="22.199810352176428">
        <ele>296.65</ele>
      </trkpt>
      <trkpt lat="45.38307284004986" lon="22.199831306934357">
        <ele>296.5</ele>
      </trkpt>
      <trkpt lat="45.38308088667691" lon="22.19993649981916">
        <ele>296.34</ele>
      </trkpt>
      <trkpt lat="45.38309798575938" lon="22.19997455365956">
        <ele>296.24</ele>
      </trkpt>
      <trkpt lat="45.383104775100946" lon="22.19998042099178">
        <ele>296.16</ele>
      </trkpt>
      <trkpt lat="45.38310511037707" lon="22.199982181191444">
        <ele>295.94</ele>
      </trkpt>
      <trkpt lat="45.38311718031764" lon="22.200008081272244">
        <ele>295.93</ele>
      </trkpt>
      <trkpt lat="45.38314986974001" lon="22.200070777907968">
        <ele>295.94</ele>
      </trkpt>
      <trkpt lat="45.3832074534148" lon="22.200184604153037">
        <ele>295.98</ele>
      </trkpt>
      <trkpt lat="45.38321382366121" lon="22.2001969255507">
        <ele>296.0</ele>
      </trkpt>
      <trkpt lat="45.383221535012126" lon="22.200195081532">
        <ele>296.11</ele>
      </trkpt>
      <trkpt lat="45.38322656415403" lon="22.20021109096706">
        <ele>297.12</ele>
      </trkpt>
      <trkpt lat="45.38322606123984" lon="22.200215198099613">
        <ele>297.14</ele>
      </trkpt>
      <trkpt lat="45.383227402344346" lon="22.200224585831165">
        <ele>297.16</ele>
      </trkpt>
      <trkpt lat="45.38322748616338" lon="22.200224921107292">
        <ele>297.17</ele>
      </trkpt>
      <trkpt lat="45.38323846645653" lon="22.200253503397107">
        <ele>297.2</ele>
      </trkpt>
      <trkpt lat="45.38325112313032" lon="22.20028636045754">
        <ele>297.24</ele>
      </trkpt>
      <trkpt lat="45.38326880894601" lon="22.200314607471228">
        <ele>297.29</ele>
      </trkpt>
      <trkpt lat="45.38328372873366" lon="22.200339417904615">
        <ele>297.33</ele>
      </trkpt>
      <trkpt lat="45.38328967988491" lon="22.200349727645516">
        <ele>297.37</ele>
      </trkpt>
      <trkpt lat="45.383310383185744" lon="22.200416028499603">
        <ele>297.4</ele>
      </trkpt>
      <trkpt lat="45.383320692926645" lon="22.20043882727623">
        <ele>297.44</ele>
      </trkpt>
      <trkpt lat="45.38332521915436" lon="22.200446035712957">
        <ele>297.48</ele>
      </trkpt>
      <trkpt lat="45.38333200849593" lon="22.20047260634601">
        <ele>297.51</ele>
      </trkpt>
      <trkpt lat="45.38333619944751" lon="22.200492974370718">
        <ele>297.56</ele>
      </trkpt>
      <trkpt lat="45.38334097713232" lon="22.200508061796427">
        <ele>297.6</ele>
      </trkpt>
      <trkpt lat="45.38336184807122" lon="22.200538655743003">
        <ele>297.66</ele>
      </trkpt>
      <trkpt lat="45.383366541936994" lon="22.20054930076003">
        <ele>297.71</ele>
      </trkpt>
      <trkpt lat="45.38337215781212" lon="22.20055910758674">
        <ele>297.76</ele>
      </trkpt>
      <trkpt lat="45.38337576203048" lon="22.200568160042167">
        <ele>297.82</ele>
      </trkpt>
      <trkpt lat="45.38338112644851" lon="22.20057704485953">
        <ele>297.87</ele>
      </trkpt>
      <trkpt lat="45.38338724523783" lon="22.2006010171026">
        <ele>297.93</ele>
      </trkpt>
      <trkpt lat="45.38339328020811" lon="22.200621971860528">
        <ele>297.98</ele>
      </trkpt>
      <trkpt lat="45.38340803235769" lon="22.200645860284567">
        <ele>298.05</ele>
      </trkpt>
      <trkpt lat="45.38343217223883" lon="22.2006943076849">
        <ele>298.12</ele>
      </trkpt>
      <trkpt lat="45.38343636319041" lon="22.200710736215115">
        <ele>298.18</ele>
      </trkpt>
      <trkpt lat="45.38344809785485" lon="22.200742168352008">
        <ele>298.24</ele>
      </trkpt>
      <trkpt lat="45.383460419252515" lon="22.200779300183058">
        <ele>298.3</ele>
      </trkpt>
      <trkpt lat="45.38347349502146" lon="22.200826490297914">
        <ele>298.37</ele>
      </trkpt>
      <trkpt lat="45.38347760215402" lon="22.200840739533305">
        <ele>298.43</ele>
      </trkpt>
      <trkpt lat="45.38347634486854" lon="22.200854569673538">
        <ele>298.48</ele>
      </trkpt>
      <trkpt lat="45.38349227048457" lon="22.200893461704254">
        <ele>298.55</ele>
      </trkpt>
      <trkpt lat="45.38349520415068" lon="22.20090108923614">
        <ele>298.61</ele>
      </trkpt>
      <trkpt lat="45.38349637761712" lon="22.200903268530965">
        <ele>298.67</ele>
      </trkpt>
      <trkpt lat="45.38350056856871" lon="22.2009221278131">
        <ele>298.8</ele>
      </trkpt>
      <trkpt lat="45.38350165821612" lon="22.200941490009427">
        <ele>298.86</ele>
      </trkpt>
      <trkpt lat="45.383514147251844" lon="22.2009792085737">
        <ele>298.94</ele>
      </trkpt>
      <trkpt lat="45.38352160714567" lon="22.200998403131962">
        <ele>299.01</ele>
      </trkpt>
      <trkpt lat="45.38352956995368" lon="22.201016256585717">
        <ele>299.09</ele>
      </trkpt>
      <trkpt lat="45.38355538621545" lon="22.20107308588922">
        <ele>299.18</ele>
      </trkpt>
      <trkpt lat="45.38356519304216" lon="22.201085574924946">
        <ele>299.26</ele>
      </trkpt>
      <trkpt lat="45.38357357494533" lon="22.20110485330224">
        <ele>299.35</ele>
      </trkpt>
      <trkpt lat="45.383610455319285" lon="22.20118246972561">
        <ele>299.45</ele>
      </trkpt>
      <trkpt lat="45.38361799903214" lon="22.201205100864172">
        <ele>299.54</ele>
      </trkpt>
      <trkpt lat="45.38364230655134" lon="22.20127592794597">
        <ele>299.65</ele>
      </trkpt>
      <trkpt lat="45.38364825770259" lon="22.201295038685203">
        <ele>299.75</ele>
      </trkpt>
      <trkpt lat="45.38365663960576" lon="22.201314568519592">
        <ele>299.87</ele>
      </trkpt>
      <trkpt lat="45.38366233929992" lon="22.201335188001394">
        <ele>300.0</ele>
      </trkpt>
      <trkpt lat="45.383694274351" lon="22.201448092237115">
        <ele>300.13</ele>
      </trkpt>
      <trkpt lat="45.383705170825124" lon="22.20149184577167">
        <ele>300.27</ele>
      </trkpt>
      <trkpt lat="45.38372738286853" lon="22.201564433053136">
        <ele>300.43</ele>
      </trkpt>
      <trkpt lat="45.38374121300876" lon="22.201593602076173">
        <ele>300.59</ele>
      </trkpt>
      <trkpt lat="45.3837476670742" lon="22.201611371710896">
        <ele>300.77</ele>
      </trkpt>
      <trkpt lat="45.3837531991303" lon="22.201621681451797">
        <ele>300.95</ele>
      </trkpt>
      <trkpt lat="45.38375923410058" lon="22.201636685058475">
        <ele>301.15</ele>
      </trkpt>
      <trkpt lat="45.383769208565354" lon="22.20167708583176">
        <ele>301.36</ele>
      </trkpt>
      <trkpt lat="45.383781446143985" lon="22.20170332118869">
        <ele>301.58</ele>
      </trkpt>
      <trkpt lat="45.383789325132966" lon="22.201723270118237">
        <ele>301.79</ele>
      </trkpt>
      <trkpt lat="45.38378706201911" lon="22.201740704476833">
        <ele>302.02</ele>
      </trkpt>
      <trkpt lat="45.38379737176001" lon="22.20177431590855">
        <ele>302.25</ele>
      </trkpt>
      <trkpt lat="45.38381036370993" lon="22.201839108020067">
        <ele>302.5</ele>
      </trkpt>
      <trkpt lat="45.383834252133965" lon="22.20192234031856">
        <ele>302.77</ele>
      </trkpt>
      <trkpt lat="45.383847914636135" lon="22.201989563181996">
        <ele>303.04</ele>
      </trkpt>
      <trkpt lat="45.38386031985283" lon="22.20205712132156">
        <ele>303.29</ele>
      </trkpt>
      <trkpt lat="45.38387683220208" lon="22.20215544104576">
        <ele>303.55</ele>
      </trkpt>
      <trkpt lat="45.38388395681977" lon="22.20217497088015">
        <ele>303.77</ele>
      </trkpt>
      <trkpt lat="45.38389409892261" lon="22.202230878174305">
        <ele>303.98</ele>
      </trkpt>
      <trkpt lat="45.383896781131625" lon="22.20224378630519">
        <ele>304.18</ele>
      </trkpt>
      <trkpt lat="45.38390105590224" lon="22.202256442978978">
        <ele>304.37</ele>
      </trkpt>
      <trkpt lat="45.38390818051994" lon="22.20228142105043">
        <ele>304.55</ele>
      </trkpt>
      <trkpt lat="45.38391111418605" lon="22.202284689992666">
        <ele>304.72</ele>
      </trkpt>
      <trkpt lat="45.38391748443246" lon="22.2023175470531">
        <ele>306.11</ele>
      </trkpt>
      <trkpt lat="45.38392771035433" lon="22.202348727732897">
        <ele>306.05</ele>
      </trkpt>
      <trkpt lat="45.38395646028221" lon="22.20238108187914">
        <ele>305.9</ele>
      </trkpt>
      <trkpt lat="45.38397355936468" lon="22.202402874827385">
        <ele>305.8</ele>
      </trkpt>
      <trkpt lat="45.38400733843446" lon="22.202453166246414">
        <ele>305.66</ele>
      </trkpt>
      <trkpt lat="45.38403374142945" lon="22.202499769628048">
        <ele>305.51</ele>
      </trkpt>
      <trkpt lat="45.384042374789715" lon="22.202510498464108">
        <ele>305.36</ele>
      </trkpt>
      <trkpt lat="45.38404463790357" lon="22.20251116901636">
        <ele>305.2</ele>
      </trkpt>
      <trkpt lat="45.38404639810324" lon="22.20251653343439">
        <ele>301.61</ele>
      </trkpt>
      <trkpt lat="45.38405301980674" lon="22.20253413543105">
        <ele>301.14</ele>
      </trkpt>
      <trkpt lat="45.38406617939472" lon="22.202575793489814">
        <ele>300.64</ele>
      </trkpt>
      <trkpt lat="45.38407489657402" lon="22.202594820410013">
        <ele>300.12</ele>
      </trkpt>
      <trkpt lat="45.38415838032961" lon="22.202793722972274">
        <ele>299.45</ele>
      </trkpt>
      <trkpt lat="45.384179167449474" lon="22.202836889773607">
        <ele>298.88</ele>
      </trkpt>
      <trkpt lat="45.38424622267485" lon="22.20296211540699">
        <ele>298.22</ele>
      </trkpt>
      <trkpt lat="45.38426944054663" lon="22.20300704240799">
        <ele>297.64</ele>
      </trkpt>
      <trkpt lat="45.38429785519838" lon="22.203055741265416">
        <ele>297.05</ele>
      </trkpt>
      <trkpt lat="45.3843264374882" lon="22.20310477539897">
        <ele>296.46</ele>
      </trkpt>
      <trkpt lat="45.384353175759315" lon="22.20315556973219">
        <ele>295.87</ele>
      </trkpt>
      <trkpt lat="45.38437890820205" lon="22.203206615522504">
        <ele>295.29</ele>
      </trkpt>
      <trkpt lat="45.38440749049187" lon="22.20326109789312">
        <ele>294.7</ele>
      </trkpt>
      <trkpt lat="45.384437162429094" lon="22.20331985503435">
        <ele>294.14</ele>
      </trkpt>
      <trkpt lat="45.38449994288385" lon="22.203443236649036">
        <ele>293.58</ele>
      </trkpt>
      <trkpt lat="45.38457529619336" lon="22.203555637970567">
        <ele>293.04</ele>
      </trkpt>
      <trkpt lat="45.38471611216664" lon="22.203774908557534">
        <ele>292.5</ele>
      </trkpt>
      <trkpt lat="45.38479029200971" lon="22.203884795308113">
        <ele>291.97</ele>
      </trkpt>
      <trkpt lat="45.38487486541271" lon="22.203984959051013">
        <ele>291.47</ele>
      </trkpt>
      <trkpt lat="45.384918954223394" lon="22.204027120023966">
        <ele>291.0</ele>
      </trkpt>
      <trkpt lat="45.38500319235027" lon="22.20410012640059">
        <ele>290.55</ele>
      </trkpt>
      <trkpt lat="45.38504141382873" lon="22.204138599336147">
        <ele>290.12</ele>
      </trkpt>
      <trkpt lat="45.38514585234225" lon="22.204254353418946">
        <ele>289.72</ele>
      </trkpt>
      <trkpt lat="45.385253224521875" lon="22.204378321766853">
        <ele>289.33</ele>
      </trkpt>
      <trkpt lat="45.385289434343576" lon="22.204425428062677">
        <ele>288.96</ele>
      </trkpt>
      <trkpt lat="45.38540141656995" lon="22.20457940362394">
        <ele>288.59</ele>
      </trkpt>
      <trkpt lat="45.38548590615392" lon="22.204696079716086">
        <ele>288.23</ele>
      </trkpt>
      <trkpt lat="45.38560777902603" lon="22.204901687800884">
        <ele>287.85</ele>
      </trkpt>
      <trkpt lat="45.38565019145608" lon="22.204963881522417">
        <ele>287.58</ele>
      </trkpt>
      <trkpt lat="45.38569268770516" lon="22.205023057758808">
        <ele>287.33</ele>
      </trkpt>
      <trkpt lat="45.385723281651735" lon="22.205081395804882">
        <ele>287.11</ele>
      </trkpt>
      <trkpt lat="45.385734932497144" lon="22.205145936459303">
        <ele>286.91</ele>
      </trkpt>
      <trkpt lat="45.38574155420065" lon="22.205214584246278">
        <ele>286.73</ele>
      </trkpt>
      <trkpt lat="45.385756557807326" lon="22.20528549514711">
        <ele>286.57</ele>
      </trkpt>
      <trkpt lat="45.3857905883342" lon="22.205405356362462">
        <ele>286.43</ele>
      </trkpt>
      <trkpt lat="45.38580399937928" lon="22.205431926995516">
        <ele>286.33</ele>
      </trkpt>
      <trkpt lat="45.38581774570048" lon="22.20546537078917">
        <ele>286.24</ele>
      </trkpt>
      <trkpt lat="45.38582419976592" lon="22.20548640936613">
        <ele>286.17</ele>
      </trkpt>
      <trkpt lat="45.385824870318174" lon="22.20550208352506">
        <ele>286.12</ele>
      </trkpt>
      <trkpt lat="45.38585546426475" lon="22.20559042878449">
        <ele>286.07</ele>
      </trkpt>
      <trkpt lat="45.385878179222345" lon="22.205637032166123">
        <ele>286.03</ele>
      </trkpt>
      <trkpt lat="45.385881029069424" lon="22.20566527917981">
        <ele>286.01</ele>
      </trkpt>
      <trkpt lat="45.38589561358094" lon="22.205724455416203">
        <ele>285.99</ele>
      </trkpt>
      <trkpt lat="45.38590240292251" lon="22.205753456801176">
        <ele>285.98</ele>
      </trkpt>
      <trkpt lat="45.385913802310824" lon="22.205781284719706">
        <ele>285.96</ele>
      </trkpt>
      <trkpt lat="45.38592335768044" lon="22.20581028610468">
        <ele>285.94</ele>
      </trkpt>
      <trkpt lat="45.385937355458736" lon="22.205845490098">
        <ele>285.92</ele>
      </trkpt>
      <trkpt lat="45.38595302961767" lon="22.205872731283307">
        <ele>285.88</ele>
      </trkpt>
      <trkpt lat="45.385989993810654" lon="22.205954706296325">
        <ele>285.82</ele>
      </trkpt>
      <trkpt lat="45.38599225692451" lon="22.205959232524037">
        <ele>284.9</ele>
      </trkpt>
      <trkpt lat="45.38599519059062" lon="22.205959735438228">
        <ele>284.63</ele>
      </trkpt>
      <trkpt lat="45.38599871098995" lon="22.20596518367529">
        <ele>284.31</ele>
      </trkpt>
      <trkpt lat="45.38600533269346" lon="22.20597742125392">
        <ele>283.94</ele>
      </trkpt>
      <trkpt lat="45.38601145148277" lon="22.205998208373785">
        <ele>283.51</ele>
      </trkpt>
      <trkpt lat="45.38602452725172" lon="22.206028969958425">
        <ele>283.03</ele>
      </trkpt>
      <trkpt lat="45.38602930493653" lon="22.206037687137723">
        <ele>282.5</ele>
      </trkpt>
      <trkpt lat="45.38604078814387" lon="22.206049170345068">
        <ele>281.91</ele>
      </trkpt>
      <trkpt lat="45.38605839014053" lon="22.206061659380794">
        <ele>281.27</ele>
      </trkpt>
      <trkpt lat="45.38613818585873" lon="22.206139778718352">
        <ele>280.54</ele>
      </trkpt>
      <trkpt lat="45.3862242680043" lon="22.206229465082288">
        <ele>279.75</ele>
      </trkpt>
      <trkpt lat="45.3863365855068" lon="22.20633214339614">
        <ele>278.9</ele>
      </trkpt>
      <trkpt lat="45.38647027686238" lon="22.206466840580106">
        <ele>277.96</ele>
      </trkpt>
      <trkpt lat="45.38655946031213" lon="22.2065672557801">
        <ele>276.99</ele>
      </trkpt>
      <trkpt lat="45.38661972619593" lon="22.20662391744554">
        <ele>276.0</ele>
      </trkpt>
      <trkpt lat="45.38668376393616" lon="22.20668938010931">
        <ele>274.95</ele>
      </trkpt>
      <trkpt lat="45.3867734503001" lon="22.206754591315985">
        <ele>273.85</ele>
      </trkpt>
      <trkpt lat="45.38685944862664" lon="22.206856682896614">
        <ele>272.71</ele>
      </trkpt>
      <trkpt lat="45.38692373782396" lon="22.20695768482983">
        <ele>271.56</ele>
      </trkpt>
      <trkpt lat="45.386986434459686" lon="22.207062793895602">
        <ele>270.39</ele>
      </trkpt>
      <trkpt lat="45.38703731261194" lon="22.207170501351357">
        <ele>269.22</ele>
      </trkpt>
      <trkpt lat="45.387085089460015" lon="22.20727468840778">
        <ele>268.04</ele>
      </trkpt>
      <trkpt lat="45.38713957183063" lon="22.207361022010446">
        <ele>266.88</ele>
      </trkpt>
      <trkpt lat="45.38719682022929" lon="22.207457665354013">
        <ele>265.74</ele>
      </trkpt>
      <trkpt lat="45.38725054822862" lon="22.207548022270203">
        <ele>264.66</ele>
      </trkpt>
      <trkpt lat="45.38730327039957" lon="22.20763041637838">
        <ele>263.61</ele>
      </trkpt>
      <trkpt lat="45.38741525262594" lon="22.20776285044849">
        <ele>262.57</ele>
      </trkpt>
      <trkpt lat="45.38747853599489" lon="22.20781465061009">
        <ele>261.61</ele>
      </trkpt>
      <trkpt lat="45.387550788000226" lon="22.207867205142975">
        <ele>260.7</ele>
      </trkpt>
      <trkpt lat="45.38762731477618" lon="22.20794809050858">
        <ele>259.84</ele>
      </trkpt>
      <trkpt lat="45.38769495673478" lon="22.208021264523268">
        <ele>259.05</ele>
      </trkpt>
      <trkpt lat="45.38775379769504" lon="22.20811321400106">
        <ele>258.31</ele>
      </trkpt>
      <trkpt lat="45.38780886679888" lon="22.208263417705894">
        <ele>257.64</ele>
      </trkpt>
      <trkpt lat="45.38783837109804" lon="22.2083355858922">
        <ele>257.01</ele>
      </trkpt>
      <trkpt lat="45.38786510936916" lon="22.208408005535603">
        <ele>256.43</ele>
      </trkpt>
      <trkpt lat="45.387882962822914" lon="22.20847866497934">
        <ele>255.91</ele>
      </trkpt>
      <trkpt lat="45.38790509104729" lon="22.208549827337265">
        <ele>255.44</ele>
      </trkpt>
      <trkpt lat="45.38793618790805" lon="22.20862685702741">
        <ele>255.02</ele>
      </trkpt>
      <trkpt lat="45.38796820677817" lon="22.208704389631748">
        <ele>254.66</ele>
      </trkpt>
      <trkpt lat="45.38799620233476" lon="22.20877337269485">
        <ele>254.36</ele>
      </trkpt>
      <trkpt lat="45.388039117679" lon="22.208937909454107">
        <ele>254.08</ele>
      </trkpt>
      <trkpt lat="45.38805529475212" lon="22.20901091583073">
        <ele>253.87</ele>
      </trkpt>
      <trkpt lat="45.388065688312054" lon="22.20909448340535">
        <ele>253.72</ele>
      </trkpt>
      <trkpt lat="45.38806308992207" lon="22.209264719858766">
        <ele>253.64</ele>
      </trkpt>
      <trkpt lat="45.388059904798865" lon="22.209330769255757">
        <ele>253.59</ele>
      </trkpt>
      <trkpt lat="45.38805621676147" lon="22.209410397335887">
        <ele>253.58</ele>
      </trkpt>
      <trkpt lat="45.38804842159152" lon="22.209475357085466">
        <ele>253.61</ele>
      </trkpt>
      <trkpt lat="45.388044733554125" lon="22.209575017914176">
        <ele>253.68</ele>
      </trkpt>
      <trkpt lat="45.38804364390671" lon="22.20963528379798">
        <ele>253.76</ele>
      </trkpt>
      <trkpt lat="45.38804003968835" lon="22.20968800596893">
        <ele>253.84</ele>
      </trkpt>
      <trkpt lat="45.38804062642157" lon="22.209726311266422">
        <ele>253.94</ele>
      </trkpt>
      <trkpt lat="45.388048170134425" lon="22.209771992638707">
        <ele>254.04</ele>
      </trkpt>
      <trkpt lat="45.38807641714811" lon="22.209909120574594">
        <ele>254.13</ele>
      </trkpt>
      <trkpt lat="45.38811589591205" lon="22.210023952648044">
        <ele>254.22</ele>
      </trkpt>
      <trkpt lat="45.38815160281956" lon="22.210114812478423">
        <ele>254.3</ele>
      </trkpt>
      <trkpt lat="45.38818974047899" lon="22.210176838561893">
        <ele>254.36</ele>
      </trkpt>
      <trkpt lat="45.38824087008834" lon="22.210289491340518">
        <ele>254.43</ele>
      </trkpt>
      <trkpt lat="45.38824581541121" lon="22.21033844165504">
        <ele>254.49</ele>
      </trkpt>
      <trkpt lat="45.388287557289004" lon="22.21043131314218">
        <ele>254.52</ele>
      </trkpt>
      <trkpt lat="45.38831865414977" lon="22.210537092760205">
        <ele>254.5</ele>
      </trkpt>
      <trkpt lat="45.38832611404359" lon="22.21068251878023">
        <ele>254.45</ele>
      </trkpt>
      <trkpt lat="45.38832753896713" lon="22.21069266088307">
        <ele>254.37</ele>
      </trkpt>
      <trkpt lat="45.38834027945995" lon="22.21071084961295">
        <ele>253.59</ele>
      </trkpt>
      <trkpt lat="45.388348326087" lon="22.21072937361896">
        <ele>253.26</ele>
      </trkpt>
      <trkpt lat="45.38835871964693" lon="22.210753429681063">
        <ele>252.88</ele>
      </trkpt>
      <trkpt lat="45.38836861029267" lon="22.21078905276954">
        <ele>252.44</ele>
      </trkpt>
      <trkpt lat="45.38841001689434" lon="22.210878152400255">
        <ele>251.9</ele>
      </trkpt>
      <trkpt lat="45.38842041045427" lon="22.210911428555846">
        <ele>251.33</ele>
      </trkpt>
      <trkpt lat="45.38843340240419" lon="22.21094772219658">
        <ele>250.71</ele>
      </trkpt>
      <trkpt lat="45.38845460861921" lon="22.21098099835217">
        <ele>250.04</ele>
      </trkpt>
      <trkpt lat="45.38847363553941" lon="22.21103137359023">
        <ele>249.3</ele>
      </trkpt>
      <trkpt lat="45.388516718521714" lon="22.211111672222614">
        <ele>248.47</ele>
      </trkpt>
      <trkpt lat="45.38855963386595" lon="22.211192306131124">
        <ele>247.6</ele>
      </trkpt>
      <trkpt lat="45.38858385756612" lon="22.211225079372525">
        <ele>246.73</ele>
      </trkpt>
      <trkpt lat="45.38864244706929" lon="22.211293140426278">
        <ele>245.78</ele>
      </trkpt>
      <trkpt lat="45.388710759580135" lon="22.211423562839627">
        <ele>244.78</ele>
      </trkpt>
      <trkpt lat="45.38872819393873" lon="22.211450301110744">
        <ele>243.82</ele>
      </trkpt>
      <trkpt lat="45.38878032937646" lon="22.211518613621593">
        <ele>242.8</ele>
      </trkpt>
      <trkpt lat="45.38880027830601" lon="22.211548034101725">
        <ele>241.8</ele>
      </trkpt>
      <trkpt lat="45.38883162662387" lon="22.211576364934444">
        <ele>240.77</ele>
      </trkpt>
      <trkpt lat="45.3888922277838" lon="22.211627662181854">
        <ele>239.71</ele>
      </trkpt>
      <trkpt lat="45.38891083560884" lon="22.21164853312075">
        <ele>238.67</ele>
      </trkpt>
      <trkpt lat="45.38895073346794" lon="22.211690861731768">
        <ele>237.59</ele>
      </trkpt>
      <trkpt lat="45.38899792358279" lon="22.211748361587524">
        <ele>236.5</ele>
      </trkpt>
      <trkpt lat="45.38904536515474" lon="22.21178876236081">
        <ele>235.42</ele>
      </trkpt>
      <trkpt lat="45.38907445035875" lon="22.211812399327755">
        <ele>234.36</ele>
      </trkpt>
      <trkpt lat="45.38913086056709" lon="22.21185171045363">
        <ele>233.28</ele>
      </trkpt>
      <trkpt lat="45.38918693549931" lon="22.211916837841272">
        <ele>232.2</ele>
      </trkpt>
      <trkpt lat="45.389208644628525" lon="22.21195589751005">
        <ele>231.14</ele>
      </trkpt>
      <trkpt lat="45.38925130851567" lon="22.212027478963137">
        <ele>230.07</ele>
      </trkpt>
      <trkpt lat="45.38930034264922" lon="22.212111297994852">
        <ele>229.01</ele>
      </trkpt>
      <trkpt lat="45.38934702984989" lon="22.212195033207536">
        <ele>227.97</ele>
      </trkpt>
      <trkpt lat="45.38936245255172" lon="22.212246414273977">
        <ele>226.99</ele>
      </trkpt>
      <trkpt lat="45.3894017636776" lon="22.212337525561452">
        <ele>226.01</ele>
      </trkpt>
      <trkpt lat="45.38945993408561" lon="22.212437689304352">
        <ele>225.06</ele>
      </trkpt>
      <trkpt lat="45.38952698931098" lon="22.212530309334397">
        <ele>224.17</ele>
      </trkpt>
      <trkpt lat="45.38957786746323" lon="22.21260717138648">
        <ele>223.33</ele>
      </trkpt>
      <trkpt lat="45.38962262682617" lon="22.21269467845559">
        <ele>222.52</ele>
      </trkpt>
      <trkpt lat="45.38964785635471" lon="22.212736755609512">
        <ele>221.77</ele>
      </trkpt>
      <trkpt lat="45.38969932124019" lon="22.2128202393651">
        <ele>221.07</ele>
      </trkpt>
      <trkpt lat="45.38972798734903" lon="22.212862484157085">
        <ele>220.39</ele>
      </trkpt>
      <trkpt lat="45.38975799456239" lon="22.21290372312069">
        <ele>219.76</ele>
      </trkpt>
      <trkpt lat="45.38996234536171" lon="22.21311821602285">
        <ele>219.1</ele>
      </trkpt>
      <trkpt lat="45.39005236700177" lon="22.213208405300975">
        <ele>218.52</ele>
      </trkpt>
      <trkpt lat="45.39009804837406" lon="22.21325702033937">
        <ele>217.99</ele>
      </trkpt>
      <trkpt lat="45.39014305919409" lon="22.21330689266324">
        <ele>217.5</ele>
      </trkpt>
      <trkpt lat="45.39018329232931" lon="22.213362380862236">
        <ele>217.06</ele>
      </trkpt>
      <trkpt lat="45.390217658132315" lon="22.213425915688276">
        <ele>216.66</ele>
      </trkpt>
      <trkpt lat="45.39027800783515" lon="22.213559607043862">
        <ele>216.29</ele>
      </trkpt>
      <trkpt lat="45.390306087210774" lon="22.21362691372633">
        <ele>216.0</ele>
      </trkpt>
      <trkpt lat="45.39035361260176" lon="22.21376085653901">
        <ele>215.75</ele>
      </trkpt>
      <trkpt lat="45.39038605056703" lon="22.21388205885887">
        <ele>215.53</ele>
      </trkpt>
      <trkpt lat="45.39042309857905" lon="22.21402019262314">
        <ele>215.35</ele>
      </trkpt>
      <trkpt lat="45.39043374359608" lon="22.214050367474556">
        <ele>215.21</ele>
      </trkpt>
      <trkpt lat="45.390465259552" lon="22.21416637301445">
        <ele>215.1</ele>
      </trkpt>
      <trkpt lat="45.39046458899975" lon="22.214201660826802">
        <ele>215.03</ele>
      </trkpt>
      <trkpt lat="45.39045285433531" lon="22.214236613363028">
        <ele>214.99</ele>
      </trkpt>
      <trkpt lat="45.390322264283895" lon="22.21441213041544">
        <ele>215.01</ele>
      </trkpt>
      <trkpt lat="45.39011816494167" lon="22.214526794850826">
        <ele>215.05</ele>
      </trkpt>
      <trkpt lat="45.390091091394424" lon="22.214541547000408">
        <ele>215.07</ele>
      </trkpt>
      <trkpt lat="45.390062341466546" lon="22.214560406282544">
        <ele>215.1</ele>
      </trkpt>
      <trkpt lat="45.3900302387774" lon="22.214577086269855">
        <ele>215.15</ele>
      </trkpt>
      <trkpt lat="45.38994440808892" lon="22.214624527841806">
        <ele>215.21</ele>
      </trkpt>
      <trkpt lat="45.389853632077575" lon="22.214687978848815">
        <ele>215.28</ele>
      </trkpt>
      <trkpt lat="45.38982865400612" lon="22.214710945263505">
        <ele>215.36</ele>
      </trkpt>
      <trkpt lat="45.38975271396339" lon="22.21475117839873">
        <ele>215.44</ele>
      </trkpt>
      <trkpt lat="45.38969932124019" lon="22.214763751253486">
        <ele>215.52</ele>
      </trkpt>
      <trkpt lat="45.38960167206824" lon="22.21480163745582">
        <ele>215.59</ele>
      </trkpt>
      <trkpt lat="45.389502849429846" lon="22.21484555862844">
        <ele>215.67</ele>
      </trkpt>
      <trkpt lat="45.38939849473536" lon="22.21491982229054">
        <ele>215.76</ele>
      </trkpt>
      <trkpt lat="45.38926815614104" lon="22.21502685919404">
        <ele>215.78</ele>
      </trkpt>
      <trkpt lat="45.38917419500649" lon="22.21509274095297">
        <ele>215.84</ele>
      </trkpt>
      <trkpt lat="45.389056261628866" lon="22.215148899704218">
        <ele>215.93</ele>
      </trkpt>
      <trkpt lat="45.38889683783054" lon="22.215230371803045">
        <ele>216.0</ele>
      </trkpt>
      <trkpt lat="45.388845624402165" lon="22.21525107510388">
        <ele>216.07</ele>
      </trkpt>
      <trkpt lat="45.38879198022187" lon="22.215267922729254">
        <ele>216.14</ele>
      </trkpt>
      <trkpt lat="45.388736659660935" lon="22.21528870984912">
        <ele>216.2</ele>
      </trkpt>
      <trkpt lat="45.38870866410434" lon="22.215298181399703">
        <ele>216.26</ele>
      </trkpt>
      <trkpt lat="45.38868326693773" lon="22.21530480310321">
        <ele>216.3</ele>
      </trkpt>
      <trkpt lat="45.3886295389384" lon="22.2153190523386">
        <ele>216.34</ele>
      </trkpt>
      <trkpt lat="45.388525603339076" lon="22.21534009091556">
        <ele>216.37</ele>
      </trkpt>
      <trkpt lat="45.38847011514008" lon="22.215353418141603">
        <ele>216.4</ele>
      </trkpt>
      <trkpt lat="45.38844237104058" lon="22.21536691300571">
        <ele>216.4</ele>
      </trkpt>
      <trkpt lat="45.3883792553097" lon="22.21539289690554">
        <ele>216.38</ele>
      </trkpt>
      <trkpt lat="45.38834908045828" lon="22.215403458103538">
        <ele>216.36</ele>
      </trkpt>
      <trkpt lat="45.38825352676213" lon="22.215447882190347">
        <ele>216.31</ele>
      </trkpt>
      <trkpt lat="45.38819485343993" lon="22.21548367291689">
        <ele>216.27</ele>
      </trkpt>
      <trkpt lat="45.388121511787176" lon="22.215538658201694">
        <ele>216.22</ele>
      </trkpt>
      <trkpt lat="45.38805177435279" lon="22.215588865801692">
        <ele>216.17</ele>
      </trkpt>
      <trkpt lat="45.388030149042606" lon="22.215604288503528">
        <ele>216.1</ele>
      </trkpt>
      <trkpt lat="45.388006176799536" lon="22.215624069795012">
        <ele>216.03</ele>
      </trkpt>
      <trkpt lat="45.38796158507466" lon="22.21566254273057">
        <ele>215.95</ele>
      </trkpt>
      <trkpt lat="45.38791783154011" lon="22.215701434761286">
        <ele>215.87</ele>
      </trkpt>
      <trkpt lat="45.38789385929704" lon="22.215723982080817">
        <ele>215.78</ele>
      </trkpt>
      <trkpt lat="45.387847842648625" lon="22.215771842747927">
        <ele>215.68</ele>
      </trkpt>
      <trkpt lat="45.387735944241285" lon="22.215850045904517">
        <ele>215.58</ele>
      </trkpt>
      <trkpt lat="45.38769076578319" lon="22.21590838395059">
        <ele>215.47</ele>
      </trkpt>
      <trkpt lat="45.38767475634813" lon="22.215946270152926">
        <ele>215.36</ele>
      </trkpt>
      <trkpt lat="45.387523798272014" lon="22.216196469962597">
        <ele>215.19</ele>
      </trkpt>
      <trkpt lat="45.387466214597225" lon="22.21623284742236">
        <ele>215.07</ele>
      </trkpt>
      <trkpt lat="45.38741307333112" lon="22.216256065294147">
        <ele>214.96</ele>
      </trkpt>
      <trkpt lat="45.38738323375583" lon="22.2162601724267">
        <ele>214.85</ele>
      </trkpt>
      <trkpt lat="45.38735163398087" lon="22.216265201568604">
        <ele>214.75</ele>
      </trkpt>
      <trkpt lat="45.38721978664398" lon="22.2163119725883">
        <ele>214.65</ele>
      </trkpt>
      <trkpt lat="45.38708475418389" lon="22.216454967856407">
        <ele>214.55</ele>
      </trkpt>
      <trkpt lat="45.38691820576787" lon="22.21655915491283">
        <ele>214.48</ele>
      </trkpt>
      <trkpt lat="45.386758698150516" lon="22.21665931865573">
        <ele>214.38</ele>
      </trkpt>
      <trkpt lat="45.38665006868541" lon="22.216754537075758">
        <ele>214.28</ele>
      </trkpt>
      <trkpt lat="45.386551916599274" lon="22.216798793524504">
        <ele>214.22</ele>
      </trkpt>
      <trkpt lat="45.38645124994218" lon="22.216814886778593">
        <ele>214.17</ele>
      </trkpt>
      <trkpt lat="45.38636525161564" lon="22.216829052194953">
        <ele>214.13</ele>
      </trkpt>
      <trkpt lat="45.38626492023468" lon="22.216851096600294">
        <ele>214.09</ele>
      </trkpt>
      <trkpt lat="45.386140113696456" lon="22.2169267013669">
        <ele>214.05</ele>
      </trkpt>
      <trkpt lat="45.38608395494521" lon="22.217020159587264">
        <ele>214.02</ele>
      </trkpt>
      <trkpt lat="45.386083871126175" lon="22.217062655836344">
        <ele>213.98</ele>
      </trkpt>
      <trkpt lat="45.38612158969045" lon="22.217244040220976">
        <ele>213.93</ele>
      </trkpt>
      <trkpt lat="45.38614363409579" lon="22.21734252758324">
        <ele>213.89</ele>
      </trkpt>
      <trkpt lat="45.386176155880094" lon="22.217435985803604">
        <ele>213.85</ele>
      </trkpt>
      <trkpt lat="45.38624572567642" lon="22.21759842708707">
        <ele>213.8</ele>
      </trkpt>
      <trkpt lat="45.38626500405371" lon="22.217635307461023">
        <ele>213.77</ele>
      </trkpt>
      <trkpt lat="45.38630993105471" lon="22.21770110540092">
        <ele>213.74</ele>
      </trkpt>
      <trkpt lat="45.38637539371848" lon="22.217801855877042">
        <ele>213.7</ele>
      </trkpt>
      <trkpt lat="45.386395677924156" lon="22.21784225665033">
        <ele>213.68</ele>
      </trkpt>
      <trkpt lat="45.386465499177575" lon="22.218067981302738">
        <ele>213.66</ele>
      </trkpt>
      <trkpt lat="45.38646918721497" lon="22.218115590512753">
        <ele>213.65</ele>
      </trkpt>
      <trkpt lat="45.38653397932649" lon="22.218442065641284">
        <ele>213.61</ele>
      </trkpt>
      <trkpt lat="45.386552503332496" lon="22.218636190518737">
        <ele>213.59</ele>
      </trkpt>
      <trkpt lat="45.386515287682414" lon="22.21876778639853">
        <ele>213.61</ele>
      </trkpt>
      <trkpt lat="45.386504642665386" lon="22.21880340948701">
        <ele>213.62</ele>
      </trkpt>
      <trkpt lat="45.38649894297123" lon="22.21884062513709">
        <ele>213.64</ele>
      </trkpt>
      <trkpt lat="45.38650154136121" lon="22.21887381747365">
        <ele>213.66</ele>
      </trkpt>
      <trkpt lat="45.38650925271213" lon="22.2188987955451">
        <ele>213.68</ele>
      </trkpt>
      <trkpt lat="45.386513862758875" lon="22.218910697847605">
        <ele>213.7</ele>
      </trkpt>
      <trkpt lat="45.3865213226527" lon="22.218952188268304">
        <ele>213.79</ele>
      </trkpt>
      <trkpt lat="45.38653230294585" lon="22.218995857983828">
        <ele>213.83</ele>
      </trkpt>
      <trkpt lat="45.38654152303934" lon="22.219024943187833">
        <ele>213.86</ele>
      </trkpt>
      <trkpt lat="45.38655082695186" lon="22.21905654296279">
        <ele>213.9</ele>
      </trkpt>
      <trkpt lat="45.38657329045236" lon="22.21912108361721">
        <ele>213.94</ele>
      </trkpt>
      <trkpt lat="45.386584270745516" lon="22.219153521582484">
        <ele>213.98</ele>
      </trkpt>
      <trkpt lat="45.38659407757223" lon="22.219183696433902">
        <ele>214.03</ele>
      </trkpt>
      <trkpt lat="45.38661712780595" lon="22.21924999728799">
        <ele>214.08</ele>
      </trkpt>
      <trkpt lat="45.386657947674394" lon="22.219361308962107">
        <ele>214.13</ele>
      </trkpt>
      <trkpt lat="45.386693235486746" lon="22.219431130215526">
        <ele>214.15</ele>
      </trkpt>
      <trkpt lat="45.386736653745174" lon="22.219598097726703">
        <ele>214.18</ele>
      </trkpt>
      <trkpt lat="45.38674947805703" lon="22.21963749267161">
        <ele>214.21</ele>
      </trkpt>
      <trkpt lat="45.38677495904267" lon="22.219740841537714">
        <ele>214.23</ele>
      </trkpt>
      <trkpt lat="45.38677948527038" lon="22.219806974753737">
        <ele>214.27</ele>
      </trkpt>
      <trkpt lat="45.38678082637489" lon="22.21989263780415">
        <ele>214.32</ele>
      </trkpt>
      <trkpt lat="45.38677898235619" lon="22.219907054677606">
        <ele>214.36</ele>
      </trkpt>
      <trkpt lat="45.3867734503001" lon="22.219939744099975">
        <ele>214.56</ele>
      </trkpt>
      <trkpt lat="45.38677261210978" lon="22.219942593947053">
        <ele>214.67</ele>
      </trkpt>
      <trkpt lat="45.38676934316754" lon="22.219954077154398">
        <ele>214.7</ele>
      </trkpt>
      <trkpt lat="45.38677169010043" lon="22.219997914507985">
        <ele>214.72</ele>
      </trkpt>
      <trkpt lat="45.386778227984905" lon="22.220023395493627">
        <ele>214.81</ele>
      </trkpt>
      <trkpt lat="45.386786945164204" lon="22.220056671649218">
        <ele>214.83</ele>
      </trkpt>
      <trkpt lat="45.38679650053382" lon="22.220076955854893">
        <ele>214.84</ele>
      </trkpt>
      <trkpt lat="45.38680831901729" lon="22.22010117955506">
        <ele>214.85</ele>
      </trkpt>
      <trkpt lat="45.38682441227138" lon="22.22013051621616">
        <ele>214.85</ele>
      </trkpt>
      <trkpt lat="45.3868648968637" lon="22.220194218680263">
        <ele>214.85</ele>
      </trkpt>
      <trkpt lat="45.38688677363098" lon="22.22022095695138">
        <ele>214.85</ele>
      </trkpt>
      <trkpt lat="45.386907225474715" lon="22.22024543210864">
        <ele>214.85</ele>
      </trkpt>
      <trkpt lat="45.38692256435752" lon="22.22026789560914">
        <ele>214.86</ele>
      </trkpt>
      <trkpt lat="45.38695768453181" lon="22.22035339102149">
        <ele>214.86</ele>
      </trkpt>
      <trkpt lat="45.38697780109942" lon="22.220415668562055">
        <ele>214.87</ele>
      </trkpt>
      <trkpt lat="45.3870202973485" lon="22.220525974407792">
        <ele>214.88</ele>
      </trkpt>
      <trkpt lat="45.38714066147804" lon="22.220761086791754">
        <ele>214.88</ele>
      </trkpt>
      <trkpt lat="45.38721081800759" lon="22.220949260517955">
        <ele>214.92</ele>
      </trkpt>
      <trkpt lat="45.387163711711764" lon="22.22115227021277">
        <ele>214.93</ele>
      </trkpt>
      <trkpt lat="45.387150971218944" lon="22.221193592995405">
        <ele>214.92</ele>
      </trkpt>
      <trkpt lat="45.38710277527571" lon="22.221318064257503">
        <ele>214.9</ele>
      </trkpt>
      <trkpt lat="45.387081233784556" lon="22.22141169011593">
        <ele>214.88</ele>
      </trkpt>
      <trkpt lat="45.38708140142262" lon="22.221459383144975">
        <ele>214.85</ele>
      </trkpt>
      <trkpt lat="45.38709229789674" lon="22.221498442813754">
        <ele>214.83</ele>
      </trkpt>
      <trkpt lat="45.38710528984666" lon="22.22153138369322">
        <ele>214.8</ele>
      </trkpt>
      <trkpt lat="45.387122053653" lon="22.221565581858158">
        <ele>214.76</ele>
      </trkpt>
      <trkpt lat="45.38713890127838" lon="22.22159894183278">
        <ele>214.71</ele>
      </trkpt>
      <trkpt lat="45.387157341465354" lon="22.221630290150642">
        <ele>214.65</ele>
      </trkpt>
      <trkpt lat="45.387242920696735" lon="22.221762975677848">
        <ele>214.59</ele>
      </trkpt>
      <trkpt lat="45.38726856932044" lon="22.22182709723711">
        <ele>214.52</ele>
      </trkpt>
      <trkpt lat="45.387308886274695" lon="22.221896583214402">
        <ele>214.43</ele>
      </trkpt>
      <trkpt lat="45.38736177608371" lon="22.221947042271495">
        <ele>214.33</ele>
      </trkpt>
      <trkpt lat="45.38738616742194" lon="22.221962800249457">
        <ele>214.23</ele>
      </trkpt>
      <trkpt lat="45.3874849062413" lon="22.222016276791692">
        <ele>214.11</ele>
      </trkpt>
      <trkpt lat="45.38751298561692" lon="22.222029771655798">
        <ele>213.99</ele>
      </trkpt>
      <trkpt lat="45.38756797090173" lon="22.222044439986348">
        <ele>213.87</ele>
      </trkpt>
      <trkpt lat="45.387589763849974" lon="22.22205240279436">
        <ele>213.74</ele>
      </trkpt>
      <trkpt lat="45.38763075135648" lon="22.222066903486848">
        <ele>213.61</ele>
      </trkpt>
      <trkpt lat="45.38767232559621" lon="22.22208752296865">
        <ele>213.47</ele>
      </trkpt>
      <trkpt lat="45.38772747851908" lon="22.222126498818398">
        <ele>213.33</ele>
      </trkpt>
      <trkpt lat="45.38782378658652" lon="22.222175700590014">
        <ele>213.17</ele>
      </trkpt>
      <trkpt lat="45.387939708307385" lon="22.222229931503534">
        <ele>213.0</ele>
      </trkpt>
      <trkpt lat="45.38803274743259" lon="22.222265638411045">
        <ele>212.85</ele>
      </trkpt>
      <trkpt lat="45.38809728808701" lon="22.222283827140927">
        <ele>212.7</ele>
      </trkpt>
      <trkpt lat="45.388265177607536" lon="22.222342249006033">
        <ele>212.54</ele>
      </trkpt>
      <trkpt lat="45.388355450704694" lon="22.22236890345812">
        <ele>212.41</ele>
      </trkpt>
      <trkpt lat="45.38838663138449" lon="22.22237234003842">
        <ele>212.3</ele>
      </trkpt>
      <trkpt lat="45.38841747678816" lon="22.22237686626613">
        <ele>212.2</ele>
      </trkpt>
      <trkpt lat="45.388481598347425" lon="22.222390696406364">
        <ele>212.1</ele>
      </trkpt>
      <trkpt lat="45.38853934966028" lon="22.222422631457448">
        <ele>212.02</ele>
      </trkpt>
      <trkpt lat="45.38856575265527" lon="22.222446519881487">
        <ele>211.95</ele>
      </trkpt>
      <trkpt lat="45.38862970657647" lon="22.222533021122217">
        <ele>211.9</ele>
      </trkpt>
      <trkpt lat="45.388650158420205" lon="22.22256051376462">
        <ele>211.86</ele>
      </trkpt>
      <trkpt lat="45.388675136491656" lon="22.222592448815703">
        <ele>211.83</ele>
      </trkpt>
      <trkpt lat="45.38868963718414" lon="22.22261239774525">
        <ele>211.79</ele>
      </trkpt>
      <trkpt lat="45.388711178675294" lon="22.22263326868415">
        <ele>211.77</ele>
      </trkpt>
      <trkpt lat="45.38879013620317" lon="22.222708370536566">
        <ele>211.78</ele>
      </trkpt>
      <trkpt lat="45.38886867463589" lon="22.2227843105793">
        <ele>211.79</ele>
      </trkpt>
      <trkpt lat="45.38896313868463" lon="22.22285958006978">
        <ele>211.79</ele>
      </trkpt>
      <trkpt lat="45.3890682477504" lon="22.22293820232153">
        <ele>211.8</ele>
      </trkpt>
      <trkpt lat="45.38916782476008" lon="22.22301892004907">
        <ele>211.78</ele>
      </trkpt>
      <trkpt lat="45.38929590024054" lon="22.223104080185294">
        <ele>211.73</ele>
      </trkpt>
      <trkpt lat="45.38945213891566" lon="22.223113467916846">
        <ele>211.68</ele>
      </trkpt>
      <trkpt lat="45.38952698931098" lon="22.223078347742558">
        <ele>211.66</ele>
      </trkpt>
      <trkpt lat="45.38963310420513" lon="22.223039036616683">
        <ele>211.64</ele>
      </trkpt>
      <trkpt lat="45.38973511196673" lon="22.223003916442394">
        <ele>211.63</ele>
      </trkpt>
      <trkpt lat="45.38989948108792" lon="22.22294256091118">
        <ele>211.63</ele>
      </trkpt>
      <trkpt lat="45.389931332319975" lon="22.22292118705809">
        <ele>211.64</ele>
      </trkpt>
      <trkpt lat="45.39002931676805" lon="22.222847007215023">
        <ele>211.67</ele>
      </trkpt>
      <trkpt lat="45.390127720311284" lon="22.22277752123773">
        <ele>211.7</ele>
      </trkpt>
      <trkpt lat="45.39019268006086" lon="22.222736282274127">
        <ele>211.73</ele>
      </trkpt>
      <trkpt lat="45.390224028378725" lon="22.222718931734562">
        <ele>211.75</ele>
      </trkpt>
      <trkpt lat="45.39031455293298" lon="22.222650786861777">
        <ele>211.78</ele>
      </trkpt>
      <trkpt lat="45.39041547104716" lon="22.222559340298176">
        <ele>211.82</ele>
      </trkpt>
      <trkpt lat="45.39048311300576" lon="22.222479209303856">
        <ele>211.84</ele>
      </trkpt>
      <trkpt lat="45.39055712521076" lon="22.222424978390336">
        <ele>211.86</ele>
      </trkpt>
      <trkpt lat="45.39059794507921" lon="22.222411399707198">
        <ele>211.86</ele>
      </trkpt>
      <trkpt lat="45.390680339187384" lon="22.222407963126898">
        <ele>211.86</ele>
      </trkpt>
      <trkpt lat="45.3908349853009" lon="22.222404945641756">
        <ele>211.85</ele>
      </trkpt>
      <trkpt lat="45.39094336330891" lon="22.222386337816715">
        <ele>211.86</ele>
      </trkpt>
      <trkpt lat="45.39097781293094" lon="22.22237736918032">
        <ele>211.86</ele>
      </trkpt>
      <trkpt lat="45.39101276546717" lon="22.222363790497184">
        <ele>211.87</ele>
      </trkpt>
      <trkpt lat="45.391124580055475" lon="22.22233914770186">
        <ele>211.87</ele>
      </trkpt>
      <trkpt lat="45.39116104133427" lon="22.2223352920264">
        <ele>211.87</ele>
      </trkpt>
      <trkpt lat="45.391227174550295" lon="22.222334034740925">
        <ele>211.86</ele>
      </trkpt>
      <trkpt lat="45.39136899635196" lon="22.222335040569305">
        <ele>211.84</ele>
      </trkpt>
      <trkpt lat="45.3914082236588" lon="22.22234359011054">
        <ele>211.84</ele>
      </trkpt>
      <trkpt lat="45.39144912734628" lon="22.22235381603241">
        <ele>211.84</ele>
      </trkpt>
      <trkpt lat="45.391449462622404" lon="22.22235389985144">
        <ele>211.84</ele>
      </trkpt>
      <trkpt lat="45.391489611938596" lon="22.222362952306867">
        <ele>211.85</ele>
      </trkpt>
      <trkpt lat="45.39159698411822" lon="22.222399665042758">
        <ele>211.84</ele>
      </trkpt>
      <trkpt lat="45.39169957861304" lon="22.22239882685244">
        <ele>211.86</ele>
      </trkpt>
      <trkpt lat="45.39189864881337" lon="22.22235230728984">
        <ele>211.9</ele>
      </trkpt>
      <trkpt lat="45.39206435903907" lon="22.222306709736586">
        <ele>211.95</ele>
      </trkpt>
      <trkpt lat="45.39209813810885" lon="22.222297908738256">
        <ele>211.96</ele>
      </trkpt>
      <trkpt lat="45.39220483973622" lon="22.222262620925903">
        <ele>211.98</ele>
      </trkpt>
      <trkpt lat="45.39223937317729" lon="22.222246443852782">
        <ele>211.99</ele>
      </trkpt>
      <trkpt lat="45.3923028241843" lon="22.22221408970654">
        <ele>211.99</ele>
      </trkpt>
      <trkpt lat="45.39233073592186" lon="22.222197577357292">
        <ele>211.99</ele>
      </trkpt>
      <trkpt lat="45.39241472259164" lon="22.222143933176994">
        <ele>211.98</ele>
      </trkpt>
      <trkpt lat="45.39243986830115" lon="22.22212557680905">
        <ele>211.96</ele>
      </trkpt>
      <trkpt lat="45.392463840544224" lon="22.222108226269484">
        <ele>211.92</ele>
      </trkpt>
      <trkpt lat="45.39249041117728" lon="22.22209087572992">
        <ele>211.87</ele>
      </trkpt>
      <trkpt lat="45.392520083114505" lon="22.22207327373326">
        <ele>211.81</ele>
      </trkpt>
      <trkpt lat="45.39264723658562" lon="22.221963806077838">
        <ele>211.75</ele>
      </trkpt>
      <trkpt lat="45.39267213083804" lon="22.221951484680176">
        <ele>211.67</ele>
      </trkpt>
      <trkpt lat="45.39274991489947" lon="22.221910329535604">
        <ele>211.59</ele>
      </trkpt>
      <trkpt lat="45.39279752410948" lon="22.22188476473093">
        <ele>211.48</ele>
      </trkpt>
      <trkpt lat="45.39289860986173" lon="22.22182567231357">
        <ele>211.33</ele>
      </trkpt>
      <trkpt lat="45.392956864088774" lon="22.22180362790823">
        <ele>211.2</ele>
      </trkpt>
      <trkpt lat="45.39307689294219" lon="22.221779320389032">
        <ele>211.07</ele>
      </trkpt>
      <trkpt lat="45.3931419365108" lon="22.22178895957768">
        <ele>210.96</ele>
      </trkpt>
      <trkpt lat="45.39317445829511" lon="22.221808740869164">
        <ele>210.86</ele>
      </trkpt>
      <trkpt lat="45.39320505224168" lon="22.221832629293203">
        <ele>210.76</ele>
      </trkpt>
      <trkpt lat="45.393232963979244" lon="22.22185987047851">
        <ele>210.66</ele>
      </trkpt>
      <trkpt lat="45.39327571168542" lon="22.221904965117574">
        <ele>210.57</ele>
      </trkpt>
      <trkpt lat="45.393295576795936" lon="22.221929356455803">
        <ele>210.49</ele>
      </trkpt>
      <trkpt lat="45.39334746077657" lon="22.221967494115233">
        <ele>210.41</ele>
      </trkpt>
      <trkpt lat="45.39340294897556" lon="22.22197998315096">
        <ele>210.32</ele>
      </trkpt>
      <trkpt lat="45.39343169890344" lon="22.221988113597035">
        <ele>210.26</ele>
      </trkpt>
      <trkpt lat="45.39355373941362" lon="22.221977300941944">
        <ele>210.19</ele>
      </trkpt>
      <trkpt lat="45.39364996366203" lon="22.22196984104812">
        <ele>210.14</ele>
      </trkpt>
      <trkpt lat="45.3937170188874" lon="22.22197227180004">
        <ele>210.12</ele>
      </trkpt>
      <trkpt lat="45.393792539834976" lon="22.221989622339606">
        <ele>210.1</ele>
      </trkpt>
      <trkpt lat="45.39390904828906" lon="22.22198735922575">
        <ele>210.08</ele>
      </trkpt>
      <trkpt lat="45.39401055313647" lon="22.221945617347956">
        <ele>210.09</ele>
      </trkpt>
      <trkpt lat="45.39421297609806" lon="22.221828773617744">
        <ele>210.14</ele>
      </trkpt>
      <trkpt lat="45.39432973600924" lon="22.22162475809455">
        <ele>210.18</ele>
      </trkpt>
      <trkpt lat="45.394454542547464" lon="22.221359806135297">
        <ele>210.23</ele>
      </trkpt>
      <trkpt lat="45.39448656141758" lon="22.22132619470358">
        <ele>210.25</ele>
      </trkpt>
      <trkpt lat="45.3945978730917" lon="22.221277160570025">
        <ele>210.26</ele>
      </trkpt>
      <trkpt lat="45.39476458914578" lon="22.221269281581044">
        <ele>210.28</ele>
      </trkpt>
      <trkpt lat="45.394805409014225" lon="22.22127305343747">
        <ele>210.31</ele>
      </trkpt>
      <trkpt lat="45.3949242644012" lon="22.22127540037036">
        <ele>210.36</ele>
      </trkpt>
      <trkpt lat="45.39504814893007" lon="22.221254194155335">
        <ele>210.39</ele>
      </trkpt>
      <trkpt lat="45.395087879151106" lon="22.221231646835804">
        <ele>210.4</ele>
      </trkpt>
      <trkpt lat="45.39519642479718" lon="22.221083538606763">
        <ele>210.42</ele>
      </trkpt>
      <trkpt lat="45.39523062296212" lon="22.221060069277883">
        <ele>210.43</ele>
      </trkpt>
      <trkpt lat="45.3953056409955" lon="22.221044143661857">
        <ele>210.43</ele>
      </trkpt>
      <trkpt lat="45.39534403011203" lon="22.22103936597705">
        <ele>210.42</ele>
      </trkpt>
      <trkpt lat="45.39546238258481" lon="22.221029978245497">
        <ele>210.41</ele>
      </trkpt>
      <trkpt lat="45.395536897704005" lon="22.221007430925965">
        <ele>210.4</ele>
      </trkpt>
      <trkpt lat="45.39557386189699" lon="22.220989409834146">
        <ele>210.37</ele>
      </trkpt>
      <trkpt lat="45.395678048953414" lon="22.220925288274884">
        <ele>210.34</ele>
      </trkpt>
      <trkpt lat="45.395710403099656" lon="22.220901232212782">
        <ele>210.3</ele>
      </trkpt>
      <trkpt lat="45.39582255296409" lon="22.220817413181067">
        <ele>210.25</ele>
      </trkpt>
      <trkpt lat="45.395929254591465" lon="22.22070576623082">
        <ele>210.18</ele>
      </trkpt>
      <trkpt lat="45.396034363657236" lon="22.22061239182949">
        <ele>210.1</ele>
      </trkpt>
      <trkpt lat="45.39606478996575" lon="22.22058154642582">
        <ele>210.03</ele>
      </trkpt>
      <trkpt lat="45.39623008109629" lon="22.220414746552706">
        <ele>209.93</ele>
      </trkpt>
      <trkpt lat="45.396327981725335" lon="22.220310140401125">
        <ele>209.85</ele>
      </trkpt>
      <trkpt lat="45.39639361202717" lon="22.22022984176874">
        <ele>209.78</ele>
      </trkpt>
      <trkpt lat="45.39644951932132" lon="22.220138646662235">
        <ele>209.71</ele>
      </trkpt>
      <trkpt lat="45.39649251848459" lon="22.22003923729062">
        <ele>209.65</ele>
      </trkpt>
      <trkpt lat="45.39653928950429" lon="22.219939325004816">
        <ele>209.58</ele>
      </trkpt>
      <trkpt lat="45.3965990524739" lon="22.219855254516006">
        <ele>209.51</ele>
      </trkpt>
      <trkpt lat="45.3966701310128" lon="22.2197796497494">
        <ele>209.44</ele>
      </trkpt>
      <trkpt lat="45.39681245572865" lon="22.21967705525458">
        <ele>209.38</ele>
      </trkpt>
      <trkpt lat="45.396954864263535" lon="22.21957454457879">
        <ele>209.32</ele>
      </trkpt>
      <trkpt lat="45.39718184620142" lon="22.2193858679384">
        <ele>209.26</ele>
      </trkpt>
      <trkpt lat="45.39721663109958" lon="22.219355441629887">
        <ele>209.2</ele>
      </trkpt>
      <trkpt lat="45.397312100976706" lon="22.219254691153765">
        <ele>209.13</ele>
      </trkpt>
      <trkpt lat="45.39737823419273" lon="22.219177493825555">
        <ele>209.08</ele>
      </trkpt>
      <trkpt lat="45.397410839796066" lon="22.219132985919714">
        <ele>209.03</ele>
      </trkpt>
      <trkpt lat="45.39751008152962" lon="22.219004491344094">
        <ele>208.99</ele>
      </trkpt>
      <trkpt lat="45.397611586377025" lon="22.218871135264635">
        <ele>208.95</ele>
      </trkpt>
      <trkpt lat="45.39764947257936" lon="22.21883224323392">
        <ele>208.91</ele>
      </trkpt>
      <trkpt lat="45.39787821471691" lon="22.21864901483059">
        <ele>208.86</ele>
      </trkpt>
      <trkpt lat="45.39795423857868" lon="22.21858707256615">
        <ele>208.79</ele>
      </trkpt>
      <trkpt lat="45.39802657440305" lon="22.218538038432598">
        <ele>208.73</ele>
      </trkpt>
      <trkpt lat="45.39806253276765" lon="22.218507612124085">
        <ele>208.67</ele>
      </trkpt>
      <trkpt lat="45.39813227020204" lon="22.21845547668636">
        <ele>208.61</ele>
      </trkpt>
      <trkpt lat="45.398166216909885" lon="22.21842664293945">
        <ele>208.55</ele>
      </trkpt>
      <trkpt lat="45.39833125658333" lon="22.21830644644797">
        <ele>208.47</ele>
      </trkpt>
      <trkpt lat="45.398407615721226" lon="22.218291694298387">
        <ele>208.4</ele>
      </trkpt>
      <trkpt lat="45.39864281192422" lon="22.218272918835282">
        <ele>208.33</ele>
      </trkpt>
      <trkpt lat="45.39868254214525" lon="22.218262860551476">
        <ele>208.29</ele>
      </trkpt>
      <trkpt lat="45.39875722490251" lon="22.21823662519455">
        <ele>208.26</ele>
      </trkpt>
      <trkpt lat="45.398892341181636" lon="22.21814827993512">
        <ele>208.23</ele>
      </trkpt>
      <trkpt lat="45.39891857653856" lon="22.218116344884038">
        <ele>208.18</ele>
      </trkpt>
      <trkpt lat="45.39905142970383" lon="22.217993550002575">
        <ele>208.15</ele>
      </trkpt>
      <trkpt lat="45.399130219593644" lon="22.2179386485368">
        <ele>208.11</ele>
      </trkpt>
      <trkpt lat="45.39937480352819" lon="22.217800682410598">
        <ele>208.05</ele>
      </trkpt>
      <trkpt lat="45.39948913268745" lon="22.217741338536143">
        <ele>207.98</ele>
      </trkpt>
      <trkpt lat="45.399605138227344" lon="22.21767478622496">
        <ele>207.89</ele>
      </trkpt>
      <trkpt lat="45.39967060089111" lon="22.21761359833181">
        <ele>207.82</ele>
      </trkpt>
      <trkpt lat="45.39973011240363" lon="22.21756372600794">
        <ele>207.75</ele>
      </trkpt>
      <trkpt lat="45.39984385482967" lon="22.21748912706971">
        <ele>207.67</ele>
      </trkpt>
      <trkpt lat="45.39996354840696" lon="22.217444367706776">
        <ele>207.58</ele>
      </trkpt>
      <trkpt lat="45.4000027757138" lon="22.21742458641529">
        <ele>207.49</ele>
      </trkpt>
      <trkpt lat="45.4000979103148" lon="22.217349903658032">
        <ele>207.4</ele>
      </trkpt>
      <trkpt lat="45.40018298663199" lon="22.217252254486084">
        <ele>207.32</ele>
      </trkpt>
      <trkpt lat="45.400414830073714" lon="22.217033738270402">
        <ele>207.26</ele>
      </trkpt>
      <trkpt lat="45.40049068629742" lon="22.216974897310138">
        <ele>207.15</ele>
      </trkpt>
      <trkpt lat="45.40056796744466" lon="22.216920917853713">
        <ele>207.04</ele>
      </trkpt>
      <trkpt lat="45.40064767934382" lon="22.21687188372016">
        <ele>206.95</ele>
      </trkpt>
      <trkpt lat="45.40069084614515" lon="22.21684690564871">
        <ele>206.87</ele>
      </trkpt>
      <trkpt lat="45.40073451586068" lon="22.21682737581432">
        <ele>206.79</ele>
      </trkpt>
      <trkpt lat="45.40077684447169" lon="22.216811617836356">
        <ele>206.72</ele>
      </trkpt>
      <trkpt lat="45.40086334571242" lon="22.21678437665105">
        <ele>206.66</ele>
      </trkpt>
      <trkpt lat="45.4009542055428" lon="22.216780185699463">
        <ele>206.6</ele>
      </trkpt>
      <trkpt lat="45.401078844442964" lon="22.216773899272084">
        <ele>206.56</ele>
      </trkpt>
      <trkpt lat="45.40115243755281" lon="22.216734755784273">
        <ele>206.52</ele>
      </trkpt>
      <trkpt lat="45.40118764154613" lon="22.21670583821833">
        <ele>206.48</ele>
      </trkpt>
      <trkpt lat="45.40125503204763" lon="22.2166452370584">
        <ele>206.47</ele>
      </trkpt>
      <trkpt lat="45.40134924463928" lon="22.216536523774266">
        <ele>206.47</ele>
      </trkpt>
      <trkpt lat="45.40149366483092" lon="22.21625774167478">
        <ele>206.45</ele>
      </trkpt>
      <trkpt lat="45.40156130678952" lon="22.21617802977562">
        <ele>206.43</ele>
      </trkpt>
      <trkpt lat="45.40166608057916" lon="22.216085409745574">
        <ele>206.41</ele>
      </trkpt>
      <trkpt lat="45.40174269117415" lon="22.216010726988316">
        <ele>206.4</ele>
      </trkpt>
      <trkpt lat="45.401775715872645" lon="22.215960267931223">
        <ele>206.38</ele>
      </trkpt>
      <trkpt lat="45.40187504142523" lon="22.2158095613122">
        <ele>206.37</ele>
      </trkpt>
      <trkpt lat="45.40195710025728" lon="22.215739404782653">
        <ele>206.36</ele>
      </trkpt>
      <trkpt lat="45.4020441044122" lon="22.215696405619383">
        <ele>206.34</ele>
      </trkpt>
      <trkpt lat="45.402088444679976" lon="22.215683748945594">
        <ele>206.33</ele>
      </trkpt>
      <trkpt lat="45.40213169530034" lon="22.215676121413708">
        <ele>206.32</ele>
      </trkpt>
      <trkpt lat="45.402174359187484" lon="22.21566882915795">
        <ele>206.33</ele>
      </trkpt>
      <trkpt lat="45.40221702307463" lon="22.215665141120553">
        <ele>206.33</ele>
      </trkpt>
      <trkpt lat="45.40225692093372" lon="22.215664889663458">
        <ele>206.34</ele>
      </trkpt>
      <trkpt lat="45.402297070249915" lon="22.215660950168967">
        <ele>206.35</ele>
      </trkpt>
      <trkpt lat="45.402414333075285" lon="22.215640749782324">
        <ele>206.35</ele>
      </trkpt>
      <trkpt lat="45.402453476563096" lon="22.215629937127233">
        <ele>206.36</ele>
      </trkpt>
      <trkpt lat="45.40249270386994" lon="22.215619711205363">
        <ele>206.37</ele>
      </trkpt>
      <trkpt lat="45.40253151208162" lon="22.215607473626733">
        <ele>206.39</ele>
      </trkpt>
      <trkpt lat="45.40264810435474" lon="22.21556682139635">
        <ele>206.41</ele>
      </trkpt>
      <trkpt lat="45.40268691256642" lon="22.215556679293513">
        <ele>206.43</ele>
      </trkpt>
      <trkpt lat="45.40272530168295" lon="22.21554427407682">
        <ele>206.45</ele>
      </trkpt>
      <trkpt lat="45.40287047624588" lon="22.215472776442766">
        <ele>206.49</ele>
      </trkpt>
      <trkpt lat="45.40290182456374" lon="22.215445283800364">
        <ele>206.51</ele>
      </trkpt>
      <trkpt lat="45.40293250232935" lon="22.21541242673993">
        <ele>206.53</ele>
      </trkpt>
      <trkpt lat="45.40299033746123" lon="22.2153312060982">
        <ele>206.55</ele>
      </trkpt>
      <trkpt lat="45.403022607788444" lon="22.21528820693493">
        <ele>206.56</ele>
      </trkpt>
      <trkpt lat="45.40305471047759" lon="22.215249398723245">
        <ele>206.57</ele>
      </trkpt>
      <trkpt lat="45.40316258557141" lon="22.215144373476505">
        <ele>206.57</ele>
      </trkpt>
      <trkpt lat="45.403278674930334" lon="22.21505175344646">
        <ele>206.56</ele>
      </trkpt>
      <trkpt lat="45.40331228636205" lon="22.21501713618636">
        <ele>206.55</ele>
      </trkpt>
      <trkpt lat="45.403346568346024" lon="22.214981177821755">
        <ele>206.52</ele>
      </trkpt>
      <trkpt lat="45.40337950922549" lon="22.2149442974478">
        <ele>206.49</ele>
      </trkpt>
      <trkpt lat="45.40362191386521" lon="22.21470482647419">
        <ele>206.44</ele>
      </trkpt>
      <trkpt lat="45.40365535765886" lon="22.21467901021242">
        <ele>206.42</ele>
      </trkpt>
      <trkpt lat="45.40381696075201" lon="22.21455043181777">
        <ele>206.39</ele>
      </trkpt>
      <trkpt lat="45.403851913288236" lon="22.21453727222979">
        <ele>206.36</ele>
      </trkpt>
      <trkpt lat="45.403910502791405" lon="22.2145039960742">
        <ele>206.33</ele>
      </trkpt>
      <trkpt lat="45.40393657051027" lon="22.214483208954334">
        <ele>206.29</ele>
      </trkpt>
      <trkpt lat="45.403965739533305" lon="22.214463176205754">
        <ele>206.24</ele>
      </trkpt>
      <trkpt lat="45.40405299514532" lon="22.214413806796074">
        <ele>206.2</ele>
      </trkpt>
      <trkpt lat="45.40417755022645" lon="22.214316576719284">
        <ele>206.15</ele>
      </trkpt>
      <trkpt lat="45.40421023964882" lon="22.214286318048835">
        <ele>206.09</ele>
      </trkpt>
      <trkpt lat="45.4042749479413" lon="22.214229237288237">
        <ele>206.03</ele>
      </trkpt>
      <trkpt lat="45.404339069500566" lon="22.214171066880226">
        <ele>205.97</ele>
      </trkpt>
      <trkpt lat="45.40440578944981" lon="22.21411507576704">
        <ele>205.9</ele>
      </trkpt>
      <trkpt lat="45.40443998761475" lon="22.214088505133986">
        <ele>205.83</ele>
      </trkpt>
      <trkpt lat="45.40447510778904" lon="22.214065035805106">
        <ele>205.75</ele>
      </trkpt>
      <trkpt lat="45.40455079637468" lon="22.214021366089582">
        <ele>205.67</ele>
      </trkpt>
      <trkpt lat="45.40462707169354" lon="22.213993621990085">
        <ele>205.59</ele>
      </trkpt>
      <trkpt lat="45.404665376991034" lon="22.213986748829484">
        <ele>205.51</ele>
      </trkpt>
      <trkpt lat="45.40470435284078" lon="22.213982809334993">
        <ele>205.42</ele>
      </trkpt>
      <trkpt lat="45.404780711978674" lon="22.213983396068215">
        <ele>205.33</ele>
      </trkpt>
      <trkpt lat="45.404970310628414" lon="22.21397627145052">
        <ele>205.22</ele>
      </trkpt>
      <trkpt lat="45.4050054308027" lon="22.213975517079234">
        <ele>205.13</ele>
      </trkpt>
      <trkpt lat="45.40510014630854" lon="22.213966380804777">
        <ele>205.03</ele>
      </trkpt>
      <trkpt lat="45.40520374663174" lon="22.213924638926983">
        <ele>204.92</ele>
      </trkpt>
      <trkpt lat="45.40527977049351" lon="22.21389815211296">
        <ele>204.83</ele>
      </trkpt>
      <trkpt lat="45.40539334528148" lon="22.213894883170724">
        <ele>204.76</ele>
      </trkpt>
      <trkpt lat="45.40542762726545" lon="22.21390695311129">
        <ele>204.7</ele>
      </trkpt>
      <trkpt lat="45.40553432889283" lon="22.21389706246555">
        <ele>204.64</ele>
      </trkpt>
      <trkpt lat="45.40566399693489" lon="22.213754318654537">
        <ele>204.6</ele>
      </trkpt>
      <trkpt lat="45.405749240890145" lon="22.213688185438514">
        <ele>204.57</ele>
      </trkpt>
      <trkpt lat="45.40579701773822" lon="22.213656334206462">
        <ele>204.54</ele>
      </trkpt>
      <trkpt lat="45.40581193752587" lon="22.213647281751037">
        <ele>204.5</ele>
      </trkpt>
      <trkpt lat="45.40582777932286" lon="22.2136387322098">
        <ele>204.47</ele>
      </trkpt>
      <trkpt lat="45.40589525364339" lon="22.213588524609804">
        <ele>204.45</ele>
      </trkpt>
      <trkpt lat="45.405933391302824" lon="22.213569497689605">
        <ele>204.44</ele>
      </trkpt>
      <trkpt lat="45.40594965219498" lon="22.213560780510306">
        <ele>204.44</ele>
      </trkpt>
      <trkpt lat="45.40601184591651" lon="22.213543513789773">
        <ele>204.45</ele>
      </trkpt>
      <trkpt lat="45.406062975525856" lon="22.213529935106635">
        <ele>204.46</ele>
      </trkpt>
      <trkpt lat="45.40611159056425" lon="22.213491378352046">
        <ele>204.49</ele>
      </trkpt>
      <trkpt lat="45.406137239187956" lon="22.21346866339445">
        <ele>204.52</ele>
      </trkpt>
      <trkpt lat="45.406183172017336" lon="22.213416444137692">
        <ele>204.57</ele>
      </trkpt>
      <trkpt lat="45.40620010346174" lon="22.213382916525006">
        <ele>204.62</ele>
      </trkpt>
      <trkpt lat="45.406263219192624" lon="22.213242100551724">
        <ele>204.69</ele>
      </trkpt>
      <trkpt lat="45.40628241375089" lon="22.213205387815833">
        <ele>204.76</ele>
      </trkpt>
      <trkpt lat="45.40641048923135" lon="22.212970107793808">
        <ele>204.85</ele>
      </trkpt>
      <trkpt lat="45.40642851032317" lon="22.212929958477616">
        <ele>204.93</ele>
      </trkpt>
      <trkpt lat="45.40655180811882" lon="22.212680764496326">
        <ele>204.96</ele>
      </trkpt>
      <trkpt lat="45.40666705928743" lon="22.212463673204184">
        <ele>205.08</ele>
      </trkpt>
      <trkpt lat="45.406718691810966" lon="22.212386559695005">
        <ele>205.22</ele>
      </trkpt>
      <trkpt lat="45.406753811985254" lon="22.21229888498783">
        <ele>205.38</ele>
      </trkpt>
      <trkpt lat="45.406840816140175" lon="22.212155889719725">
        <ele>205.59</ele>
      </trkpt>
      <trkpt lat="45.40689714252949" lon="22.21209906041622">
        <ele>205.78</ele>
      </trkpt>
      <trkpt lat="45.406993785873055" lon="22.211980875581503">
        <ele>206.0</ele>
      </trkpt>
      <trkpt lat="45.4070190154016" lon="22.21194902434945">
        <ele>206.2</ele>
      </trkpt>
      <trkpt lat="45.407044999301434" lon="22.211921280249953">
        <ele>206.4</ele>
      </trkpt>
      <trkpt lat="45.40712311863899" lon="22.21184969879687">
        <ele>206.63</ele>
      </trkpt>
      <trkpt lat="45.40717902593315" lon="22.211760515347123">
        <ele>206.85</ele>
      </trkpt>
      <trkpt lat="45.40723828598857" lon="22.21162556670606">
        <ele>207.04</ele>
      </trkpt>
      <trkpt lat="45.40728237479925" lon="22.211461449041963">
        <ele>207.25</ele>
      </trkpt>
      <trkpt lat="45.40731841698289" lon="22.211331026628613">
        <ele>207.41</ele>
      </trkpt>
      <trkpt lat="45.40736158378422" lon="22.211174871772528">
        <ele>207.55</ele>
      </trkpt>
      <trkpt lat="45.40741573087871" lon="22.21102743409574">
        <ele>207.71</ele>
      </trkpt>
      <trkpt lat="45.4074405413121" lon="22.21095509827137">
        <ele>207.85</ele>
      </trkpt>
      <trkpt lat="45.40745906531811" lon="22.210923666134477">
        <ele>207.97</ele>
      </trkpt>
      <trkpt lat="45.407480858266354" lon="22.21089164726436">
        <ele>208.08</ele>
      </trkpt>
      <trkpt lat="45.40759443305433" lon="22.21068142913282">
        <ele>208.19</ele>
      </trkpt>
      <trkpt lat="45.407623602077365" lon="22.210666509345174">
        <ele>208.26</ele>
      </trkpt>
      <trkpt lat="45.40768252685666" lon="22.210695343092084">
        <ele>208.3</ele>
      </trkpt>
      <trkpt lat="45.40770842693746" lon="22.210722835734487">
        <ele>208.34</ele>
      </trkpt>
      <trkpt lat="45.40775670669973" lon="22.210779329761863">
        <ele>208.36</ele>
      </trkpt>
      <trkpt lat="45.40791789069772" lon="22.21090229228139">
        <ele>208.34</ele>
      </trkpt>
      <trkpt lat="45.40807496756315" lon="22.21099264919758">
        <ele>208.34</ele>
      </trkpt>
      <trkpt lat="45.40818233974278" lon="22.211052076891065">
        <ele>208.39</ele>
      </trkpt>
      <trkpt lat="45.40833472274244" lon="22.2111192997545">
        <ele>208.44</ele>
      </trkpt>
      <trkpt lat="45.408456763252616" lon="22.21115349791944">
        <ele>208.43</ele>
      </trkpt>
      <trkpt lat="45.40861543267965" lon="22.21121904440224">
        <ele>208.42</ele>
      </trkpt>
      <trkpt lat="45.40865675546229" lon="22.211233712732792">
        <ele>208.36</ele>
      </trkpt>
      <trkpt lat="45.40869883261621" lon="22.211245615035295">
        <ele>208.28</ele>
      </trkpt>
      <trkpt lat="45.4087891895324" lon="22.211265731602907">
        <ele>208.17</ele>
      </trkpt>
      <trkpt lat="45.408835373818874" lon="22.211272856220603">
        <ele>208.05</ele>
      </trkpt>
      <trkpt lat="45.408880636096" lon="22.21126740798354">
        <ele>207.9</ele>
      </trkpt>
      <trkpt lat="45.40892120450735" lon="22.211245950311422">
        <ele>207.73</ele>
      </trkpt>
      <trkpt lat="45.40896403603256" lon="22.211147714406252">
        <ele>207.54</ele>
      </trkpt>
      <trkpt lat="45.40900971740484" lon="22.21089407801628">
        <ele>207.31</ele>
      </trkpt>
      <trkpt lat="45.40906143374741" lon="22.21062619239092">
        <ele>207.1</ele>
      </trkpt>
      <trkpt lat="45.40909353643656" lon="22.210425278171897">
        <ele>206.88</ele>
      </trkpt>
      <trkpt lat="45.40913569740951" lon="22.21023241057992">
        <ele>206.62</ele>
      </trkpt>
      <trkpt lat="45.40915070101619" lon="22.210168708115816">
        <ele>206.39</ele>
      </trkpt>
      <trkpt lat="45.4091621004045" lon="22.210101149976254">
        <ele>206.16</ele>
      </trkpt>
      <trkpt lat="45.40917341597378" lon="22.210036357864738">
        <ele>205.91</ele>
      </trkpt>
      <trkpt lat="45.40919663384557" lon="22.20990451052785">
        <ele>205.66</ele>
      </trkpt>
      <trkpt lat="45.4092657007277" lon="22.20953176729381">
        <ele>205.34</ele>
      </trkpt>
      <trkpt lat="45.40927844122052" lon="22.209474686533213">
        <ele>205.1</ele>
      </trkpt>
      <trkpt lat="45.40929822251201" lon="22.209364883601665">
        <ele>204.87</ele>
      </trkpt>
      <trkpt lat="45.40929654613137" lon="22.20924493856728">
        <ele>204.64</ele>
      </trkpt>
      <trkpt lat="45.409287828952074" lon="22.209181990474463">
        <ele>204.42</ele>
      </trkpt>
      <trkpt lat="45.40926377288997" lon="22.20898794941604">
        <ele>204.19</ele>
      </trkpt>
      <trkpt lat="45.409254636615515" lon="22.208921648561954">
        <ele>204.01</ele>
      </trkpt>
      <trkpt lat="45.409224210307" lon="22.20867714844644">
        <ele>203.84</ele>
      </trkpt>
      <trkpt lat="45.409194035455585" lon="22.208433905616403">
        <ele>203.75</ele>
      </trkpt>
      <trkpt lat="45.40916251949966" lon="22.20816995948553">
        <ele>203.7</ele>
      </trkpt>
      <trkpt lat="45.40913125500083" lon="22.207907354459167">
        <ele>203.71</ele>
      </trkpt>
      <trkpt lat="45.40912396274507" lon="22.207834850996733">
        <ele>203.77</ele>
      </trkpt>
      <trkpt lat="45.40910451672971" lon="22.207602420821786">
        <ele>203.87</ele>
      </trkpt>
      <trkpt lat="45.40908523835242" lon="22.207371164113283">
        <ele>204.03</ele>
      </trkpt>
      <trkpt lat="45.4090672172606" lon="22.207221295684576">
        <ele>204.27</ele>
      </trkpt>
      <trkpt lat="45.409040143713355" lon="22.206945698708296">
        <ele>204.53</ele>
      </trkpt>
      <trkpt lat="45.409013237804174" lon="22.206671610474586">
        <ele>204.73</ele>
      </trkpt>
      <trkpt lat="45.4089945461601" lon="22.206525346264243">
        <ele>204.94</ele>
      </trkpt>
      <trkpt lat="45.40897535160184" lon="22.20638587139547">
        <ele>205.15</ele>
      </trkpt>
      <trkpt lat="45.40894157253206" lon="22.20613676123321">
        <ele>205.38</ele>
      </trkpt>
      <trkpt lat="45.40890796110034" lon="22.205888908356428">
        <ele>205.71</ele>
      </trkpt>
      <trkpt lat="45.40889957919717" lon="22.20582202076912">
        <ele>205.99</ele>
      </trkpt>
      <trkpt lat="45.40888499468565" lon="22.205697633326054">
        <ele>206.27</ele>
      </trkpt>
      <trkpt lat="45.4088737629354" lon="22.205438381060958">
        <ele>206.54</ele>
      </trkpt>
      <trkpt lat="45.408892622217536" lon="22.205404937267303">
        <ele>206.72</ele>
      </trkpt>
      <trkpt lat="45.408961940556765" lon="22.205348359420896">
        <ele>206.89</ele>
      </trkpt>
      <trkpt lat="45.40899647399783" lon="22.20533737912774">
        <ele>207.02</ele>
      </trkpt>
      <trkpt lat="45.409038132056594" lon="22.205387754365802">
        <ele>207.13</ele>
      </trkpt>
      <trkpt lat="45.40906394831836" lon="22.205474758520722">
        <ele>207.2</ele>
      </trkpt>
      <trkpt lat="45.409132009372115" lon="22.20566284842789">
        <ele>207.21</ele>
      </trkpt>
      <trkpt lat="45.40921524167061" lon="22.205930734053254">
        <ele>207.21</ele>
      </trkpt>
      <trkpt lat="45.40929822251201" lon="22.206197613850236">
        <ele>207.35</ele>
      </trkpt>
      <trkpt lat="45.40933451615274" lon="22.206307081505656">
        <ele>207.51</ele>
      </trkpt>
      <trkpt lat="45.40937131270766" lon="22.206413950771093">
        <ele>207.69</ele>
      </trkpt>
      <trkpt lat="45.409405678510666" lon="22.206520652398467">
        <ele>207.84</ele>
      </trkpt>
      <trkpt lat="45.40942302905023" lon="22.20657119527459">
        <ele>207.93</ele>
      </trkpt>
    </trkseg>
  </trk>
</gpx>
