<?xml version="1.0" encoding="UTF-8"?>
<gpx creator="Garmin Connect" version="1.1"
  xsi:schemaLocation="http://www.topografix.com/GPX/1/1 http://www.topografix.com/GPX/11.xsd"
  xmlns:ns3="http://www.garmin.com/xmlschemas/TrackPointExtension/v1"
  xmlns="http://www.topografix.com/GPX/1/1"
  xmlns:xsi="http://www.w3.org/2001/XMLSchema-instance" xmlns:ns2="http://www.garmin.com/xmlschemas/GpxExtensions/v3">
  <metadata>
    <name>Traseu MTB 28km</name>
    <link href="connect.garmin.com">
      <text>Garmin Connect</text>
    </link>
    <time>2024-09-15T17:53:58.000Z</time>
  </metadata>
  <trk>
    <name>Traseu MTB 28km</name>
    <trkseg>
      <trkpt lat="45.40944415144622" lon="22.206626515835524">
        <ele>207.37</ele>
      </trkpt>
      <trkpt lat="45.409448090940714" lon="22.206630539149046">
        <ele>207.29</ele>
      </trkpt>
      <trkpt lat="45.40945881977677" lon="22.206660881638527">
        <ele>207.2</ele>
      </trkpt>
      <trkpt lat="45.40947038680315" lon="22.20670010894537">
        <ele>207.11</ele>
      </trkpt>
      <trkpt lat="45.40948354639113" lon="22.206741347908974">
        <ele>207.0</ele>
      </trkpt>
      <trkpt lat="45.40949779562652" lon="22.206781581044197">
        <ele>206.89</ele>
      </trkpt>
      <trkpt lat="45.409511206671596" lon="22.206826005131006">
        <ele>206.76</ele>
      </trkpt>
      <trkpt lat="45.40952411480248" lon="22.20687755383551">
        <ele>206.63</ele>
      </trkpt>
      <trkpt lat="45.409539453685284" lon="22.206931868568063">
        <ele>206.5</ele>
      </trkpt>
      <trkpt lat="45.409555714577436" lon="22.206988781690598">
        <ele>206.37</ele>
      </trkpt>
      <trkpt lat="45.40957088582218" lon="22.207046952098608">
        <ele>206.23</ele>
      </trkpt>
      <trkpt lat="45.40958622470498" lon="22.207099506631494">
        <ele>206.09</ele>
      </trkpt>
      <trkpt lat="45.40960432961583" lon="22.207154240459204">
        <ele>205.95</ele>
      </trkpt>
      <trkpt lat="45.40962318889797" lon="22.20721165649593">
        <ele>205.81</ele>
      </trkpt>
      <trkpt lat="45.40964146144688" lon="22.207269575446844">
        <ele>205.69</ele>
      </trkpt>
      <trkpt lat="45.40966090746224" lon="22.20732808113098">
        <ele>205.57</ele>
      </trkpt>
      <trkpt lat="45.4096803534776" lon="22.207385832443833">
        <ele>205.46</ele>
      </trkpt>
      <trkpt lat="45.40970047004521" lon="22.207440230995417">
        <ele>205.34</ele>
      </trkpt>
      <trkpt lat="45.409725196659565" lon="22.20749848522246">
        <ele>205.23</ele>
      </trkpt>
      <trkpt lat="45.409756042063236" lon="22.207555985078216">
        <ele>205.13</ele>
      </trkpt>
      <trkpt lat="45.40978889912367" lon="22.20760803669691">
        <ele>205.02</ele>
      </trkpt>
      <trkpt lat="45.40982401929796" lon="22.2076569031924">
        <ele>204.93</ele>
      </trkpt>
      <trkpt lat="45.409853272140026" lon="22.207706607878208">
        <ele>204.83</ele>
      </trkpt>
      <trkpt lat="45.409883949905634" lon="22.207759832963347">
        <ele>204.74</ele>
      </trkpt>
      <trkpt lat="45.40991831570864" lon="22.20781615935266">
        <ele>204.65</ele>
      </trkpt>
      <trkpt lat="45.40995025075972" lon="22.207870557904243">
        <ele>204.57</ele>
      </trkpt>
      <trkpt lat="45.40998017415404" lon="22.20792420208454">
        <ele>204.49</ele>
      </trkpt>
      <trkpt lat="45.410012444481254" lon="22.207976253703237">
        <ele>204.41</ele>
      </trkpt>
      <trkpt lat="45.410044714808464" lon="22.20802729949355">
        <ele>204.33</ele>
      </trkpt>
      <trkpt lat="45.41007488965988" lon="22.208077758550644">
        <ele>204.25</ele>
      </trkpt>
      <trkpt lat="45.41010397486389" lon="22.208124361932278">
        <ele>204.17</ele>
      </trkpt>
      <trkpt lat="45.41013381443918" lon="22.20816702581942">
        <ele>204.11</ele>
      </trkpt>
      <trkpt lat="45.41016474366188" lon="22.208207761868834">
        <ele>204.04</ele>
      </trkpt>
      <trkpt lat="45.410197265446186" lon="22.208252605050802">
        <ele>203.98</ele>
      </trkpt>
      <trkpt lat="45.410235319286585" lon="22.20830432139337">
        <ele>203.93</ele>
      </trkpt>
      <trkpt lat="45.410276893526316" lon="22.208358384668827">
        <ele>203.88</ele>
      </trkpt>
      <trkpt lat="45.41031461209059" lon="22.208415968343616">
        <ele>203.84</ele>
      </trkpt>
      <trkpt lat="45.410351576283574" lon="22.20847229473293">
        <ele>203.82</ele>
      </trkpt>
      <trkpt lat="45.41039130650461" lon="22.20852518454194">
        <ele>203.79</ele>
      </trkpt>
      <trkpt lat="45.410428354516625" lon="22.208575392141938">
        <ele>203.78</ele>
      </trkpt>
      <trkpt lat="45.41046850383282" lon="22.208625432103872">
        <ele>203.77</ele>
      </trkpt>
      <trkpt lat="45.410512844100595" lon="22.208675388246775">
        <ele>203.77</ele>
      </trkpt>
      <trkpt lat="45.410598423331976" lon="22.20877337269485">
        <ele>203.78</ele>
      </trkpt>
      <trkpt lat="45.41063781827688" lon="22.208818970248103">
        <ele>203.79</ele>
      </trkpt>
      <trkpt lat="45.41067193262279" lon="22.20885895192623">
        <ele>203.81</ele>
      </trkpt>
      <trkpt lat="45.410700011998415" lon="22.20890387892723">
        <ele>203.83</ele>
      </trkpt>
      <trkpt lat="45.4107179492712" lon="22.208953835070133">
        <ele>203.86</ele>
      </trkpt>
      <trkpt lat="45.41072415187955" lon="22.20901032909751">
        <ele>203.9</ele>
      </trkpt>
      <trkpt lat="45.410712668672204" lon="22.209070175886154">
        <ele>203.94</ele>
      </trkpt>
      <trkpt lat="45.410687271505594" lon="22.209121054038405">
        <ele>203.97</ele>
      </trkpt>
      <trkpt lat="45.41065491735935" lon="22.209164891391993">
        <ele>204.01</ele>
      </trkpt>
      <trkpt lat="45.410616025328636" lon="22.209200598299503">
        <ele>204.06</ele>
      </trkpt>
      <trkpt lat="45.410497672855854" lon="22.209311574697495">
        <ele>204.12</ele>
      </trkpt>
      <trkpt lat="45.410469928756356" lon="22.209364380687475">
        <ele>204.2</ele>
      </trkpt>
      <trkpt lat="45.41045400314033" lon="22.20942380838096">
        <ele>204.26</ele>
      </trkpt>
      <trkpt lat="45.41044712997973" lon="22.209491031244397">
        <ele>204.34</ele>
      </trkpt>
      <trkpt lat="45.41044461540878" lon="22.209561355412006">
        <ele>204.41</ele>
      </trkpt>
      <trkpt lat="45.41044578887522" lon="22.209630757570267">
        <ele>204.49</ele>
      </trkpt>
      <trkpt lat="45.41044805198908" lon="22.209698064252734">
        <ele>204.58</ele>
      </trkpt>
      <trkpt lat="45.41045500896871" lon="22.20983125269413">
        <ele>204.69</ele>
      </trkpt>
      <trkpt lat="45.410458697006106" lon="22.21004038117826">
        <ele>204.8</ele>
      </trkpt>
      <trkpt lat="45.41045978665352" lon="22.210113471373916">
        <ele>204.9</ele>
      </trkpt>
      <trkpt lat="45.41046230122447" lon="22.210184885188937">
        <ele>205.0</ele>
      </trkpt>
      <trkpt lat="45.41046431288123" lon="22.21025487408042">
        <ele>205.1</ele>
      </trkpt>
      <trkpt lat="45.410463977605104" lon="22.210321929305792">
        <ele>205.19</ele>
      </trkpt>
      <trkpt lat="45.410464983433485" lon="22.210387978702784">
        <ele>205.27</ele>
      </trkpt>
      <trkpt lat="45.410471772775054" lon="22.210525441914797">
        <ele>205.36</ele>
      </trkpt>
      <trkpt lat="45.41046867147088" lon="22.210596101358533">
        <ele>205.44</ele>
      </trkpt>
      <trkpt lat="45.410466492176056" lon="22.21066433005035">
        <ele>205.51</ele>
      </trkpt>
      <trkpt lat="45.41047143749893" lon="22.21080070361495">
        <ele>205.59</ele>
      </trkpt>
      <trkpt lat="45.41047043167055" lon="22.210871195420623">
        <ele>205.66</ele>
      </trkpt>
      <trkpt lat="45.41047353297472" lon="22.210942190140486">
        <ele>205.72</ele>
      </trkpt>
      <trkpt lat="45.41047646664083" lon="22.211008742451668">
        <ele>205.78</ele>
      </trkpt>
      <trkpt lat="45.41047906503081" lon="22.211074205115438">
        <ele>205.85</ele>
      </trkpt>
      <trkpt lat="45.410480657592416" lon="22.211143020540476">
        <ele>205.9</ele>
      </trkpt>
      <trkpt lat="45.410481076687574" lon="22.211211416870356">
        <ele>205.96</ele>
      </trkpt>
      <trkpt lat="45.41047973558307" lon="22.21127520315349">
        <ele>206.01</ele>
      </trkpt>
      <trkpt lat="45.41048082523048" lon="22.21134016290307">
        <ele>206.06</ele>
      </trkpt>
      <trkpt lat="45.41048275306821" lon="22.211401350796223">
        <ele>206.1</ele>
      </trkpt>
      <trkpt lat="45.410484094172716" lon="22.211456587538123">
        <ele>206.14</ele>
      </trkpt>
      <trkpt lat="45.410481076687574" lon="22.2115043643862">
        <ele>206.18</ele>
      </trkpt>
      <trkpt lat="45.410474203526974" lon="22.211546692997217">
        <ele>206.21</ele>
      </trkpt>
      <trkpt lat="45.41045836172998" lon="22.211575275287032">
        <ele>206.26</ele>
      </trkpt>
      <trkpt lat="45.41043698787689" lon="22.211590949445963">
        <ele>206.31</ele>
      </trkpt>
      <trkpt lat="45.41040706448257" lon="22.211596397683024">
        <ele>206.36</ele>
      </trkpt>
      <trkpt lat="45.41023942641914" lon="22.211605198681355">
        <ele>206.43</ele>
      </trkpt>
      <trkpt lat="45.41015435010195" lon="22.21161383204162">
        <ele>206.49</ele>
      </trkpt>
      <trkpt lat="45.410111686214805" lon="22.211618861183524">
        <ele>206.54</ele>
      </trkpt>
      <trkpt lat="45.409880597144365" lon="22.211657920852304">
        <ele>206.59</ele>
      </trkpt>
      <trkpt lat="45.40978638455272" lon="22.211663033813238">
        <ele>206.63</ele>
      </trkpt>
      <trkpt lat="45.40968923829496" lon="22.211655657738447">
        <ele>206.68</ele>
      </trkpt>
      <trkpt lat="45.4095904994756" lon="22.21162263303995">
        <ele>206.74</ele>
      </trkpt>
      <trkpt lat="45.40954255498946" lon="22.21160586923361">
        <ele>206.81</ele>
      </trkpt>
      <trkpt lat="45.40926368907094" lon="22.21148776821792">
        <ele>206.92</ele>
      </trkpt>
      <trkpt lat="45.40916905738413" lon="22.21144812181592">
        <ele>207.01</ele>
      </trkpt>
      <trkpt lat="45.40908087976277" lon="22.211404787376523">
        <ele>207.1</ele>
      </trkpt>
      <trkpt lat="45.40903989225626" lon="22.211383245885372">
        <ele>207.18</ele>
      </trkpt>
      <trkpt lat="45.40899781510234" lon="22.21136120148003">
        <ele>207.26</ele>
      </trkpt>
      <trkpt lat="45.408956073224545" lon="22.211341923102736">
        <ele>207.35</ele>
      </trkpt>
      <trkpt lat="45.408913576975465" lon="22.211326081305742">
        <ele>207.43</ele>
      </trkpt>
      <trkpt lat="45.408874433487654" lon="22.211310155689716">
        <ele>207.51</ele>
      </trkpt>
      <trkpt lat="45.40883478708565" lon="22.211295319721103">
        <ele>207.59</ele>
      </trkpt>
      <trkpt lat="45.408797236159444" lon="22.211276879534125">
        <ele>207.65</ele>
      </trkpt>
      <trkpt lat="45.40876270271838" lon="22.211259780451655">
        <ele>207.72</ele>
      </trkpt>
      <trkpt lat="45.40872733108699" lon="22.211242262274027">
        <ele>207.78</ele>
      </trkpt>
      <trkpt lat="45.40869279764593" lon="22.211228432133794">
        <ele>207.83</ele>
      </trkpt>
      <trkpt lat="45.408663880079985" lon="22.21121803857386">
        <ele>207.88</ele>
      </trkpt>
      <trkpt lat="45.40863286703825" lon="22.21120529808104">
        <ele>207.92</ele>
      </trkpt>
      <trkpt lat="45.40860000997782" lon="22.211189372465014">
        <ele>207.96</ele>
      </trkpt>
      <trkpt lat="45.40852624922991" lon="22.21115844324231">
        <ele>207.99</ele>
      </trkpt>
      <trkpt lat="45.4084437713027" lon="22.211121814325452">
        <ele>208.0</ele>
      </trkpt>
      <trkpt lat="45.40825710631907" lon="22.211054004728794">
        <ele>207.99</ele>
      </trkpt>
      <trkpt lat="45.40821561589837" lon="22.211036905646324">
        <ele>207.99</ele>
      </trkpt>
      <trkpt lat="45.40817018598318" lon="22.211019219830632">
        <ele>207.99</ele>
      </trkpt>
      <trkpt lat="45.40812190622091" lon="22.211000192910433">
        <ele>207.98</ele>
      </trkpt>
      <trkpt lat="45.40807236917317" lon="22.210978735238314">
        <ele>207.97</ele>
      </trkpt>
      <trkpt lat="45.40802417322993" lon="22.21095551736653">
        <ele>207.95</ele>
      </trkpt>
      <trkpt lat="45.407975977286696" lon="22.210932467132807">
        <ele>207.95</ele>
      </trkpt>
      <trkpt lat="45.40792769752443" lon="22.2109086625278">
        <ele>207.94</ele>
      </trkpt>
      <trkpt lat="45.407878244295716" lon="22.21088225953281">
        <ele>207.94</ele>
      </trkpt>
      <trkpt lat="45.407831808552146" lon="22.210855688899755">
        <ele>207.93</ele>
      </trkpt>
      <trkpt lat="45.40778369642794" lon="22.21082861535251">
        <ele>207.92</ele>
      </trkpt>
      <trkpt lat="45.407734075561166" lon="22.21079232171178">
        <ele>207.91</ele>
      </trkpt>
      <trkpt lat="45.40768529288471" lon="22.21075032837689">
        <ele>207.9</ele>
      </trkpt>
      <trkpt lat="45.40763692930341" lon="22.210707999765873">
        <ele>207.88</ele>
      </trkpt>
      <trkpt lat="45.407591415569186" lon="22.21068880520761">
        <ele>207.86</ele>
      </trkpt>
      <trkpt lat="45.40755059570074" lon="22.210706574842334">
        <ele>207.83</ele>
      </trkpt>
      <trkpt lat="45.40751497261226" lon="22.21074848435819">
        <ele>207.79</ele>
      </trkpt>
      <trkpt lat="45.40745143778622" lon="22.210847306996584">
        <ele>207.73</ele>
      </trkpt>
      <trkpt lat="45.40742243640125" lon="22.21089399419725">
        <ele>207.67</ele>
      </trkpt>
      <trkpt lat="45.407399302348495" lon="22.210947051644325">
        <ele>207.6</ele>
      </trkpt>
      <trkpt lat="45.40735420770943" lon="22.21105962060392">
        <ele>207.53</ele>
      </trkpt>
      <trkpt lat="45.407313304021955" lon="22.21118962392211">
        <ele>207.45</ele>
      </trkpt>
      <trkpt lat="45.40727709420025" lon="22.211331529542804">
        <ele>207.38</ele>
      </trkpt>
      <trkpt lat="45.40721297264099" lon="22.21156588755548">
        <ele>207.28</ele>
      </trkpt>
      <trkpt lat="45.407191179692745" lon="22.211623387411237">
        <ele>207.18</ele>
      </trkpt>
      <trkpt lat="45.40716804563999" lon="22.21166940405965">
        <ele>207.07</ele>
      </trkpt>
      <trkpt lat="45.407153964042664" lon="22.211707457900047">
        <ele>206.96</ele>
      </trkpt>
      <trkpt lat="45.40714340284467" lon="22.211733693256974">
        <ele>206.84</ele>
      </trkpt>
      <trkpt lat="45.40713049471378" lon="22.211763113737106">
        <ele>206.72</ele>
      </trkpt>
      <trkpt lat="45.4071104619652" lon="22.211799575015903">
        <ele>206.6</ele>
      </trkpt>
      <trkpt lat="45.40708431042731" lon="22.211842155084014">
        <ele>206.49</ele>
      </trkpt>
      <trkpt lat="45.407056733965874" lon="22.21187610179186">
        <ele>206.36</ele>
      </trkpt>
      <trkpt lat="45.40698925964534" lon="22.211952712386847">
        <ele>206.22</ele>
      </trkpt>
      <trkpt lat="45.40695397183299" lon="22.211991101503372">
        <ele>206.09</ele>
      </trkpt>
      <trkpt lat="45.406916588544846" lon="22.212035609409213">
        <ele>205.97</ele>
      </trkpt>
      <trkpt lat="45.40688415057957" lon="22.212084224447608">
        <ele>205.83</ele>
      </trkpt>
      <trkpt lat="45.40684953331947" lon="22.212128899991512">
        <ele>205.71</ele>
      </trkpt>
      <trkpt lat="45.40681902319193" lon="22.212164690718055">
        <ele>205.59</ele>
      </trkpt>
      <trkpt lat="45.40679320693016" lon="22.212197883054614">
        <ele>205.47</ele>
      </trkpt>
      <trkpt lat="45.40676839649677" lon="22.21222847700119">
        <ele>205.36</ele>
      </trkpt>
      <trkpt lat="45.40672715753317" lon="22.212310871109366">
        <ele>205.25</ele>
      </trkpt>
      <trkpt lat="45.40670704096556" lon="22.21235697157681">
        <ele>205.15</ele>
      </trkpt>
      <trkpt lat="45.40656220167875" lon="22.21261010505259">
        <ele>205.06</ele>
      </trkpt>
      <trkpt lat="45.406506629660726" lon="22.21271898597479">
        <ele>204.99</ele>
      </trkpt>
      <trkpt lat="45.406457679346204" lon="22.21282996237278">
        <ele>204.94</ele>
      </trkpt>
      <trkpt lat="45.406432868912816" lon="22.212884360924363">
        <ele>204.88</ele>
      </trkpt>
      <trkpt lat="45.40640386752784" lon="22.212934317067266">
        <ele>204.83</ele>
      </trkpt>
      <trkpt lat="45.4063767939806" lon="22.212980668991804">
        <ele>204.78</ele>
      </trkpt>
      <trkpt lat="45.406348295509815" lon="22.213024254888296">
        <ele>204.73</ele>
      </trkpt>
      <trkpt lat="45.40632415562868" lon="22.213071109727025">
        <ele>204.68</ele>
      </trkpt>
      <trkpt lat="45.40627378039062" lon="22.213172279298306">
        <ele>204.63</ele>
      </trkpt>
      <trkpt lat="45.40625383146107" lon="22.213228438049555">
        <ele>204.59</ele>
      </trkpt>
      <trkpt lat="45.40618090890348" lon="22.213388197124004">
        <ele>204.55</ele>
      </trkpt>
      <trkpt lat="45.40611729025841" lon="22.213474363088608">
        <ele>204.51</ele>
      </trkpt>
      <trkpt lat="45.40608569048345" lon="22.21350470557809">
        <ele>204.48</ele>
      </trkpt>
      <trkpt lat="45.40605668909848" lon="22.213527588173747">
        <ele>204.45</ele>
      </trkpt>
      <trkpt lat="45.40602844208479" lon="22.213544184342027">
        <ele>204.43</ele>
      </trkpt>
      <trkpt lat="45.40596700273454" lon="22.213568575680256">
        <ele>204.41</ele>
      </trkpt>
      <trkpt lat="45.40593414567411" lon="22.213587183505297">
        <ele>204.4</ele>
      </trkpt>
      <trkpt lat="45.40590288117528" lon="22.21360981464386">
        <ele>204.38</ele>
      </trkpt>
      <trkpt lat="45.40587538853288" lon="22.213633116334677">
        <ele>204.38</ele>
      </trkpt>
      <trkpt lat="45.40585359558463" lon="22.213652143254876">
        <ele>204.38</ele>
      </trkpt>
      <trkpt lat="45.405834736302495" lon="22.21366940997541">
        <ele>204.39</ele>
      </trkpt>
      <trkpt lat="45.40581629611552" lon="22.213681312277913">
        <ele>204.4</ele>
      </trkpt>
      <trkpt lat="45.4057945869863" lon="22.21369002945721">
        <ele>204.41</ele>
      </trkpt>
      <trkpt lat="45.40577522478998" lon="22.213697489351034">
        <ele>204.42</ele>
      </trkpt>
      <trkpt lat="45.405731135979295" lon="22.213719617575407">
        <ele>204.44</ele>
      </trkpt>
      <trkpt lat="45.405607586726546" lon="22.21382036805153">
        <ele>204.44</ele>
      </trkpt>
      <trkpt lat="45.40549929253757" lon="22.21392455510795">
        <ele>204.47</ele>
      </trkpt>
      <trkpt lat="45.405466770753264" lon="22.21393972635269">
        <ele>204.5</ele>
      </trkpt>
      <trkpt lat="45.40544128976762" lon="22.21394601278007">
        <ele>204.53</ele>
      </trkpt>
      <trkpt lat="45.40541916154325" lon="22.21394165419042">
        <ele>204.56</ele>
      </trkpt>
      <trkpt lat="45.40539518930018" lon="22.213931931182742">
        <ele>204.6</ele>
      </trkpt>
      <trkpt lat="45.405366690829396" lon="22.21392346546054">
        <ele>204.64</ele>
      </trkpt>
      <trkpt lat="45.40533224120736" lon="22.213915502652526">
        <ele>204.68</ele>
      </trkpt>
      <trkpt lat="45.40529267862439" lon="22.21391223371029">
        <ele>204.73</ele>
      </trkpt>
      <trkpt lat="45.40525211021304" lon="22.213914580643177">
        <ele>204.77</ele>
      </trkpt>
      <trkpt lat="45.405211793258786" lon="22.213925141841173">
        <ele>204.83</ele>
      </trkpt>
      <trkpt lat="45.40516946464777" lon="22.21394056454301">
        <ele>204.89</ele>
      </trkpt>
      <trkpt lat="45.40512705221772" lon="22.213955903425813">
        <ele>204.96</ele>
      </trkpt>
      <trkpt lat="45.405087573453784" lon="22.21397291868925">
        <ele>205.02</ele>
      </trkpt>
      <trkpt lat="45.40505262091756" lon="22.213995046913624">
        <ele>205.09</ele>
      </trkpt>
      <trkpt lat="45.40501565672457" lon="22.214011810719967">
        <ele>205.16</ele>
      </trkpt>
      <trkpt lat="45.404976177960634" lon="22.21402027644217">
        <ele>205.23</ele>
      </trkpt>
      <trkpt lat="45.4048587474972" lon="22.214025305584073">
        <ele>205.3</ele>
      </trkpt>
      <trkpt lat="45.40482002310455" lon="22.214028239250183">
        <ele>205.36</ele>
      </trkpt>
      <trkpt lat="45.40478356182575" lon="22.21403159201145">
        <ele>205.42</ele>
      </trkpt>
      <trkpt lat="45.40474567562342" lon="22.214033687487245">
        <ele>205.49</ele>
      </trkpt>
      <trkpt lat="45.404585832729936" lon="22.214050451293588">
        <ele>205.55</ele>
      </trkpt>
      <trkpt lat="45.40454803034663" lon="22.214064449071884">
        <ele>205.61</ele>
      </trkpt>
      <trkpt lat="45.404511485248804" lon="22.214078195393085">
        <ele>205.67</ele>
      </trkpt>
      <trkpt lat="45.404430851340294" lon="22.21410233527422">
        <ele>205.72</ele>
      </trkpt>
      <trkpt lat="45.40439212694764" lon="22.21412588842213">
        <ele>205.78</ele>
      </trkpt>
      <trkpt lat="45.40427729487419" lon="22.214202666655183">
        <ele>205.83</ele>
      </trkpt>
      <trkpt lat="45.40423907339573" lon="22.214228147640824">
        <ele>205.88</ele>
      </trkpt>
      <trkpt lat="45.40412960574031" lon="22.214305428788066">
        <ele>205.94</ele>
      </trkpt>
      <trkpt lat="45.404060035943985" lon="22.214362593367696">
        <ele>205.98</ele>
      </trkpt>
      <trkpt lat="45.40395769290626" lon="22.21445764414966">
        <ele>206.03</ele>
      </trkpt>
      <trkpt lat="45.40392156690359" lon="22.214486645534635">
        <ele>206.07</ele>
      </trkpt>
      <trkpt lat="45.40385032072663" lon="22.21453970298171">
        <ele>206.12</ele>
      </trkpt>
      <trkpt lat="45.40381679311395" lon="22.2145592328161">
        <ele>206.16</ele>
      </trkpt>
      <trkpt lat="45.403783433139324" lon="22.214581444859505">
        <ele>206.2</ele>
      </trkpt>
      <trkpt lat="45.4037503246218" lon="22.214606925845146">
        <ele>206.23</ele>
      </trkpt>
      <trkpt lat="45.40372107177973" lon="22.214634083211422">
        <ele>206.27</ele>
      </trkpt>
      <trkpt lat="45.403577238321304" lon="22.214756039902568">
        <ele>206.29</ele>
      </trkpt>
      <trkpt lat="45.403542621061206" lon="22.21478981897235">
        <ele>206.32</ele>
      </trkpt>
      <trkpt lat="45.40350859053433" lon="22.2148200776428">
        <ele>206.35</ele>
      </trkpt>
      <trkpt lat="45.40325151756406" lon="22.215066757053137">
        <ele>206.42</ele>
      </trkpt>
      <trkpt lat="45.40321346372366" lon="22.215100536122918">
        <ele>206.45</ele>
      </trkpt>
      <trkpt lat="45.403135595843196" lon="22.215161472558975">
        <ele>206.48</ele>
      </trkpt>
      <trkpt lat="45.40309661999345" lon="22.215192401781678">
        <ele>206.5</ele>
      </trkpt>
      <trkpt lat="45.40306116454303" lon="22.215224085375667">
        <ele>206.53</ele>
      </trkpt>
      <trkpt lat="45.40303115732968" lon="22.215262642130256">
        <ele>206.55</ele>
      </trkpt>
      <trkpt lat="45.4030042514205" lon="22.21530731767416">
        <ele>206.56</ele>
      </trkpt>
      <trkpt lat="45.40297935716808" lon="22.215349478647113">
        <ele>206.58</ele>
      </trkpt>
      <trkpt lat="45.40295463055372" lon="22.215389208868146">
        <ele>206.59</ele>
      </trkpt>
      <trkpt lat="45.40292705409229" lon="22.21543002873659">
        <ele>206.6</ele>
      </trkpt>
      <trkpt lat="45.40286620147526" lon="22.21549540758133">
        <ele>206.6</ele>
      </trkpt>
      <trkpt lat="45.40283250622451" lon="22.215519128367305">
        <ele>206.6</ele>
      </trkpt>
      <trkpt lat="45.4026363696903" lon="22.215589620172977">
        <ele>206.6</ele>
      </trkpt>
      <trkpt lat="45.402519442141056" lon="22.215627674013376">
        <ele>206.61</ele>
      </trkpt>
      <trkpt lat="45.402478789910674" lon="22.215640749782324">
        <ele>206.61</ele>
      </trkpt>
      <trkpt lat="45.4023150075227" lon="22.215678803622723">
        <ele>206.63</ele>
      </trkpt>
      <trkpt lat="45.402273517102" lon="22.215682826936245">
        <ele>206.63</ele>
      </trkpt>
      <trkpt lat="45.40218802168965" lon="22.215688358992338">
        <ele>206.64</ele>
      </trkpt>
      <trkpt lat="45.40214292705059" lon="22.215688191354275">
        <ele>206.64</ele>
      </trkpt>
      <trkpt lat="45.40205801837146" lon="22.215705458074808">
        <ele>206.66</ele>
      </trkpt>
      <trkpt lat="45.402017533779144" lon="22.21572113223374">
        <ele>206.67</ele>
      </trkpt>
      <trkpt lat="45.401939414441586" lon="22.215760443359613">
        <ele>206.69</ele>
      </trkpt>
      <trkpt lat="45.40186883881688" lon="22.215820206329226">
        <ele>206.7</ele>
      </trkpt>
      <trkpt lat="45.40178124792874" lon="22.215941743925214">
        <ele>206.7</ele>
      </trkpt>
      <trkpt lat="45.401754677295685" lon="22.21598365344107">
        <ele>206.71</ele>
      </trkpt>
      <trkpt lat="45.40173053741455" lon="22.216025311499834">
        <ele>206.71</ele>
      </trkpt>
      <trkpt lat="45.40170765481889" lon="22.21606621518731">
        <ele>206.72</ele>
      </trkpt>
      <trkpt lat="45.40168326348066" lon="22.216098066419363">
        <ele>206.73</ele>
      </trkpt>
      <trkpt lat="45.40165828540921" lon="22.216124888509512">
        <ele>206.74</ele>
      </trkpt>
      <trkpt lat="45.40163657628" lon="22.216143663972616">
        <ele>206.74</ele>
      </trkpt>
      <trkpt lat="45.40161998011172" lon="22.216153470799327">
        <ele>206.75</ele>
      </trkpt>
      <trkpt lat="45.40159969590604" lon="22.21615891903639">
        <ele>206.76</ele>
      </trkpt>
      <trkpt lat="45.401589469984174" lon="22.216167636215687">
        <ele>206.77</ele>
      </trkpt>
      <trkpt lat="45.40157170034945" lon="22.216182304546237">
        <ele>206.78</ele>
      </trkpt>
      <trkpt lat="45.40154571644962" lon="22.216205270960927">
        <ele>206.79</ele>
      </trkpt>
      <trkpt lat="45.4015121050179" lon="22.216234523802996">
        <ele>206.8</ele>
      </trkpt>
      <trkpt lat="45.40148125961423" lon="22.216272242367268">
        <ele>206.81</ele>
      </trkpt>
      <trkpt lat="45.40142803452909" lon="22.216355223208666">
        <ele>206.83</ele>
      </trkpt>
      <trkpt lat="45.401383275166154" lon="22.216446585953236">
        <ele>206.84</ele>
      </trkpt>
      <trkpt lat="45.401361733675" lon="22.21648975275457">
        <ele>206.86</ele>
      </trkpt>
      <trkpt lat="45.40130037814379" lon="22.2165709733963">
        <ele>206.87</ele>
      </trkpt>
      <trkpt lat="45.40123206563294" lon="22.216648841276765">
        <ele>206.88</ele>
      </trkpt>
      <trkpt lat="45.40114807896316" lon="22.216730061918497">
        <ele>206.89</ele>
      </trkpt>
      <trkpt lat="45.40105042979121" lon="22.21678253263235">
        <ele>206.91</ele>
      </trkpt>
      <trkpt lat="45.40099603123963" lon="22.21679133363068">
        <ele>206.93</ele>
      </trkpt>
      <trkpt lat="45.40093995630741" lon="22.21679820679128">
        <ele>206.96</ele>
      </trkpt>
      <trkpt lat="45.40082864463329" lon="22.21681036055088">
        <ele>206.99</ele>
      </trkpt>
      <trkpt lat="45.40077525191009" lon="22.216824609786272">
        <ele>207.02</ele>
      </trkpt>
      <trkpt lat="45.40072554722428" lon="22.216846318915486">
        <ele>207.06</ele>
      </trkpt>
      <trkpt lat="45.40062664076686" lon="22.21690222620964">
        <ele>207.11</ele>
      </trkpt>
      <trkpt lat="45.40057961829007" lon="22.21693684346974">
        <ele>207.15</ele>
      </trkpt>
      <trkpt lat="45.40053527802229" lon="22.216972382739186">
        <ele>207.21</ele>
      </trkpt>
      <trkpt lat="45.40049269795418" lon="22.217007419094443">
        <ele>207.26</ele>
      </trkpt>
      <trkpt lat="45.40045120753348" lon="22.21703893505037">
        <ele>207.31</ele>
      </trkpt>
      <trkpt lat="45.400410890579224" lon="22.217070953920484">
        <ele>207.36</ele>
      </trkpt>
      <trkpt lat="45.40037317201495" lon="22.217103391885757">
        <ele>207.4</ele>
      </trkpt>
      <trkpt lat="45.40033503435552" lon="22.217136165127158">
        <ele>207.44</ele>
      </trkpt>
      <trkpt lat="45.40029739961028" lon="22.217168603092432">
        <ele>207.48</ele>
      </trkpt>
      <trkpt lat="45.40026127360761" lon="22.217200035229325">
        <ele>207.52</ele>
      </trkpt>
      <trkpt lat="45.400225818157196" lon="22.217233311384916">
        <ele>207.56</ele>
      </trkpt>
      <trkpt lat="45.400196481496096" lon="22.217268431559205">
        <ele>207.6</ele>
      </trkpt>
      <trkpt lat="45.400165636092424" lon="22.217302042990923">
        <ele>207.63</ele>
      </trkpt>
      <trkpt lat="45.40013311430812" lon="22.217333475127816">
        <ele>207.68</ele>
      </trkpt>
      <trkpt lat="45.40010101161897" lon="22.217357866466045">
        <ele>207.72</ele>
      </trkpt>
      <trkpt lat="45.4000321123749" lon="22.217398770153522">
        <ele>207.77</ele>
      </trkpt>
      <trkpt lat="45.39988484233618" lon="22.21747781150043">
        <ele>207.82</ele>
      </trkpt>
      <trkpt lat="45.39984720759094" lon="22.217492731288075">
        <ele>207.86</ele>
      </trkpt>
      <trkpt lat="45.399812338873744" lon="22.217508489266038">
        <ele>207.9</ele>
      </trkpt>
      <trkpt lat="45.399777218699455" lon="22.217525336891413">
        <ele>207.94</ele>
      </trkpt>
      <trkpt lat="45.399741008877754" lon="22.21754034049809">
        <ele>207.97</ele>
      </trkpt>
      <trkpt lat="45.39970697835088" lon="22.217555847018957">
        <ele>208.01</ele>
      </trkpt>
      <trkpt lat="45.399674540385604" lon="22.21757696941495">
        <ele>208.04</ele>
      </trkpt>
      <trkpt lat="45.39962156675756" lon="22.217622734606266">
        <ele>208.06</ele>
      </trkpt>
      <trkpt lat="45.39959616959095" lon="22.217648215591908">
        <ele>208.09</ele>
      </trkpt>
      <trkpt lat="45.39949784986675" lon="22.21772407181561">
        <ele>208.13</ele>
      </trkpt>
      <trkpt lat="45.399426855146885" lon="22.21776028163731">
        <ele>208.17</ele>
      </trkpt>
      <trkpt lat="45.39939248934388" lon="22.21777880564332">
        <ele>208.19</ele>
      </trkpt>
      <trkpt lat="45.39917749352753" lon="22.217900846153498">
        <ele>208.22</ele>
      </trkpt>
      <trkpt lat="45.39914287626743" lon="22.217920878902078">
        <ele>208.24</ele>
      </trkpt>
      <trkpt lat="45.399110019207" lon="22.217939822003245">
        <ele>208.25</ele>
      </trkpt>
      <trkpt lat="45.399076994508505" lon="22.21795868128538">
        <ele>208.27</ele>
      </trkpt>
      <trkpt lat="45.39904505945742" lon="22.217980222776532">
        <ele>208.28</ele>
      </trkpt>
      <trkpt lat="45.39895612746477" lon="22.21806714311242">
        <ele>208.29</ele>
      </trkpt>
      <trkpt lat="45.39890038780868" lon="22.218127995729446">
        <ele>208.3</ele>
      </trkpt>
      <trkpt lat="45.39883869700134" lon="22.21818784251809">
        <ele>208.31</ele>
      </trkpt>
      <trkpt lat="45.39876761846244" lon="22.218225728720427">
        <ele>208.32</ele>
      </trkpt>
      <trkpt lat="45.39873073808849" lon="22.21823813393712">
        <ele>208.33</ele>
      </trkpt>
      <trkpt lat="45.39869360625744" lon="22.218245761469007">
        <ele>208.34</ele>
      </trkpt>
      <trkpt lat="45.398620096966624" lon="22.218268057331443">
        <ele>208.34</ele>
      </trkpt>
      <trkpt lat="45.39858615025878" lon="22.218284821137786">
        <ele>208.35</ele>
      </trkpt>
      <trkpt lat="45.3985521197319" lon="22.21829529851675">
        <ele>208.38</ele>
      </trkpt>
      <trkpt lat="45.398481292650104" lon="22.218297896906734">
        <ele>208.4</ele>
      </trkpt>
      <trkpt lat="45.398336285725236" lon="22.218311307951808">
        <ele>208.44</ele>
      </trkpt>
      <trkpt lat="45.39830326102674" lon="22.218327149748802">
        <ele>208.47</ele>
      </trkpt>
      <trkpt lat="45.398272164165974" lon="22.21834709867835">
        <ele>208.5</ele>
      </trkpt>
      <trkpt lat="45.3981517162174" lon="22.21844080835581">
        <ele>208.54</ele>
      </trkpt>
      <trkpt lat="45.39812187664211" lon="22.2184619307518">
        <ele>208.56</ele>
      </trkpt>
      <trkpt lat="45.39809253998101" lon="22.218484645709395">
        <ele>208.59</ele>
      </trkpt>
      <trkpt lat="45.39806043729186" lon="22.21850593574345">
        <ele>208.63</ele>
      </trkpt>
      <trkpt lat="45.398027412593365" lon="22.21852680668235">
        <ele>208.66</ele>
      </trkpt>
      <trkpt lat="45.397863714024425" lon="22.21864608116448">
        <ele>208.71</ele>
      </trkpt>
      <trkpt lat="45.397831527516246" lon="22.21866963431239">
        <ele>208.74</ele>
      </trkpt>
      <trkpt lat="45.397771848365664" lon="22.218716153874993">
        <ele>208.78</ele>
      </trkpt>
      <trkpt lat="45.397743098437786" lon="22.218736186623573">
        <ele>208.81</ele>
      </trkpt>
      <trkpt lat="45.397713175043464" lon="22.21875697374344">
        <ele>208.83</ele>
      </trkpt>
      <trkpt lat="45.397597420960665" lon="22.218870213255286">
        <ele>208.84</ele>
      </trkpt>
      <trkpt lat="45.39756934158504" lon="22.218902399763465">
        <ele>208.86</ele>
      </trkpt>
      <trkpt lat="45.39751645177603" lon="22.218974232673645">
        <ele>208.89</ele>
      </trkpt>
      <trkpt lat="45.39748971350491" lon="22.219009436666965">
        <ele>208.92</ele>
      </trkpt>
      <trkpt lat="45.39746331050992" lon="22.219046149402857">
        <ele>208.95</ele>
      </trkpt>
      <trkpt lat="45.39743648841977" lon="22.219083113595843">
        <ele>208.98</ele>
      </trkpt>
      <trkpt lat="45.397382006049156" lon="22.219154108315706">
        <ele>209.01</ele>
      </trkpt>
      <trkpt lat="45.39735342375934" lon="22.219187216833234">
        <ele>209.04</ele>
      </trkpt>
      <trkpt lat="45.397326685488224" lon="22.21922066062689">
        <ele>209.07</ele>
      </trkpt>
      <trkpt lat="45.397300785407424" lon="22.219255780801177">
        <ele>209.1</ele>
      </trkpt>
      <trkpt lat="45.39721445180476" lon="22.219341527670622">
        <ele>209.15</ele>
      </trkpt>
      <trkpt lat="45.397186037153006" lon="22.219372875988483">
        <ele>209.19</ele>
      </trkpt>
      <trkpt lat="45.3970533516258" lon="22.219479326158762">
        <ele>209.23</ele>
      </trkpt>
      <trkpt lat="45.397021332755685" lon="22.219504052773118">
        <ele>209.27</ele>
      </trkpt>
      <trkpt lat="45.39699182845652" lon="22.219536658376455">
        <ele>209.31</ele>
      </trkpt>
      <trkpt lat="45.39689585566521" lon="22.2196327149868">
        <ele>209.35</ele>
      </trkpt>
      <trkpt lat="45.396823016926646" lon="22.21968158148229">
        <ele>209.39</ele>
      </trkpt>
      <trkpt lat="45.39678697474301" lon="22.21970345824957">
        <ele>209.43</ele>
      </trkpt>
      <trkpt lat="45.39671958424151" lon="22.219752995297313">
        <ele>209.47</ele>
      </trkpt>
      <trkpt lat="45.396583462134004" lon="22.219873946160078">
        <ele>209.52</ele>
      </trkpt>
      <trkpt lat="45.3965541254729" lon="22.2199176158756">
        <ele>209.57</ele>
      </trkpt>
      <trkpt lat="45.39650081656873" lon="22.220013672485948">
        <ele>209.62</ele>
      </trkpt>
      <trkpt lat="45.39647835306823" lon="22.220067903399467">
        <ele>209.66</ele>
      </trkpt>
      <trkpt lat="45.396457482129335" lon="22.22012221813202">
        <ele>209.71</ele>
      </trkpt>
      <trkpt lat="45.39643560536206" lon="22.22016965970397">
        <ele>209.75</ele>
      </trkpt>
      <trkpt lat="45.39640970528126" lon="22.220213999971747">
        <ele>209.8</ele>
      </trkpt>
      <trkpt lat="45.39628330618143" lon="22.22037342377007">
        <ele>209.84</ele>
      </trkpt>
      <trkpt lat="45.3961864951998" lon="22.220475766807795">
        <ele>209.91</ele>
      </trkpt>
      <trkpt lat="45.39615321904421" lon="22.22050384618342">
        <ele>209.96</ele>
      </trkpt>
      <trkpt lat="45.39612061344087" lon="22.220533937215805">
        <ele>210.01</ele>
      </trkpt>
      <trkpt lat="45.39605573751032" lon="22.220598394051194">
        <ele>210.05</ele>
      </trkpt>
      <trkpt lat="45.395879382267594" lon="22.22075798548758">
        <ele>210.11</ele>
      </trkpt>
      <trkpt lat="45.39568877778947" lon="22.22092067822814">
        <ele>210.16</ele>
      </trkpt>
      <trkpt lat="45.39564745500684" lon="22.220952110365033">
        <ele>210.19</ele>
      </trkpt>
      <trkpt lat="45.39560663513839" lon="22.220980944111943">
        <ele>210.23</ele>
      </trkpt>
      <trkpt lat="45.3955252468586" lon="22.22103257663548">
        <ele>210.25</ele>
      </trkpt>
      <trkpt lat="45.395485600456595" lon="22.221050513908267">
        <ele>210.28</ele>
      </trkpt>
      <trkpt lat="45.395444529131055" lon="22.22106132656336">
        <ele>210.3</ele>
      </trkpt>
      <trkpt lat="45.39540027268231" lon="22.22106534987688">
        <ele>210.32</ele>
      </trkpt>
      <trkpt lat="45.39535735733807" lon="22.22105948254466">
        <ele>210.34</ele>
      </trkpt>
      <trkpt lat="45.395314609631896" lon="22.22105118446052">
        <ele>210.35</ele>
      </trkpt>
      <trkpt lat="45.395269179716706" lon="22.2210505977273">
        <ele>210.36</ele>
      </trkpt>
      <trkpt lat="45.395181588828564" lon="22.221086807549">
        <ele>210.37</ele>
      </trkpt>
      <trkpt lat="45.39514328353107" lon="22.22111279144883">
        <ele>210.37</ele>
      </trkpt>
      <trkpt lat="45.39511394686997" lon="22.221141289919615">
        <ele>210.37</ele>
      </trkpt>
      <trkpt lat="45.395086370408535" lon="22.221171548590064">
        <ele>210.37</ele>
      </trkpt>
      <trkpt lat="45.39505502209067" lon="22.221199879422784">
        <ele>210.37</ele>
      </trkpt>
      <trkpt lat="45.3949914034456" lon="22.22124807536602">
        <ele>210.36</ele>
      </trkpt>
      <trkpt lat="45.39491328410804" lon="22.22126768901944">
        <ele>210.35</ele>
      </trkpt>
      <trkpt lat="45.39474128745496" lon="22.221265342086554">
        <ele>210.31</ele>
      </trkpt>
      <trkpt lat="45.39465336129069" lon="22.221258720383048">
        <ele>210.3</ele>
      </trkpt>
      <trkpt lat="45.39456736296415" lon="22.22128034569323">
        <ele>210.29</ele>
      </trkpt>
      <trkpt lat="45.39448605850339" lon="22.221321165561676">
        <ele>210.29</ele>
      </trkpt>
      <trkpt lat="45.394413052126765" lon="22.22139115445316">
        <ele>210.27</ele>
      </trkpt>
      <trkpt lat="45.39438061416149" lon="22.22143281251192">
        <ele>210.25</ele>
      </trkpt>
      <trkpt lat="45.39432814344764" lon="22.221527192741632">
        <ele>210.23</ele>
      </trkpt>
      <trkpt lat="45.39430576376617" lon="22.22158041782677">
        <ele>210.21</ele>
      </trkpt>
      <trkpt lat="45.39423208683729" lon="22.22173238173127">
        <ele>210.18</ele>
      </trkpt>
      <trkpt lat="45.39420610293746" lon="22.221781332045794">
        <ele>210.17</ele>
      </trkpt>
      <trkpt lat="45.39417584426701" lon="22.221816452220082">
        <ele>210.15</ele>
      </trkpt>
      <trkpt lat="45.39414156228304" lon="22.22184369340539">
        <ele>210.14</ele>
      </trkpt>
      <trkpt lat="45.39410317316651" lon="22.221868420019746">
        <ele>210.12</ele>
      </trkpt>
      <trkpt lat="45.3940642811358" lon="22.221887279301882">
        <ele>210.11</ele>
      </trkpt>
      <trkpt lat="45.394025137647986" lon="22.221907982602715">
        <ele>210.09</ele>
      </trkpt>
      <trkpt lat="45.39398666471243" lon="22.221928937360644">
        <ele>210.08</ele>
      </trkpt>
      <trkpt lat="45.39395095780492" lon="22.221949975937605">
        <ele>210.07</ele>
      </trkpt>
      <trkpt lat="45.39386956952512" lon="22.22198442555964">
        <ele>210.09</ele>
      </trkpt>
      <trkpt lat="45.39378684014082" lon="22.22198241390288">
        <ele>210.1</ele>
      </trkpt>
      <trkpt lat="45.393745601177216" lon="22.221975959837437">
        <ele>210.11</ele>
      </trkpt>
      <trkpt lat="45.393660021945834" lon="22.221968583762646">
        <ele>210.13</ele>
      </trkpt>
      <trkpt lat="45.393618531525135" lon="22.221963303163648">
        <ele>210.15</ele>
      </trkpt>
      <trkpt lat="45.39357712492347" lon="22.221970595419407">
        <ele>210.17</ele>
      </trkpt>
      <trkpt lat="45.393493976444006" lon="22.222003201022744">
        <ele>210.21</ele>
      </trkpt>
      <trkpt lat="45.39345349185169" lon="22.22201954573393">
        <ele>210.25</ele>
      </trkpt>
      <trkpt lat="45.393413258716464" lon="22.222030190750957">
        <ele>210.29</ele>
      </trkpt>
      <trkpt lat="45.39337755180895" lon="22.22203228622675">
        <ele>210.34</ele>
      </trkpt>
      <trkpt lat="45.393344443291426" lon="22.22201719880104">
        <ele>210.39</ele>
      </trkpt>
      <trkpt lat="45.39331091567874" lon="22.22199314273894">
        <ele>210.44</ele>
      </trkpt>
      <trkpt lat="45.39324947632849" lon="22.221920555457473">
        <ele>210.49</ele>
      </trkpt>
      <trkpt lat="45.39322022348642" lon="22.221879232674837">
        <ele>210.53</ele>
      </trkpt>
      <trkpt lat="45.39318351075053" lon="22.221842855215073">
        <ele>210.58</ele>
      </trkpt>
      <trkpt lat="45.39314973168075" lon="22.221812261268497">
        <ele>210.64</ele>
      </trkpt>
      <trkpt lat="45.3931178804487" lon="22.22178309224546">
        <ele>210.69</ele>
      </trkpt>
      <trkpt lat="45.39304126985371" lon="22.221752498298883">
        <ele>210.75</ele>
      </trkpt>
      <trkpt lat="45.393002880737185" lon="22.221754174679518">
        <ele>210.81</ele>
      </trkpt>
      <trkpt lat="45.39296608418226" lon="22.221765238791704">
        <ele>210.87</ele>
      </trkpt>
      <trkpt lat="45.39293113164604" lon="22.22178074531257">
        <ele>210.93</ele>
      </trkpt>
      <trkpt lat="45.3928969334811" lon="22.221792647615075">
        <ele>210.99</ele>
      </trkpt>
      <trkpt lat="45.392862316221" lon="22.22180454991758">
        <ele>211.06</ele>
      </trkpt>
      <trkpt lat="45.39279542863369" lon="22.221829779446125">
        <ele>211.13</ele>
      </trkpt>
      <trkpt lat="45.39276516996324" lon="22.221846962347627">
        <ele>211.19</ele>
      </trkpt>
      <trkpt lat="45.392737090587616" lon="22.221866324543953">
        <ele>211.25</ele>
      </trkpt>
      <trkpt lat="45.39270901121199" lon="22.22188325598836">
        <ele>211.3</ele>
      </trkpt>
      <trkpt lat="45.39268453605473" lon="22.221905887126923">
        <ele>211.34</ele>
      </trkpt>
      <trkpt lat="45.39263164624572" lon="22.22194385714829">
        <ele>211.38</ele>
      </trkpt>
      <trkpt lat="45.392541037872434" lon="22.222039327025414">
        <ele>211.41</ele>
      </trkpt>
      <trkpt lat="45.392515137791634" lon="22.222075033932924">
        <ele>211.45</ele>
      </trkpt>
      <trkpt lat="45.392485382035375" lon="22.2220953181386">
        <ele>211.48</ele>
      </trkpt>
      <trkpt lat="45.39234817028046" lon="22.222179975360632">
        <ele>211.49</ele>
      </trkpt>
      <trkpt lat="45.39231271483004" lon="22.22220386378467">
        <ele>211.51</ele>
      </trkpt>
      <trkpt lat="45.392149686813354" lon="22.22227611579001">
        <ele>211.52</ele>
      </trkpt>
      <trkpt lat="45.39206486195326" lon="22.222302854061127">
        <ele>211.53</ele>
      </trkpt>
      <trkpt lat="45.39198221638799" lon="22.22232297062874">
        <ele>211.54</ele>
      </trkpt>
      <trkpt lat="45.391845256090164" lon="22.22236890345812">
        <ele>211.54</ele>
      </trkpt>
      <trkpt lat="45.3918004129082" lon="22.22238558344543">
        <ele>211.55</ele>
      </trkpt>
      <trkpt lat="45.39175791665912" lon="22.22240067087114">
        <ele>211.56</ele>
      </trkpt>
      <trkpt lat="45.39171952754259" lon="22.22241533920169">
        <ele>211.57</ele>
      </trkpt>
      <trkpt lat="45.39167761802673" lon="22.22242623567581">
        <ele>211.58</ele>
      </trkpt>
      <trkpt lat="45.391589775681496" lon="22.22242472693324">
        <ele>211.59</ele>
      </trkpt>
      <trkpt lat="45.39154711179435" lon="22.22241349518299">
        <ele>211.61</ele>
      </trkpt>
      <trkpt lat="45.39150729775429" lon="22.22239782102406">
        <ele>211.63</ele>
      </trkpt>
      <trkpt lat="45.391469495370984" lon="22.22238013520837">
        <ele>211.65</ele>
      </trkpt>
      <trkpt lat="45.39143320173025" lon="22.22236555069685">
        <ele>211.67</ele>
      </trkpt>
      <trkpt lat="45.39135776460171" lon="22.222347194328904">
        <ele>211.69</ele>
      </trkpt>
      <trkpt lat="45.39132230915129" lon="22.22234258428216">
        <ele>211.71</ele>
      </trkpt>
      <trkpt lat="45.39129003882408" lon="22.222345853224397">
        <ele>211.73</ele>
      </trkpt>
      <trkpt lat="45.391214434057474" lon="22.222358593717217">
        <ele>211.75</ele>
      </trkpt>
      <trkpt lat="45.39117160253227" lon="22.222362533211708">
        <ele>211.77</ele>
      </trkpt>
      <trkpt lat="45.390999019145966" lon="22.222365718334913">
        <ele>211.8</ele>
      </trkpt>
      <trkpt lat="45.39095568470657" lon="22.22237586043775">
        <ele>211.81</ele>
      </trkpt>
      <trkpt lat="45.39091218262911" lon="22.222390109673142">
        <ele>211.83</ele>
      </trkpt>
      <trkpt lat="45.39087178185582" lon="22.222405029460788">
        <ele>211.84</ele>
      </trkpt>
      <trkpt lat="45.39083163253963" lon="22.22241441719234">
        <ele>211.85</ele>
      </trkpt>
      <trkpt lat="45.39078997448087" lon="22.222418105229735">
        <ele>211.87</ele>
      </trkpt>
      <trkpt lat="45.39074722677469" lon="22.222421457991004">
        <ele>211.88</ele>
      </trkpt>
      <trkpt lat="45.39062309078872" lon="22.222427409142256">
        <ele>211.91</ele>
      </trkpt>
      <trkpt lat="45.39058377966285" lon="22.222429756075144">
        <ele>211.92</ele>
      </trkpt>
      <trkpt lat="45.39054471999407" lon="22.222437215968966">
        <ele>211.94</ele>
      </trkpt>
      <trkpt lat="45.39050607942045" lon="22.222452890127897">
        <ele>211.94</ele>
      </trkpt>
      <trkpt lat="45.390470288693905" lon="22.222477113828063">
        <ele>211.94</ele>
      </trkpt>
      <trkpt lat="45.390437515452504" lon="22.222510892897844">
        <ele>211.95</ele>
      </trkpt>
      <trkpt lat="45.39040910080075" lon="22.22255422733724">
        <ele>211.95</ele>
      </trkpt>
      <trkpt lat="45.39037968032062" lon="22.222597310319543">
        <ele>211.95</ele>
      </trkpt>
      <trkpt lat="45.39034640416503" lon="22.22263569943607">
        <ele>211.95</ele>
      </trkpt>
      <trkpt lat="45.39031086489558" lon="22.222664868459105">
        <ele>211.95</ele>
      </trkpt>
      <trkpt lat="45.3902736492455" lon="22.222689427435398">
        <ele>211.95</ele>
      </trkpt>
      <trkpt lat="45.39007231593132" lon="22.222817167639732">
        <ele>211.93</ele>
      </trkpt>
      <trkpt lat="45.39003283716738" lon="22.22284591756761">
        <ele>211.93</ele>
      </trkpt>
      <trkpt lat="45.38999612443149" lon="22.22287860698998">
        <ele>211.93</ele>
      </trkpt>
      <trkpt lat="45.389889255166054" lon="22.222975166514516">
        <ele>211.93</ele>
      </trkpt>
      <trkpt lat="45.38981474004686" lon="22.223016573116183">
        <ele>211.94</ele>
      </trkpt>
      <trkpt lat="45.389776937663555" lon="22.22303006798029">
        <ele>211.94</ele>
      </trkpt>
      <trkpt lat="45.38957384414971" lon="22.22308781929314">
        <ele>211.97</ele>
      </trkpt>
      <trkpt lat="45.38948549889028" lon="22.22311455756426">
        <ele>211.99</ele>
      </trkpt>
      <trkpt lat="45.38940134458244" lon="22.223145235329866">
        <ele>212.01</ele>
      </trkpt>
      <trkpt lat="45.38932029157877" lon="22.22314498387277">
        <ele>212.05</ele>
      </trkpt>
      <trkpt lat="45.38928165100515" lon="22.223128639161587">
        <ele>212.07</ele>
      </trkpt>
      <trkpt lat="45.38924745284021" lon="22.223111540079117">
        <ele>212.09</ele>
      </trkpt>
      <trkpt lat="45.38921484723687" lon="22.223092261701822">
        <ele>212.11</ele>
      </trkpt>
      <trkpt lat="45.38915223442018" lon="22.223049262538552">
        <ele>212.14</ele>
      </trkpt>
      <trkpt lat="45.389124574139714" lon="22.223023613914847">
        <ele>212.16</ele>
      </trkpt>
      <trkpt lat="45.38909993134439" lon="22.2229967918247">
        <ele>212.18</ele>
      </trkpt>
      <trkpt lat="45.389010328799486" lon="22.222919426858425">
        <ele>212.19</ele>
      </trkpt>
      <trkpt lat="45.388946710154414" lon="22.222864273935556">
        <ele>212.21</ele>
      </trkpt>
      <trkpt lat="45.38888887502253" lon="22.222816664725542">
        <ele>212.22</ele>
      </trkpt>
      <trkpt lat="45.38886087946594" lon="22.22279210574925">
        <ele>212.25</ele>
      </trkpt>
      <trkpt lat="45.388804133981466" lon="22.22273292951286">
        <ele>212.26</ele>
      </trkpt>
      <trkpt lat="45.38877513259649" lon="22.22270803526044">
        <ele>212.28</ele>
      </trkpt>
      <trkpt lat="45.38871453143656" lon="22.22265816293657">
        <ele>212.3</ele>
      </trkpt>
      <trkpt lat="45.38865627720952" lon="22.222595550119877">
        <ele>212.32</ele>
      </trkpt>
      <trkpt lat="45.38857597857714" lon="22.222472755238414">
        <ele>212.34</ele>
      </trkpt>
      <trkpt lat="45.38854731246829" lon="22.222437215968966">
        <ele>212.39</ele>
      </trkpt>
      <trkpt lat="45.38851487450302" lon="22.222414249554276">
        <ele>212.43</ele>
      </trkpt>
      <trkpt lat="45.388479167595506" lon="22.222400838509202">
        <ele>212.48</ele>
      </trkpt>
      <trkpt lat="45.388443460687995" lon="22.222396060824394">
        <ele>212.54</ele>
      </trkpt>
      <trkpt lat="45.388405825942755" lon="22.222392540425062">
        <ele>212.6</ele>
      </trkpt>
      <trkpt lat="45.388371124863625" lon="22.222387930378318">
        <ele>212.66</ele>
      </trkpt>
      <trkpt lat="45.38833525031805" lon="22.222377872094512">
        <ele>212.72</ele>
      </trkpt>
      <trkpt lat="45.38830021396279" lon="22.222365885972977">
        <ele>212.79</ele>
      </trkpt>
      <trkpt lat="45.388227961957455" lon="22.222337555140257">
        <ele>212.88</ele>
      </trkpt>
      <trkpt lat="45.388151686638594" lon="22.222306542098522">
        <ele>212.97</ele>
      </trkpt>
      <trkpt lat="45.38807566277683" lon="22.222279887646437">
        <ele>213.06</ele>
      </trkpt>
      <trkpt lat="45.38803811185062" lon="22.222266560420394">
        <ele>213.14</ele>
      </trkpt>
      <trkpt lat="45.3879666980356" lon="22.222229009494185">
        <ele>213.24</ele>
      </trkpt>
      <trkpt lat="45.3878887463361" lon="22.222189949825406">
        <ele>213.33</ele>
      </trkpt>
      <trkpt lat="45.38785060867667" lon="22.222168743610382">
        <ele>213.42</ele>
      </trkpt>
      <trkpt lat="45.38781389594078" lon="22.22215156070888">
        <ele>213.51</ele>
      </trkpt>
      <trkpt lat="45.38777760230005" lon="22.22213647328317">
        <ele>213.6</ele>
      </trkpt>
      <trkpt lat="45.38770970888436" lon="22.222100095823407">
        <ele>213.69</ele>
      </trkpt>
      <trkpt lat="45.387677354738116" lon="22.222084756940603">
        <ele>213.77</ele>
      </trkpt>
      <trkpt lat="45.38764273747802" lon="22.222069585695863">
        <ele>213.86</ele>
      </trkpt>
      <trkpt lat="45.387606946751475" lon="22.222058102488518">
        <ele>213.93</ele>
      </trkpt>
      <trkpt lat="45.38740586489439" lon="22.22200487740338">
        <ele>214.02</ele>
      </trkpt>
      <trkpt lat="45.387279968708754" lon="22.22187847830355">
        <ele>214.1</ele>
      </trkpt>
      <trkpt lat="45.387260941788554" lon="22.221837574616075">
        <ele>214.17</ele>
      </trkpt>
      <trkpt lat="45.387241914868355" lon="22.221795665100217">
        <ele>214.24</ele>
      </trkpt>
      <trkpt lat="45.387221463024616" lon="22.221752079203725">
        <ele>214.3</ele>
      </trkpt>
      <trkpt lat="45.38719480857253" lon="22.221707990393043">
        <ele>214.36</ele>
      </trkpt>
      <trkpt lat="45.38716832175851" lon="22.2216653265059">
        <ele>214.41</ele>
      </trkpt>
      <trkpt lat="45.38714342750609" lon="22.22162433899939">
        <ele>214.45</ele>
      </trkpt>
      <trkpt lat="45.38711945526302" lon="22.22157941199839">
        <ele>214.5</ele>
      </trkpt>
      <trkpt lat="45.38709908723831" lon="22.221528366208076">
        <ele>214.53</ele>
      </trkpt>
      <trkpt lat="45.38708525709808" lon="22.22147136926651">
        <ele>214.57</ele>
      </trkpt>
      <trkpt lat="45.38708282634616" lon="22.22141277976334">
        <ele>214.6</ele>
      </trkpt>
      <trkpt lat="45.387090453878045" lon="22.221358716487885">
        <ele>214.62</ele>
      </trkpt>
      <trkpt lat="45.38710101507604" lon="22.221304485574365">
        <ele>214.65</ele>
      </trkpt>
      <trkpt lat="45.38711576722562" lon="22.221252350136638">
        <ele>214.67</ele>
      </trkpt>
      <trkpt lat="45.38713127374649" lon="22.221201052889228">
        <ele>214.69</ele>
      </trkpt>
      <trkpt lat="45.387149630114436" lon="22.221151432022452">
        <ele>214.7</ele>
      </trkpt>
      <trkpt lat="45.3871651366353" lon="22.221093345433474">
        <ele>214.7</ele>
      </trkpt>
      <trkpt lat="45.38717360235751" lon="22.221040623262525">
        <ele>214.7</ele>
      </trkpt>
      <trkpt lat="45.38717318326235" lon="22.220982955768704">
        <ele>214.69</ele>
      </trkpt>
      <trkpt lat="45.38716748356819" lon="22.220925707370043">
        <ele>214.68</ele>
      </trkpt>
      <trkpt lat="45.3871585149318" lon="22.22086695022881">
        <ele>214.66</ele>
      </trkpt>
      <trkpt lat="45.387141248211265" lon="22.220810623839498">
        <ele>214.63</ele>
      </trkpt>
      <trkpt lat="45.38711593486369" lon="22.220761505886912">
        <ele>214.61</ele>
      </trkpt>
      <trkpt lat="45.38709204643965" lon="22.22071741707623">
        <ele>214.59</ele>
      </trkpt>
      <trkpt lat="45.387070840224624" lon="22.220673747360706">
        <ele>214.56</ele>
      </trkpt>
      <trkpt lat="45.387049466371536" lon="22.220631083473563">
        <ele>214.54</ele>
      </trkpt>
      <trkpt lat="45.386952152475715" lon="22.22039982676506">
        <ele>214.51</ele>
      </trkpt>
      <trkpt lat="45.38690781220794" lon="22.220300333574414">
        <ele>214.48</ele>
      </trkpt>
      <trkpt lat="45.3868268430233" lon="22.220155159011483">
        <ele>214.47</ele>
      </trkpt>
      <trkpt lat="45.38680421188474" lon="22.220104364678264">
        <ele>214.44</ele>
      </trkpt>
      <trkpt lat="45.386788956820965" lon="22.22005197778344">
        <ele>214.4</ele>
      </trkpt>
      <trkpt lat="45.386782167479396" lon="22.21999724395573">
        <ele>214.36</ele>
      </trkpt>
      <trkpt lat="45.38677705451846" lon="22.21994485706091">
        <ele>214.32</ele>
      </trkpt>
      <trkpt lat="45.3867766354233" lon="22.219893308356404">
        <ele>214.28</ele>
      </trkpt>
      <trkpt lat="45.386779149994254" lon="22.219840502366424">
        <ele>214.23</ele>
      </trkpt>
      <trkpt lat="45.386775797232985" lon="22.21978845074773">
        <ele>214.19</ele>
      </trkpt>
      <trkpt lat="45.38674763403833" lon="22.219630368053913">
        <ele>214.15</ele>
      </trkpt>
      <trkpt lat="45.38673883304" lon="22.219579573720694">
        <ele>214.12</ele>
      </trkpt>
      <trkpt lat="45.38673212751746" lon="22.2195309586823">
        <ele>214.08</ele>
      </trkpt>
      <trkpt lat="45.38670371286571" lon="22.21944211050868">
        <ele>214.05</ele>
      </trkpt>
      <trkpt lat="45.38668460212648" lon="22.219403218477964">
        <ele>214.02</ele>
      </trkpt>
      <trkpt lat="45.3866661619395" lon="22.219364996999502">
        <ele>213.99</ele>
      </trkpt>
      <trkpt lat="45.38665291853249" lon="22.21932342275977">
        <ele>213.96</ele>
      </trkpt>
      <trkpt lat="45.3866249229759" lon="22.21922803670168">
        <ele>213.92</ele>
      </trkpt>
      <trkpt lat="45.38657505065203" lon="22.219081688672304">
        <ele>213.87</ele>
      </trkpt>
      <trkpt lat="45.38654822856188" lon="22.218978591263294">
        <ele>213.85</ele>
      </trkpt>
      <trkpt lat="45.38652542978525" lon="22.218869794160128">
        <ele>213.81</ele>
      </trkpt>
      <trkpt lat="45.3865210711956" lon="22.21881564706564">
        <ele>213.79</ele>
      </trkpt>
      <trkpt lat="45.38652911782265" lon="22.21876787021756">
        <ele>213.77</ele>
      </trkpt>
      <trkpt lat="45.38654487580061" lon="22.218720596283674">
        <ele>213.75</ele>
      </trkpt>
      <trkpt lat="45.38655602373183" lon="22.218674747273326">
        <ele>213.74</ele>
      </trkpt>
      <trkpt lat="45.38655862212181" lon="22.21862613223493">
        <ele>213.74</ele>
      </trkpt>
      <trkpt lat="45.38655166514218" lon="22.2185742482543">
        <ele>213.74</ele>
      </trkpt>
      <trkpt lat="45.386532386764884" lon="22.218472324311733">
        <ele>213.75</ele>
      </trkpt>
      <trkpt lat="45.386516293510795" lon="22.218421613797545">
        <ele>213.77</ele>
      </trkpt>
      <trkpt lat="45.38649944588542" lon="22.218372160568833">
        <ele>213.79</ele>
      </trkpt>
      <trkpt lat="45.386472288519144" lon="22.218272415921092">
        <ele>213.82</ele>
      </trkpt>
      <trkpt lat="45.386415710672736" lon="22.218019030988216">
        <ele>213.85</ele>
      </trkpt>
      <trkpt lat="45.38635837845504" lon="22.217817110940814">
        <ele>213.88</ele>
      </trkpt>
      <trkpt lat="45.386340944096446" lon="22.21777285449207">
        <ele>213.91</ele>
      </trkpt>
      <trkpt lat="45.38632242009044" lon="22.217736141756177">
        <ele>213.95</ele>
      </trkpt>
      <trkpt lat="45.386306745931506" lon="22.217703955248">
        <ele>214.0</ele>
      </trkpt>
      <trkpt lat="45.386291490867734" lon="22.217673361301422">
        <ele>214.05</ele>
      </trkpt>
      <trkpt lat="45.38627380505204" lon="22.217640839517117">
        <ele>214.1</ele>
      </trkpt>
      <trkpt lat="45.386165510863066" lon="22.2173516638577">
        <ele>214.16</ele>
      </trkpt>
      <trkpt lat="45.38615017198026" lon="22.21730623394251">
        <ele>214.22</ele>
      </trkpt>
      <trkpt lat="45.38613541983068" lon="22.217269353568554">
        <ele>214.28</ele>
      </trkpt>
      <trkpt lat="45.386125445365906" lon="22.217232892289758">
        <ele>214.35</ele>
      </trkpt>
      <trkpt lat="45.38611748255789" lon="22.217192742973566">
        <ele>214.42</ele>
      </trkpt>
      <trkpt lat="45.38610893301666" lon="22.217155443504453">
        <ele>214.48</ele>
      </trkpt>
      <trkpt lat="45.386092672124505" lon="22.217117808759212">
        <ele>214.56</ele>
      </trkpt>
      <trkpt lat="45.386053025722504" lon="22.21704295836389">
        <ele>214.64</ele>
      </trkpt>
      <trkpt lat="45.38603190332651" lon="22.217010436579585">
        <ele>214.72</ele>
      </trkpt>
      <trkpt lat="45.386010026559234" lon="22.21698227338493">
        <ele>214.8</ele>
      </trkpt>
      <trkpt lat="45.38598488084972" lon="22.21695939078927">
        <ele>214.88</ele>
      </trkpt>
      <trkpt lat="45.38595696911216" lon="22.216943129897118">
        <ele>214.97</ele>
      </trkpt>
      <trkpt lat="45.38592821918428" lon="22.216930221766233">
        <ele>215.06</ele>
      </trkpt>
      <trkpt lat="45.38589653559029" lon="22.216923348605633">
        <ele>215.15</ele>
      </trkpt>
      <trkpt lat="45.38586703129113" lon="22.216923013329506">
        <ele>215.24</ele>
      </trkpt>
      <trkpt lat="45.38583652116358" lon="22.216927707195282">
        <ele>215.33</ele>
      </trkpt>
      <trkpt lat="45.38580466993153" lon="22.216934245079756">
        <ele>215.41</ele>
      </trkpt>
      <trkpt lat="45.385771645233035" lon="22.216944051906466">
        <ele>215.5</ele>
      </trkpt>
      <trkpt lat="45.385740883648396" lon="22.216952349990606">
        <ele>215.59</ele>
      </trkpt>
      <trkpt lat="45.38570836186409" lon="22.21695503219962">
        <ele>215.68</ele>
      </trkpt>
      <trkpt lat="45.385676845908165" lon="22.216958133503795">
        <ele>215.77</ele>
      </trkpt>
      <trkpt lat="45.38557358086109" lon="22.21694723702967">
        <ele>215.87</ele>
      </trkpt>
      <trkpt lat="45.38547174073756" lon="22.21692468971014">
        <ele>215.98</ele>
      </trkpt>
      <trkpt lat="45.38543955422938" lon="22.21691932529211">
        <ele>216.07</ele>
      </trkpt>
      <trkpt lat="45.385405607521534" lon="22.216915637254715">
        <ele>216.17</ele>
      </trkpt>
      <trkpt lat="45.385265462100506" lon="22.21691873855889">
        <ele>216.27</ele>
      </trkpt>
      <trkpt lat="45.385230677202344" lon="22.216919576749206">
        <ele>216.37</ele>
      </trkpt>
      <trkpt lat="45.38519815541804" lon="22.216908847913146">
        <ele>216.46</ele>
      </trkpt>
      <trkpt lat="45.385166723281145" lon="22.216894263401628">
        <ele>216.55</ele>
      </trkpt>
      <trkpt lat="45.38513562642038" lon="22.21687733195722">
        <ele>216.64</ele>
      </trkpt>
      <trkpt lat="45.38510444574058" lon="22.216857634484768">
        <ele>216.73</ele>
      </trkpt>
      <trkpt lat="45.38504518568516" lon="22.21681564114988">
        <ele>216.82</ele>
      </trkpt>
      <trkpt lat="45.38501341827214" lon="22.21680105663836">
        <ele>216.9</ele>
      </trkpt>
      <trkpt lat="45.38498064503074" lon="22.216789489611983">
        <ele>216.99</ele>
      </trkpt>
      <trkpt lat="45.38494938053191" lon="22.216781862080097">
        <ele>217.07</ele>
      </trkpt>
      <trkpt lat="45.384883834049106" lon="22.21679912880063">
        <ele>217.16</ele>
      </trkpt>
      <trkpt lat="45.384852485731244" lon="22.216816898435354">
        <ele>217.24</ele>
      </trkpt>
      <trkpt lat="45.384823735803366" lon="22.216833997517824">
        <ele>217.33</ele>
      </trkpt>
      <trkpt lat="45.38479381240904" lon="22.216852102428675">
        <ele>217.41</ele>
      </trkpt>
      <trkpt lat="45.38476531393826" lon="22.216867860406637">
        <ele>217.49</ele>
      </trkpt>
      <trkpt lat="45.38471166975796" lon="22.216895520687103">
        <ele>217.58</ele>
      </trkpt>
      <trkpt lat="45.384684931486845" lon="22.216917481273413">
        <ele>217.66</ele>
      </trkpt>
      <trkpt lat="45.38462617434561" lon="22.216955199837685">
        <ele>217.74</ele>
      </trkpt>
      <trkpt lat="45.38456289097667" lon="22.216984871774912">
        <ele>217.82</ele>
      </trkpt>
      <trkpt lat="45.384531458839774" lon="22.21699886955321">
        <ele>217.89</ele>
      </trkpt>
      <trkpt lat="45.384405981749296" lon="22.21703801304102">
        <ele>217.97</ele>
      </trkpt>
      <trkpt lat="45.38437790237367" lon="22.21704832278192">
        <ele>218.04</ele>
      </trkpt>
      <trkpt lat="45.3843504935503" lon="22.217053854838014">
        <ele>218.12</ele>
      </trkpt>
      <trkpt lat="45.38432157598436" lon="22.217056369408965">
        <ele>218.18</ele>
      </trkpt>
      <trkpt lat="45.38423264399171" lon="22.217082688584924">
        <ele>218.25</ele>
      </trkpt>
      <trkpt lat="45.384175227954984" lon="22.217080676928163">
        <ele>218.31</ele>
      </trkpt>
      <trkpt lat="45.38405863568187" lon="22.217062739655375">
        <ele>218.38</ele>
      </trkpt>
      <trkpt lat="45.38397112861276" lon="22.21706978045404">
        <ele>218.44</ele>
      </trkpt>
      <trkpt lat="45.383907509967685" lon="22.217074558138847">
        <ele>218.5</ele>
      </trkpt>
      <trkpt lat="45.383851351216435" lon="22.217086041346192">
        <ele>218.56</ele>
      </trkpt>
      <trkpt lat="45.383826876059175" lon="22.217107666656375">
        <ele>218.62</ele>
      </trkpt>
      <trkpt lat="45.383804915472865" lon="22.217140356078744">
        <ele>218.66</ele>
      </trkpt>
      <trkpt lat="45.383782871067524" lon="22.2171737998724">
        <ele>218.7</ele>
      </trkpt>
      <trkpt lat="45.383760407567024" lon="22.217206908389926">
        <ele>218.74</ele>
      </trkpt>
      <trkpt lat="45.383740961551666" lon="22.217246303334832">
        <ele>218.77</ele>
      </trkpt>
      <trkpt lat="45.383726712316275" lon="22.21728729084134">
        <ele>218.81</ele>
      </trkpt>
      <trkpt lat="45.383711624890566" lon="22.21732785925269">
        <ele>218.83</ele>
      </trkpt>
      <trkpt lat="45.3836789354682" lon="22.217413941398263">
        <ele>218.86</ele>
      </trkpt>
      <trkpt lat="45.383642641827464" lon="22.21754578873515">
        <ele>218.87</ele>
      </trkpt>
      <trkpt lat="45.38363015279174" lon="22.217585183680058">
        <ele>218.9</ele>
      </trkpt>
      <trkpt lat="45.38361506536603" lon="22.217619717121124">
        <ele>218.92</ele>
      </trkpt>
      <trkpt lat="45.38359830155969" lon="22.217653077095747">
        <ele>218.94</ele>
      </trkpt>
      <trkpt lat="45.38354113698006" lon="22.217739075422287">
        <ele>218.96</ele>
      </trkpt>
      <trkpt lat="45.383516661822796" lon="22.217752737924457">
        <ele>218.98</ele>
      </trkpt>
      <trkpt lat="45.38348841480911" lon="22.217768663540483">
        <ele>219.0</ele>
      </trkpt>
      <trkpt lat="45.38345907814801" lon="22.21778274513781">
        <ele>219.02</ele>
      </trkpt>
      <trkpt lat="45.383427729830146" lon="22.217791629955173">
        <ele>219.04</ele>
      </trkpt>
      <trkpt lat="45.38336587138474" lon="22.217806046828628">
        <ele>219.07</ele>
      </trkpt>
      <trkpt lat="45.383336869999766" lon="22.217811662703753">
        <ele>219.08</ele>
      </trkpt>
      <trkpt lat="45.383306443691254" lon="22.217818032950163">
        <ele>219.09</ele>
      </trkpt>
      <trkpt lat="45.38310896605253" lon="22.21787502989173">
        <ele>219.09</ele>
      </trkpt>
      <trkpt lat="45.38304794579744" lon="22.21788969822228">
        <ele>219.09</ele>
      </trkpt>
      <trkpt lat="45.38301659747958" lon="22.217893470078707">
        <ele>219.1</ele>
      </trkpt>
      <trkpt lat="45.38291936740279" lon="22.21790780313313">
        <ele>219.13</ele>
      </trkpt>
      <trkpt lat="45.382892210036516" lon="22.217921130359173">
        <ele>219.14</ele>
      </trkpt>
      <trkpt lat="45.382862286642194" lon="22.217935966327786">
        <ele>219.15</ele>
      </trkpt>
      <trkpt lat="45.38283194415271" lon="22.21795122139156">
        <ele>219.15</ele>
      </trkpt>
      <trkpt lat="45.38274368271232" lon="22.217996902763844">
        <ele>219.17</ele>
      </trkpt>
      <trkpt lat="45.382719123736024" lon="22.218015678226948">
        <ele>219.17</ele>
      </trkpt>
      <trkpt lat="45.3826960735023" lon="22.21803973428905">
        <ele>219.17</ele>
      </trkpt>
      <trkpt lat="45.38267411291599" lon="22.218066221103072">
        <ele>219.17</ele>
      </trkpt>
      <trkpt lat="45.38265148177743" lon="22.218093210831285">
        <ele>219.17</ele>
      </trkpt>
      <trkpt lat="45.382586773484945" lon="22.218155656009912">
        <ele>219.17</ele>
      </trkpt>
      <trkpt lat="45.3825700096786" lon="22.21817661076784">
        <ele>219.17</ele>
      </trkpt>
      <trkpt lat="45.38255240768194" lon="22.218194799497724">
        <ele>219.17</ele>
      </trkpt>
      <trkpt lat="45.38251066580415" lon="22.218207539990544">
        <ele>219.18</ele>
      </trkpt>
      <trkpt lat="45.382483843714" lon="22.21820879727602">
        <ele>219.19</ele>
      </trkpt>
      <trkpt lat="45.38245744071901" lon="22.21820251084864">
        <ele>219.19</ele>
      </trkpt>
      <trkpt lat="45.38240035995841" lon="22.218189015984535">
        <ele>219.19</ele>
      </trkpt>
      <trkpt lat="45.38237236440182" lon="22.218184154480696">
        <ele>219.2</ele>
      </trkpt>
      <trkpt lat="45.38231427781284" lon="22.218182059004903">
        <ele>219.21</ele>
      </trkpt>
      <trkpt lat="45.382160721346736" lon="22.218128917738795">
        <ele>219.22</ele>
      </trkpt>
      <trkpt lat="45.382132390514016" lon="22.21811592578888">
        <ele>219.23</ele>
      </trkpt>
      <trkpt lat="45.38210439495742" lon="22.218100083991885">
        <ele>219.25</ele>
      </trkpt>
      <trkpt lat="45.382025856524706" lon="22.218053312972188">
        <ele>219.27</ele>
      </trkpt>
      <trkpt lat="45.38199786096811" lon="22.218033280223608">
        <ele>219.3</ele>
      </trkpt>
      <trkpt lat="45.381972547620535" lon="22.218008218333125">
        <ele>219.32</ele>
      </trkpt>
      <trkpt lat="45.38189174607396" lon="22.217935798689723">
        <ele>219.35</ele>
      </trkpt>
      <trkpt lat="45.38185989484191" lon="22.217916268855333">
        <ele>219.38</ele>
      </trkpt>
      <trkpt lat="45.381828378885984" lon="22.217894475907087">
        <ele>219.41</ele>
      </trkpt>
      <trkpt lat="45.38180407136679" lon="22.21787259913981">
        <ele>219.45</ele>
      </trkpt>
      <trkpt lat="45.38178135640919" lon="22.21785156056285">
        <ele>219.5</ele>
      </trkpt>
      <trkpt lat="45.38175939582288" lon="22.217828845605254">
        <ele>219.55</ele>
      </trkpt>
      <trkpt lat="45.381713043898344" lon="22.217783248052">
        <ele>219.61</ele>
      </trkpt>
      <trkpt lat="45.38161464035511" lon="22.21769272349775">
        <ele>219.66</ele>
      </trkpt>
      <trkpt lat="45.381566025316715" lon="22.217645114287734">
        <ele>219.75</ele>
      </trkpt>
      <trkpt lat="45.38151187822223" lon="22.21761317923665">
        <ele>219.84</ele>
      </trkpt>
      <trkpt lat="45.3814856428653" lon="22.217591889202595">
        <ele>219.94</ele>
      </trkpt>
      <trkpt lat="45.38146167062223" lon="22.21757219173014">
        <ele>220.05</ele>
      </trkpt>
      <trkpt lat="45.38144004531205" lon="22.21755207516253">
        <ele>220.18</ele>
      </trkpt>
      <trkpt lat="45.38130677305162" lon="22.217474542558193">
        <ele>220.31</ele>
      </trkpt>
      <trkpt lat="45.381278190761805" lon="22.21746121533215">
        <ele>220.45</ele>
      </trkpt>
      <trkpt lat="45.38121557794511" lon="22.217435650527477">
        <ele>220.61</ele>
      </trkpt>
      <trkpt lat="45.38118464872241" lon="22.217425759881735">
        <ele>220.77</ele>
      </trkpt>
      <trkpt lat="45.38111122325063" lon="22.2174016200006">
        <ele>220.94</ele>
      </trkpt>
      <trkpt lat="45.38098884746432" lon="22.217392651364207">
        <ele>221.14</ele>
      </trkpt>
      <trkpt lat="45.38096244446933" lon="22.217402206733823">
        <ele>221.32</ele>
      </trkpt>
      <trkpt lat="45.38090812973678" lon="22.21740639768541">
        <ele>221.53</ele>
      </trkpt>
      <trkpt lat="45.38088080473244" lon="22.21739566884935">
        <ele>221.74</ele>
      </trkpt>
      <trkpt lat="45.38084886968136" lon="22.21738209016621">
        <ele>221.96</ele>
      </trkpt>
      <trkpt lat="45.380811151117086" lon="22.217355770990252">
        <ele>222.19</ele>
      </trkpt>
      <trkpt lat="45.38078114390373" lon="22.21733171492815">
        <ele>222.42</ele>
      </trkpt>
      <trkpt lat="45.38075180724263" lon="22.217308999970555">
        <ele>222.66</ele>
      </trkpt>
      <trkpt lat="45.38068139925599" lon="22.21728569827974">
        <ele>222.91</ele>
      </trkpt>
      <trkpt lat="45.380600932985544" lon="22.217235658317804">
        <ele>223.16</ele>
      </trkpt>
      <trkpt lat="45.380566734820604" lon="22.21721294336021">
        <ele>223.42</ele>
      </trkpt>
      <trkpt lat="45.38053622469306" lon="22.2171841096133">
        <ele>223.67</ele>
      </trkpt>
      <trkpt lat="45.38050194270909" lon="22.217166339978576">
        <ele>223.94</ele>
      </trkpt>
      <trkpt lat="45.38042675703764" lon="22.217182433232665">
        <ele>224.2</ele>
      </trkpt>
      <trkpt lat="45.38038702681661" lon="22.217186708003283">
        <ele>224.47</ele>
      </trkpt>
      <trkpt lat="45.380351068452" lon="22.21718511544168">
        <ele>224.73</ele>
      </trkpt>
      <trkpt lat="45.380319049581885" lon="22.21717824228108">
        <ele>225.0</ele>
      </trkpt>
      <trkpt lat="45.38028988055885" lon="22.21717924810946">
        <ele>225.26</ele>
      </trkpt>
      <trkpt lat="45.380259454250336" lon="22.217184361070395">
        <ele>225.53</ele>
      </trkpt>
      <trkpt lat="45.38019860163331" lon="22.21721931360662">
        <ele>225.8</ele>
      </trkpt>
      <trkpt lat="45.380173958837986" lon="22.217237753793597">
        <ele>226.06</ele>
      </trkpt>
      <trkpt lat="45.38015426136553" lon="22.21725845709443">
        <ele>226.32</ele>
      </trkpt>
      <trkpt lat="45.38013246841729" lon="22.217278238385916">
        <ele>226.58</ele>
      </trkpt>
      <trkpt lat="45.38007848896086" lon="22.217307155951858">
        <ele>226.84</ele>
      </trkpt>
      <trkpt lat="45.38005040958524" lon="22.21731847152114">
        <ele>227.09</ele>
      </trkpt>
      <trkpt lat="45.38002861663699" lon="22.217329116538167">
        <ele>227.34</ele>
      </trkpt>
      <trkpt lat="45.380005398765206" lon="22.217337414622307">
        <ele>227.6</ele>
      </trkpt>
      <trkpt lat="45.3799797501415" lon="22.21734152175486">
        <ele>227.85</ele>
      </trkpt>
      <trkpt lat="45.379903223365545" lon="22.217355435714126">
        <ele>228.1</ele>
      </trkpt>
      <trkpt lat="45.37987791001797" lon="22.21736390143633">
        <ele>228.34</ele>
      </trkpt>
      <trkpt lat="45.379853853955865" lon="22.21737085841596">
        <ele>228.58</ele>
      </trkpt>
      <trkpt lat="45.37982719950378" lon="22.217376893386245">
        <ele>228.83</ele>
      </trkpt>
      <trkpt lat="45.3798021376133" lon="22.2173775639385">
        <ele>229.06</ele>
      </trkpt>
      <trkpt lat="45.379773303866386" lon="22.217377312481403">
        <ele>229.3</ele>
      </trkpt>
      <trkpt lat="45.379745392128825" lon="22.217374881729484">
        <ele>229.53</ele>
      </trkpt>
      <trkpt lat="45.379697950556874" lon="22.217362392693758">
        <ele>229.77</ele>
      </trkpt>
      <trkpt lat="45.37967816926539" lon="22.21736004576087">
        <ele>229.99</ele>
      </trkpt>
      <trkpt lat="45.379653023555875" lon="22.217354765161872">
        <ele>230.22</ele>
      </trkpt>
      <trkpt lat="45.37958890199661" lon="22.21734101884067">
        <ele>230.44</ele>
      </trkpt>
      <trkpt lat="45.379568450152874" lon="22.217335235327482">
        <ele>230.65</ele>
      </trkpt>
      <trkpt lat="45.37954539991915" lon="22.217332301661372">
        <ele>230.86</ele>
      </trkpt>
      <trkpt lat="45.37951748818159" lon="22.217328026890755">
        <ele>231.06</ele>
      </trkpt>
      <trkpt lat="45.37947457283735" lon="22.217324674129486">
        <ele>231.26</ele>
      </trkpt>
      <trkpt lat="45.379457138478756" lon="22.217329116538167">
        <ele>231.45</ele>
      </trkpt>
      <trkpt lat="45.37944213487208" lon="22.217333307489753">
        <ele>231.63</ele>
      </trkpt>
      <trkpt lat="45.37942109629512" lon="22.21733657643199">
        <ele>231.81</ele>
      </trkpt>
      <trkpt lat="45.37940206937492" lon="22.217336324974895">
        <ele>231.99</ele>
      </trkpt>
      <trkpt lat="45.379389077425" lon="22.217338420450687">
        <ele>232.16</ele>
      </trkpt>
      <trkpt lat="45.37938027642667" lon="22.217342779040337">
        <ele>232.33</ele>
      </trkpt>
      <trkpt lat="45.379362255334854" lon="22.21734629943967">
        <ele>232.49</ele>
      </trkpt>
      <trkpt lat="45.37934557534754" lon="22.217356357723475">
        <ele>232.64</ele>
      </trkpt>
      <trkpt lat="45.37930886261165" lon="22.217360883951187">
        <ele>232.8</ele>
      </trkpt>
      <trkpt lat="45.37927667610347" lon="22.21736599691212">
        <ele>232.96</ele>
      </trkpt>
      <trkpt lat="45.37925940938294" lon="22.217365661635995">
        <ele>233.1</ele>
      </trkpt>
      <trkpt lat="45.37925505079329" lon="22.217367505654693">
        <ele>233.23</ele>
      </trkpt>
      <trkpt lat="45.379250943660736" lon="22.217372450977564">
        <ele>233.36</ele>
      </trkpt>
      <trkpt lat="45.37922998890281" lon="22.217386616393924">
        <ele>233.48</ele>
      </trkpt>
      <trkpt lat="45.37920853123069" lon="22.21740296110511">
        <ele>233.59</ele>
      </trkpt>
      <trkpt lat="45.37918263114989" lon="22.21741729415953">
        <ele>233.71</ele>
      </trkpt>
      <trkpt lat="45.37914642132819" lon="22.217435650527477">
        <ele>233.82</ele>
      </trkpt>
      <trkpt lat="45.37911138497293" lon="22.217453587800264">
        <ele>233.92</ele>
      </trkpt>
      <trkpt lat="45.37908707745373" lon="22.217469345778227">
        <ele>234.01</ele>
      </trkpt>
      <trkpt lat="45.379055980592966" lon="22.21748510375619">
        <ele>234.1</ele>
      </trkpt>
      <trkpt lat="45.37902253679931" lon="22.217500610277057">
        <ele>234.19</ele>
      </trkpt>
      <trkpt lat="45.37899705581367" lon="22.217504885047674">
        <ele>234.27</ele>
      </trkpt>
      <trkpt lat="45.37897274829447" lon="22.217507399618626">
        <ele>234.34</ele>
      </trkpt>
      <trkpt lat="45.378949949517846" lon="22.217519553378224">
        <ele>234.4</ele>
      </trkpt>
      <trkpt lat="45.37893050350249" lon="22.21753204241395">
        <ele>234.45</ele>
      </trkpt>
      <trkpt lat="45.378917176276445" lon="22.217547800391912">
        <ele>234.48</ele>
      </trkpt>
      <trkpt lat="45.3788988199085" lon="22.217563223093748">
        <ele>234.52</ele>
      </trkpt>
      <trkpt lat="45.37888113409281" lon="22.2175794839859">
        <ele>234.54</ele>
      </trkpt>
      <trkpt lat="45.37887082435191" lon="22.217600606381893">
        <ele>234.56</ele>
      </trkpt>
      <trkpt lat="45.37886328063905" lon="22.217627009376884">
        <ele>234.56</ele>
      </trkpt>
      <trkpt lat="45.37884911522269" lon="22.21766011789441">
        <ele>234.56</ele>
      </trkpt>
      <trkpt lat="45.37881592288613" lon="22.21768895164132">
        <ele>234.56</ele>
      </trkpt>
      <trkpt lat="45.37879035808146" lon="22.217709654942155">
        <ele>234.57</ele>
      </trkpt>
      <trkpt lat="45.37875624373555" lon="22.217733627185225">
        <ele>234.57</ele>
      </trkpt>
      <trkpt lat="45.37873570807278" lon="22.217767909169197">
        <ele>234.56</ele>
      </trkpt>
      <trkpt lat="45.37871768698096" lon="22.217814093455672">
        <ele>234.53</ele>
      </trkpt>
      <trkpt lat="45.378700252622366" lon="22.217857176437974">
        <ele>234.51</ele>
      </trkpt>
      <trkpt lat="45.37868482992053" lon="22.21790738403797">
        <ele>234.47</ele>
      </trkpt>
      <trkpt lat="45.3786709997803" lon="22.217961698770523">
        <ele>234.43</ele>
      </trkpt>
      <trkpt lat="45.378658175468445" lon="22.218007296323776">
        <ele>234.38</ele>
      </trkpt>
      <trkpt lat="45.378640573471785" lon="22.218046775087714">
        <ele>234.34</ele>
      </trkpt>
      <trkpt lat="45.37863344885409" lon="22.21807728521526">
        <ele>234.28</ele>
      </trkpt>
      <trkpt lat="45.37862909026444" lon="22.21810662187636">
        <ele>234.22</ele>
      </trkpt>
      <trkpt lat="45.37861400283873" lon="22.21815020777285">
        <ele>234.15</ele>
      </trkpt>
      <trkpt lat="45.37860117852688" lon="22.21818482503295">
        <ele>234.08</ele>
      </trkpt>
      <trkpt lat="45.378598077222705" lon="22.218193542212248">
        <ele>234.0</ele>
      </trkpt>
      <trkpt lat="45.37860025651753" lon="22.21820192411542">
        <ele>233.91</ele>
      </trkpt>
      <trkpt lat="45.37859162315726" lon="22.218221873044968">
        <ele>233.81</ele>
      </trkpt>
      <trkpt lat="45.37858332507312" lon="22.2182460129261">
        <ele>233.71</ele>
      </trkpt>
      <trkpt lat="45.378521298989654" lon="22.21835296601057">
        <ele>233.61</ele>
      </trkpt>
      <trkpt lat="45.378511575981975" lon="22.218383392319083">
        <ele>233.49</ele>
      </trkpt>
      <trkpt lat="45.37849665619433" lon="22.218410968780518">
        <ele>233.36</ele>
      </trkpt>
      <trkpt lat="45.378473522141576" lon="22.218427816405892">
        <ele>233.23</ele>
      </trkpt>
      <trkpt lat="45.37845013663173" lon="22.2184394672513">
        <ele>233.08</ele>
      </trkpt>
      <trkpt lat="45.37841350771487" lon="22.21846084110439">
        <ele>232.92</ele>
      </trkpt>
      <trkpt lat="45.37839372642338" lon="22.218475341796875">
        <ele>232.75</ele>
      </trkpt>
      <trkpt lat="45.37837008945644" lon="22.21848397515714">
        <ele>232.57</ele>
      </trkpt>
      <trkpt lat="45.37834863178432" lon="22.218499816954136">
        <ele>232.38</ele>
      </trkpt>
      <trkpt lat="45.37833337672055" lon="22.218517754226923">
        <ele>232.18</ele>
      </trkpt>
      <trkpt lat="45.37832306697965" lon="22.218526639044285">
        <ele>231.97</ele>
      </trkpt>
      <trkpt lat="45.37829750217497" lon="22.218542648479342">
        <ele>231.75</ele>
      </trkpt>
      <trkpt lat="45.37826246581972" lon="22.21854935400188">
        <ele>231.53</ele>
      </trkpt>
      <trkpt lat="45.378243857994676" lon="22.218563854694366">
        <ele>231.29</ele>
      </trkpt>
      <trkpt lat="45.37822877056897" lon="22.218592604622245">
        <ele>231.03</ele>
      </trkpt>
      <trkpt lat="45.37821804173291" lon="22.218624036759138">
        <ele>230.76</ele>
      </trkpt>
      <trkpt lat="45.37821116857231" lon="22.218648763373494">
        <ele>230.49</ele>
      </trkpt>
      <trkpt lat="45.37819415330887" lon="22.218717075884342">
        <ele>230.19</ele>
      </trkpt>
      <trkpt lat="45.37818510085344" lon="22.218756387010217">
        <ele>229.89</ele>
      </trkpt>
      <trkpt lat="45.37815073505044" lon="22.21882495097816">
        <ele>229.58</ele>
      </trkpt>
      <trkpt lat="45.37813254632056" lon="22.21890122629702">
        <ele>229.27</ele>
      </trkpt>
      <trkpt lat="45.37812986411154" lon="22.21900817938149">
        <ele>228.94</ele>
      </trkpt>
      <trkpt lat="45.37814201787114" lon="22.219127202406526">
        <ele>228.6</ele>
      </trkpt>
      <trkpt lat="45.378160793334246" lon="22.21924027428031">
        <ele>228.26</ele>
      </trkpt>
      <trkpt lat="45.378170013427734" lon="22.219342198222876">
        <ele>227.93</ele>
      </trkpt>
      <trkpt lat="45.378175964578986" lon="22.219458874315023">
        <ele>227.6</ele>
      </trkpt>
      <trkpt lat="45.37816456519067" lon="22.219581166282296">
        <ele>227.28</ele>
      </trkpt>
      <trkpt lat="45.378148555755615" lon="22.219685269519687">
        <ele>226.98</ele>
      </trkpt>
      <trkpt lat="45.378138832747936" lon="22.219769172370434">
        <ele>226.66</ele>
      </trkpt>
      <trkpt lat="45.37813640199602" lon="22.21983639523387">
        <ele>226.35</ele>
      </trkpt>
      <trkpt lat="45.37814570590854" lon="22.219924572855234">
        <ele>226.03</ele>
      </trkpt>
      <trkpt lat="45.37815283052623" lon="22.219981318339705">
        <ele>225.74</ele>
      </trkpt>
      <trkpt lat="45.378158278763294" lon="22.220055665820837">
        <ele>225.45</ele>
      </trkpt>
      <trkpt lat="45.37815626710653" lon="22.22012221813202">
        <ele>225.17</ele>
      </trkpt>
      <trkpt lat="45.37814436480403" lon="22.220184579491615">
        <ele>224.9</ele>
      </trkpt>
      <trkpt lat="45.37813112139702" lon="22.22023269161582">
        <ele>224.66</ele>
      </trkpt>
      <trkpt lat="45.37811947055161" lon="22.220275523141026">
        <ele>224.43</ele>
      </trkpt>
      <trkpt lat="45.37810446694493" lon="22.22031575627625">
        <ele>224.2</ele>
      </trkpt>
      <trkpt lat="45.37808854132891" lon="22.22036068327725">
        <ele>223.99</ele>
      </trkpt>
      <trkpt lat="45.37807957269251" lon="22.220403011888266">
        <ele>223.78</ele>
      </trkpt>
      <trkpt lat="45.378072280436754" lon="22.220443664118648">
        <ele>223.59</ele>
      </trkpt>
      <trkpt lat="45.378063982352614" lon="22.22048825584352">
        <ele>223.41</ele>
      </trkpt>
      <trkpt lat="45.37804780527949" lon="22.22053267993033">
        <ele>223.26</ele>
      </trkpt>
      <trkpt lat="45.37802559323609" lon="22.220570985227823">
        <ele>223.11</ele>
      </trkpt>
      <trkpt lat="45.378000950440764" lon="22.220607278868556">
        <ele>222.98</ele>
      </trkpt>
      <trkpt lat="45.3779714461416" lon="22.220641477033496">
        <ele>222.87</ele>
      </trkpt>
      <trkpt lat="45.377928614616394" lon="22.220686739310622">
        <ele>222.78</ele>
      </trkpt>
      <trkpt lat="45.37787874229252" lon="22.220745161175728">
        <ele>222.7</ele>
      </trkpt>
      <trkpt lat="45.37783599458635" lon="22.220802325755358">
        <ele>222.63</ele>
      </trkpt>
      <trkpt lat="45.37779450416565" lon="22.220857813954353">
        <ele>222.58</ele>
      </trkpt>
      <trkpt lat="45.37776164710522" lon="22.220924785360694">
        <ele>222.54</ele>
      </trkpt>
      <trkpt lat="45.377738596871495" lon="22.220976585522294">
        <ele>222.51</ele>
      </trkpt>
      <trkpt lat="45.37772258743644" lon="22.221018746495247">
        <ele>222.5</ele>
      </trkpt>
      <trkpt lat="45.377705572173" lon="22.221064595505595">
        <ele>222.51</ele>
      </trkpt>
      <trkpt lat="45.377655532211065" lon="22.221173644065857">
        <ele>222.53</ele>
      </trkpt>
      <trkpt lat="45.37759467959404" lon="22.221275316551328">
        <ele>222.57</ele>
      </trkpt>
      <trkpt lat="45.377565510571" lon="22.22130624577403">
        <ele>222.62</ele>
      </trkpt>
      <trkpt lat="45.377530893310905" lon="22.221348574385047">
        <ele>222.69</ele>
      </trkpt>
      <trkpt lat="45.37748764269054" lon="22.22138050943613">
        <ele>222.78</ele>
      </trkpt>
      <trkpt lat="45.377415139228106" lon="22.221464412286878">
        <ele>222.87</ele>
      </trkpt>
      <trkpt lat="45.37730005569756" lon="22.221601540222764">
        <ele>222.98</ele>
      </trkpt>
      <trkpt lat="45.37723341956735" lon="22.221738249063492">
        <ele>223.07</ele>
      </trkpt>
      <trkpt lat="45.37719595246017" lon="22.22178661264479">
        <ele>223.18</ele>
      </trkpt>
      <trkpt lat="45.37716066464782" lon="22.221845369786024">
        <ele>223.3</ele>
      </trkpt>
      <trkpt lat="45.37704633548856" lon="22.22196682356298">
        <ele>223.45</ele>
      </trkpt>
      <trkpt lat="45.37701607681811" lon="22.222008984535933">
        <ele>223.6</ele>
      </trkpt>
      <trkpt lat="45.376980202272534" lon="22.222105711698532">
        <ele>223.73</ele>
      </trkpt>
      <trkpt lat="45.376925971359015" lon="22.22217452712357">
        <ele>223.9</ele>
      </trkpt>
      <trkpt lat="45.3769008256495" lon="22.222244264557958">
        <ele>224.07</ele>
      </trkpt>
      <trkpt lat="45.37685682065785" lon="22.222278378903866">
        <ele>224.26</ele>
      </trkpt>
      <trkpt lat="45.37679756060243" lon="22.22232397645712">
        <ele>224.47</ele>
      </trkpt>
      <trkpt lat="45.37672773934901" lon="22.222368735820055">
        <ele>224.68</ele>
      </trkpt>
      <trkpt lat="45.37670066580176" lon="22.222416512668133">
        <ele>224.88</ele>
      </trkpt>
      <trkpt lat="45.37667652592063" lon="22.222452303394675">
        <ele>225.09</ele>
      </trkpt>
      <trkpt lat="45.376609889790416" lon="22.22248625010252">
        <ele>225.31</ele>
      </trkpt>
      <trkpt lat="45.376563454046845" lon="22.22251256927848">
        <ele>225.54</ele>
      </trkpt>
      <trkpt lat="45.37651274353266" lon="22.22253511659801">
        <ele>225.77</ele>
      </trkpt>
      <trkpt lat="45.376479299739" lon="22.222566548734903">
        <ele>225.98</ele>
      </trkpt>
      <trkpt lat="45.37647041492164" lon="22.222619773820043">
        <ele>226.16</ele>
      </trkpt>
      <trkpt lat="45.376446191221476" lon="22.222675010561943">
        <ele>226.35</ele>
      </trkpt>
      <trkpt lat="45.37642791867256" lon="22.222725888714194">
        <ele>226.54</ele>
      </trkpt>
      <trkpt lat="45.37639757618308" lon="22.22275212407112">
        <ele>226.73</ele>
      </trkpt>
      <trkpt lat="45.37632783874869" lon="22.222782969474792">
        <ele>226.92</ele>
      </trkpt>
      <trkpt lat="45.37627033889294" lon="22.222820688039064">
        <ele>227.11</ele>
      </trkpt>
      <trkpt lat="45.37621635943651" lon="22.222839882597327">
        <ele>227.29</ele>
      </trkpt>
      <trkpt lat="45.376182328909636" lon="22.222854467108846">
        <ele>227.44</ele>
      </trkpt>
      <trkpt lat="45.37615257315338" lon="22.222867207601666">
        <ele>227.59</ele>
      </trkpt>
      <trkpt lat="45.37611451931298" lon="22.22286108881235">
        <ele>227.73</ele>
      </trkpt>
      <trkpt lat="45.37608199752867" lon="22.222885144874454">
        <ele>227.85</ele>
      </trkpt>
      <trkpt lat="45.376050816848874" lon="22.222899310290813">
        <ele>227.97</ele>
      </trkpt>
      <trkpt lat="45.37601259537041" lon="22.222897969186306">
        <ele>228.09</ele>
      </trkpt>
      <trkpt lat="45.375981498509645" lon="22.222897466272116">
        <ele>228.2</ele>
      </trkpt>
      <trkpt lat="45.375955598428845" lon="22.222898388281465">
        <ele>228.28</ele>
      </trkpt>
      <trkpt lat="45.37592953070998" lon="22.222899394109845">
        <ele>228.35</ele>
      </trkpt>
      <trkpt lat="45.375900864601135" lon="22.22290115430951">
        <ele>228.41</ele>
      </trkpt>
      <trkpt lat="45.375871527940035" lon="22.222899813205004">
        <ele>228.46</ele>
      </trkpt>
      <trkpt lat="45.37577731534839" lon="22.222902663052082">
        <ele>228.5</ele>
      </trkpt>
      <trkpt lat="45.3756660874933" lon="22.222924875095487">
        <ele>228.49</ele>
      </trkpt>
      <trkpt lat="45.37559165619314" lon="22.222928144037724">
        <ele>228.47</ele>
      </trkpt>
      <trkpt lat="45.37551278248429" lon="22.222938118502498">
        <ele>228.43</ele>
      </trkpt>
      <trkpt lat="45.375468861311674" lon="22.222944488748908">
        <ele>228.39</ele>
      </trkpt>
      <trkpt lat="45.37542670033872" lon="22.222945326939225">
        <ele>228.33</ele>
      </trkpt>
      <trkpt lat="45.375331649556756" lon="22.222939040511847">
        <ele>228.26</ele>
      </trkpt>
      <trkpt lat="45.37527959793806" lon="22.22293334081769">
        <ele>228.18</ele>
      </trkpt>
      <trkpt lat="45.375216314569116" lon="22.222930742427707">
        <ele>228.08</ele>
      </trkpt>
      <trkpt lat="45.37511941976845" lon="22.222931496798992">
        <ele>227.98</ele>
      </trkpt>
      <trkpt lat="45.37505831569433" lon="22.222932167351246">
        <ele>227.87</ele>
      </trkpt>
      <trkpt lat="45.37490660324693" lon="22.222952283918858">
        <ele>227.74</ele>
      </trkpt>
      <trkpt lat="45.374769726768136" lon="22.222986230626702">
        <ele>227.59</ele>
      </trkpt>
      <trkpt lat="45.37471675314009" lon="22.22298908047378">
        <ele>227.44</ele>
      </trkpt>
      <trkpt lat="45.374448616057634" lon="22.222996959462762">
        <ele>227.24</ele>
      </trkpt>
      <trkpt lat="45.374406119808555" lon="22.222993355244398">
        <ele>227.06</ele>
      </trkpt>
      <trkpt lat="45.37435230799019" lon="22.22299092449248">
        <ele>226.86</ele>
      </trkpt>
      <trkpt lat="45.37429824471474" lon="22.2229846380651">
        <ele>226.65</ele>
      </trkpt>
      <trkpt lat="45.37414946593344" lon="22.222979106009007">
        <ele>226.41</ele>
      </trkpt>
      <trkpt lat="45.37408232688904" lon="22.22296309657395">
        <ele>226.2</ele>
      </trkpt>
      <trkpt lat="45.374035304412246" lon="22.222955552861094">
        <ele>225.98</ele>
      </trkpt>
      <trkpt lat="45.37398903630674" lon="22.222949769347906">
        <ele>225.75</ele>
      </trkpt>
      <trkpt lat="45.37393623031676" lon="22.222946835681796">
        <ele>225.51</ele>
      </trkpt>
      <trkpt lat="45.373821314424276" lon="22.22295094281435">
        <ele>225.25</ele>
      </trkpt>
      <trkpt lat="45.373767921701074" lon="22.22294557839632">
        <ele>225.02</ele>
      </trkpt>
      <trkpt lat="45.37371980957687" lon="22.222933173179626">
        <ele>224.78</ele>
      </trkpt>
      <trkpt lat="45.37367111071944" lon="22.222926383838058">
        <ele>224.54</ele>
      </trkpt>
      <trkpt lat="45.37362366914749" lon="22.222930239513516">
        <ele>224.28</ele>
      </trkpt>
      <trkpt lat="45.37334689870477" lon="22.222952535375953">
        <ele>223.99</ele>
      </trkpt>
      <trkpt lat="45.37328093312681" lon="22.22297784872353">
        <ele>223.71</ele>
      </trkpt>
      <trkpt lat="45.37322645075619" lon="22.22300416789949">
        <ele>223.46</ele>
      </trkpt>
      <trkpt lat="45.373173812404275" lon="22.223040042445064">
        <ele>223.19</ele>
      </trkpt>
      <trkpt lat="45.37312771193683" lon="22.22307507880032">
        <ele>222.94</ele>
      </trkpt>
      <trkpt lat="45.373085802420974" lon="22.2231003921479">
        <ele>222.68</ele>
      </trkpt>
      <trkpt lat="45.37304322235286" lon="22.223113887012005">
        <ele>222.43</ele>
      </trkpt>
      <trkpt lat="45.37300164811313" lon="22.223132913932204">
        <ele>222.19</ele>
      </trkpt>
      <trkpt lat="45.37295605055988" lon="22.22314984537661">
        <ele>221.96</ele>
      </trkpt>
      <trkpt lat="45.37286091595888" lon="22.223261073231697">
        <ele>221.7</ele>
      </trkpt>
      <trkpt lat="45.372835183516145" lon="22.223301054909825">
        <ele>221.48</ele>
      </trkpt>
      <trkpt lat="45.37277726456523" lon="22.22337850369513">
        <ele>221.28</ele>
      </trkpt>
      <trkpt lat="45.372713226825" lon="22.223440445959568">
        <ele>221.09</ele>
      </trkpt>
      <trkpt lat="45.37267995066941" lon="22.2234664298594">
        <ele>220.91</ele>
      </trkpt>
      <trkpt lat="45.3726492729038" lon="22.223491491749883">
        <ele>220.73</ele>
      </trkpt>
      <trkpt lat="45.37254768423736" lon="22.223566006869078">
        <ele>220.56</ele>
      </trkpt>
      <trkpt lat="45.372482892125845" lon="22.223631301894784">
        <ele>220.39</ele>
      </trkpt>
      <trkpt lat="45.37245137616992" lon="22.223658123984933">
        <ele>220.23</ele>
      </trkpt>
      <trkpt lat="45.37234819494188" lon="22.223719898611307">
        <ele>220.1</ele>
      </trkpt>
      <trkpt lat="45.37231684662402" lon="22.223733393475413">
        <ele>219.96</ele>
      </trkpt>
      <trkpt lat="45.37228533066809" lon="22.223748732358217">
        <ele>219.83</ele>
      </trkpt>
      <trkpt lat="45.37225155159831" lon="22.223763149231672">
        <ele>219.7</ele>
      </trkpt>
      <trkpt lat="45.37221601232886" lon="22.22377521917224">
        <ele>219.59</ele>
      </trkpt>
      <trkpt lat="45.37208642810583" lon="22.223865492269397">
        <ele>219.48</ele>
      </trkpt>
      <trkpt lat="45.37194611504674" lon="22.224059030413628">
        <ele>219.34</ele>
      </trkpt>
      <trkpt lat="45.37191485054791" lon="22.224097168073058">
        <ele>219.24</ele>
      </trkpt>
      <trkpt lat="45.37187838926911" lon="22.224118374288082">
        <ele>219.15</ele>
      </trkpt>
      <trkpt lat="45.37184310145676" lon="22.22413773648441">
        <ele>219.09</ele>
      </trkpt>
      <trkpt lat="45.371812507510185" lon="22.22416170872748">
        <ele>219.02</ele>
      </trkpt>
      <trkpt lat="45.3717633895576" lon="22.22424091771245">
        <ele>218.95</ele>
      </trkpt>
      <trkpt lat="45.371738243848085" lon="22.224283246323466">
        <ele>218.88</ele>
      </trkpt>
      <trkpt lat="45.371711337938905" lon="22.224325658753514">
        <ele>218.81</ele>
      </trkpt>
      <trkpt lat="45.371649814769626" lon="22.224397491663694">
        <ele>218.75</ele>
      </trkpt>
      <trkpt lat="45.37161586806178" lon="22.224427415058017">
        <ele>218.71</ele>
      </trkpt>
      <trkpt lat="45.37158099934459" lon="22.224452728405595">
        <ele>218.68</ele>
      </trkpt>
      <trkpt lat="45.37154646590352" lon="22.224477706477046">
        <ele>218.66</ele>
      </trkpt>
      <trkpt lat="45.37132317200303" lon="22.224605111405253">
        <ele>218.66</ele>
      </trkpt>
      <trkpt lat="45.371287716552615" lon="22.22463285550475">
        <ele>218.64</ele>
      </trkpt>
      <trkpt lat="45.37125368602574" lon="22.22465925849974">
        <ele>218.63</ele>
      </trkpt>
      <trkpt lat="45.37122015841305" lon="22.224687254056334">
        <ele>218.62</ele>
      </trkpt>
      <trkpt lat="45.3711121995002" lon="22.224758500233293">
        <ele>218.63</ele>
      </trkpt>
      <trkpt lat="45.37107875570655" lon="22.224789261817932">
        <ele>218.65</ele>
      </trkpt>
      <trkpt lat="45.37097364664078" lon="22.224877271801233">
        <ele>218.68</ele>
      </trkpt>
      <trkpt lat="45.37090357393026" lon="22.224925719201565">
        <ele>218.72</ele>
      </trkpt>
      <trkpt lat="45.370874321088195" lon="22.22495773807168">
        <ele>218.75</ele>
      </trkpt>
      <trkpt lat="45.370846912264824" lon="22.224993277341127">
        <ele>218.79</ele>
      </trkpt>
      <trkpt lat="45.370819168165326" lon="22.225028481334448">
        <ele>218.83</ele>
      </trkpt>
      <trkpt lat="45.37079058587551" lon="22.225061925128102">
        <ele>218.88</ele>
      </trkpt>
      <trkpt lat="45.370732583105564" lon="22.22512780688703">
        <ele>218.94</ele>
      </trkpt>
      <trkpt lat="45.370703330263495" lon="22.225161166861653">
        <ele>219.0</ele>
      </trkpt>
      <trkpt lat="45.37067466415465" lon="22.22519427537918">
        <ele>219.07</ele>
      </trkpt>
      <trkpt lat="45.37064591422677" lon="22.22522201947868">
        <ele>219.15</ele>
      </trkpt>
      <trkpt lat="45.37061867304146" lon="22.225251188501716">
        <ele>219.23</ele>
      </trkpt>
      <trkpt lat="45.37059025838971" lon="22.22528169862926">
        <ele>219.32</ele>
      </trkpt>
      <trkpt lat="45.370565028861165" lon="22.22531095147133">
        <ele>219.42</ele>
      </trkpt>
      <trkpt lat="45.37054030224681" lon="22.225340707227588">
        <ele>219.51</ele>
      </trkpt>
      <trkpt lat="45.37043343298137" lon="22.22544983960688">
        <ele>219.61</ele>
      </trkpt>
      <trkpt lat="45.37041172385216" lon="22.22547087818384">
        <ele>219.72</ele>
      </trkpt>
      <trkpt lat="45.3703906852752" lon="22.225479846820235">
        <ele>219.84</ele>
      </trkpt>
      <trkpt lat="45.37037626840174" lon="22.225474817678332">
        <ele>219.97</ele>
      </trkpt>
      <trkpt lat="45.37036604247987" lon="22.22546149045229">
        <ele>220.1</ele>
      </trkpt>
      <trkpt lat="45.37036168389022" lon="22.225439697504044">
        <ele>220.25</ele>
      </trkpt>
      <trkpt lat="45.370366629213095" lon="22.225408600643277">
        <ele>220.4</ele>
      </trkpt>
      <trkpt lat="45.37038951180875" lon="22.225271724164486">
        <ele>220.57</ele>
      </trkpt>
      <trkpt lat="45.3703869972378" lon="22.22523383796215">
        <ele>220.74</ele>
      </trkpt>
      <trkpt lat="45.370385153219104" lon="22.22519318573177">
        <ele>220.91</ele>
      </trkpt>
      <trkpt lat="45.37037844769657" lon="22.225028397515416">
        <ele>221.12</ele>
      </trkpt>
      <trkpt lat="45.37037802860141" lon="22.224989673122764">
        <ele>221.31</ele>
      </trkpt>
      <trkpt lat="45.37037517875433" lon="22.224951619282365">
        <ele>221.5</ele>
      </trkpt>
      <trkpt lat="45.37037291564047" lon="22.224915912374854">
        <ele>221.69</ele>
      </trkpt>
      <trkpt lat="45.370369143784046" lon="22.224879199638963">
        <ele>221.89</ele>
      </trkpt>
      <trkpt lat="45.370367551222444" lon="22.2248428221792">
        <ele>222.1</ele>
      </trkpt>
      <trkpt lat="45.370363276451826" lon="22.224804935976863">
        <ele>222.31</ele>
      </trkpt>
      <trkpt lat="45.370356906205416" lon="22.224765876308084">
        <ele>222.52</ele>
      </trkpt>
      <trkpt lat="45.37035455927253" lon="22.224725056439638">
        <ele>222.74</ele>
      </trkpt>
      <trkpt lat="45.37035288289189" lon="22.2246855776757">
        <ele>222.96</ele>
      </trkpt>
      <trkpt lat="45.370354978367686" lon="22.224647775292397">
        <ele>223.18</ele>
      </trkpt>
      <trkpt lat="45.37035967223346" lon="22.224608128890395">
        <ele>223.41</ele>
      </trkpt>
      <trkpt lat="45.37036553956568" lon="22.22457267343998">
        <ele>223.65</ele>
      </trkpt>
      <trkpt lat="45.37036998197436" lon="22.22453654743731">
        <ele>223.88</ele>
      </trkpt>
      <trkpt lat="45.37037333473563" lon="22.224498661234975">
        <ele>224.13</ele>
      </trkpt>
      <trkpt lat="45.3703766874969" lon="22.224460439756513">
        <ele>224.37</ele>
      </trkpt>
      <trkpt lat="45.37037802860141" lon="22.224417440593243">
        <ele>224.61</ele>
      </trkpt>
      <trkpt lat="45.37037903442979" lon="22.22437486052513">
        <ele>224.85</ele>
      </trkpt>
      <trkpt lat="45.370379369705915" lon="22.224333453923464">
        <ele>225.11</ele>
      </trkpt>
      <trkpt lat="45.37038238719106" lon="22.224295819178224">
        <ele>225.36</ele>
      </trkpt>
      <trkpt lat="45.37038741633296" lon="22.224258687347174">
        <ele>225.62</ele>
      </trkpt>
      <trkpt lat="45.3703941218555" lon="22.224224070087075">
        <ele>225.87</ele>
      </trkpt>
      <trkpt lat="45.37040049210191" lon="22.224190877750516">
        <ele>226.12</ele>
      </trkpt>
      <trkpt lat="45.37040610797703" lon="22.22415785305202">
        <ele>226.37</ele>
      </trkpt>
      <trkpt lat="45.37041180767119" lon="22.22412222996354">
        <ele>226.63</ele>
      </trkpt>
      <trkpt lat="45.3704232070595" lon="22.224091133102775">
        <ele>226.87</ele>
      </trkpt>
      <trkpt lat="45.370430583134294" lon="22.224057521671057">
        <ele>227.12</ele>
      </trkpt>
      <trkpt lat="45.370435109362006" lon="22.22402441315353">
        <ele>227.37</ele>
      </trkpt>
      <trkpt lat="45.370439467951655" lon="22.223991053178906">
        <ele>227.61</ele>
      </trkpt>
      <trkpt lat="45.37044692784548" lon="22.223958196118474">
        <ele>227.85</ele>
      </trkpt>
      <trkpt lat="45.37045480683446" lon="22.223924081772566">
        <ele>228.09</ele>
      </trkpt>
      <trkpt lat="45.37046545185149" lon="22.223891895264387">
        <ele>228.32</ele>
      </trkpt>
      <trkpt lat="45.37048179656267" lon="22.223863061517477">
        <ele>228.54</ele>
      </trkpt>
      <trkpt lat="45.370497135445476" lon="22.22383489832282">
        <ele>228.76</ele>
      </trkpt>
      <trkpt lat="45.37051213905215" lon="22.223807657137513">
        <ele>228.98</ele>
      </trkpt>
      <trkpt lat="45.37052437663078" lon="22.22377966158092">
        <ele>229.2</ele>
      </trkpt>
      <trkpt lat="45.37053803913295" lon="22.223752588033676">
        <ele>229.42</ele>
      </trkpt>
      <trkpt lat="45.370550863444805" lon="22.223731046542525">
        <ele>229.62</ele>
      </trkpt>
      <trkpt lat="45.37056494504213" lon="22.223712354898453">
        <ele>229.83</ele>
      </trkpt>
      <trkpt lat="45.370577685534954" lon="22.223691483959556">
        <ele>230.02</ele>
      </trkpt>
      <trkpt lat="45.370590426027775" lon="22.223670948296785">
        <ele>230.22</ele>
      </trkpt>
      <trkpt lat="45.37060299888253" lon="22.22364974208176">
        <ele>230.41</ele>
      </trkpt>
      <trkpt lat="45.37061716429889" lon="22.22363012842834">
        <ele>230.59</ele>
      </trkpt>
      <trkpt lat="45.370630659163" lon="22.223613867536187">
        <ele>230.76</ele>
      </trkpt>
      <trkpt lat="45.370645662769675" lon="22.223597522825003">
        <ele>230.93</ele>
      </trkpt>
      <trkpt lat="45.37066301330924" lon="22.22358327358961">
        <ele>231.1</ele>
      </trkpt>
      <trkpt lat="45.37067432887852" lon="22.22356759943068">
        <ele>231.26</ele>
      </trkpt>
      <trkpt lat="45.370689081028104" lon="22.22355393692851">
        <ele>231.41</ele>
      </trkpt>
      <trkpt lat="45.370707269757986" lon="22.22353834658861">
        <ele>231.56</ele>
      </trkpt>
      <trkpt lat="45.370727805420756" lon="22.223518565297127">
        <ele>231.71</ele>
      </trkpt>
      <trkpt lat="45.3707480058074" lon="22.223496520891786">
        <ele>231.86</ele>
      </trkpt>
      <trkpt lat="45.3707635961473" lon="22.22347623668611">
        <ele>232.0</ele>
      </trkpt>
      <trkpt lat="45.37077524699271" lon="22.223458802327514">
        <ele>232.14</ele>
      </trkpt>
      <trkpt lat="45.37078874185681" lon="22.223440781235695">
        <ele>232.28</ele>
      </trkpt>
      <trkpt lat="45.370803410187364" lon="22.223423263058066">
        <ele>232.42</ele>
      </trkpt>
      <trkpt lat="45.37081874907017" lon="22.223402056843042">
        <ele>232.56</ele>
      </trkpt>
      <trkpt lat="45.37083484232426" lon="22.223379090428352">
        <ele>232.7</ele>
      </trkpt>
      <trkpt lat="45.37085202522576" lon="22.22336291335523">
        <ele>232.84</ele>
      </trkpt>
      <trkpt lat="45.370868956670165" lon="22.223342629149556">
        <ele>232.97</ele>
      </trkpt>
      <trkpt lat="45.370884630829096" lon="22.22332527860999">
        <ele>233.11</ele>
      </trkpt>
      <trkpt lat="45.37089644931257" lon="22.22330910153687">
        <ele>233.24</ele>
      </trkpt>
      <trkpt lat="45.37090986035764" lon="22.223292756825686">
        <ele>233.38</ele>
      </trkpt>
      <trkpt lat="45.37092637270689" lon="22.223278926685452">
        <ele>233.51</ele>
      </trkpt>
      <trkpt lat="45.37094254978001" lon="22.223264425992966">
        <ele>233.65</ele>
      </trkpt>
      <trkpt lat="45.370964258909225" lon="22.22325093112886">
        <ele>233.79</ele>
      </trkpt>
      <trkpt lat="45.370981860905886" lon="22.223236095160246">
        <ele>233.93</ele>
      </trkpt>
      <trkpt lat="45.37100113928318" lon="22.223225785419345">
        <ele>234.06</ele>
      </trkpt>
      <trkpt lat="45.37102083675563" lon="22.22321731969714">
        <ele>234.21</ele>
      </trkpt>
      <trkpt lat="45.37104229442775" lon="22.223208770155907">
        <ele>234.35</ele>
      </trkpt>
      <trkpt lat="45.371064338833094" lon="22.22320013679564">
        <ele>234.5</ele>
      </trkpt>
      <trkpt lat="45.37108646705747" lon="22.223189240321517">
        <ele>234.65</ele>
      </trkpt>
      <trkpt lat="45.3711071703583" lon="22.22318018786609">
        <ele>234.8</ele>
      </trkpt>
      <trkpt lat="45.371127454563975" lon="22.22317230887711">
        <ele>234.96</ele>
      </trkpt>
      <trkpt lat="45.371144050732255" lon="22.223162334412336">
        <ele>235.12</ele>
      </trkpt>
      <trkpt lat="45.37116282619536" lon="22.22314883954823">
        <ele>235.29</ele>
      </trkpt>
      <trkpt lat="45.371183613315225" lon="22.223130902275443">
        <ele>235.46</ele>
      </trkpt>
      <trkpt lat="45.37120825611055" lon="22.223114892840385">
        <ele>235.64</ele>
      </trkpt>
      <trkpt lat="45.37123843096197" lon="22.22310089506209">
        <ele>235.82</ele>
      </trkpt>
      <trkpt lat="45.371272629126906" lon="22.223077593371272">
        <ele>236.01</ele>
      </trkpt>
      <trkpt lat="45.37130665965378" lon="22.2230536211282">
        <ele>236.2</ele>
      </trkpt>
      <trkpt lat="45.37134203128517" lon="22.223029313609004">
        <ele>236.4</ele>
      </trkpt>
      <trkpt lat="45.37137840874493" lon="22.223005928099155">
        <ele>236.6</ele>
      </trkpt>
      <trkpt lat="45.37141587585211" lon="22.222980950027704">
        <ele>236.81</ele>
      </trkpt>
      <trkpt lat="45.371449487283826" lon="22.222957564517856">
        <ele>237.02</ele>
      </trkpt>
      <trkpt lat="45.37147790193558" lon="22.22293141297996">
        <ele>237.25</ele>
      </trkpt>
      <trkpt lat="45.37150489166379" lon="22.222907776013017">
        <ele>237.48</ele>
      </trkpt>
      <trkpt lat="45.3715284448117" lon="22.222884641960263">
        <ele>237.72</ele>
      </trkpt>
      <trkpt lat="45.371547639369965" lon="22.22285279072821">
        <ele>237.96</ele>
      </trkpt>
      <trkpt lat="45.3715649060905" lon="22.22281758673489">
        <ele>238.21</ele>
      </trkpt>
      <trkpt lat="45.37158116698265" lon="22.222785484045744">
        <ele>238.47</ele>
      </trkpt>
      <trkpt lat="45.37159482948482" lon="22.22275354899466">
        <ele>238.73</ele>
      </trkpt>
      <trkpt lat="45.37160740233958" lon="22.22272027283907">
        <ele>239.0</ele>
      </trkpt>
      <trkpt lat="45.37162072956562" lon="22.222689846530557">
        <ele>239.28</ele>
      </trkpt>
      <trkpt lat="45.3716338891536" lon="22.222665203735232">
        <ele>239.56</ele>
      </trkpt>
      <trkpt lat="45.37164520472288" lon="22.222639387473464">
        <ele>239.85</ele>
      </trkpt>
      <trkpt lat="45.37165442481637" lon="22.222612481564283">
        <ele>240.15</ele>
      </trkpt>
      <trkpt lat="45.37166314199567" lon="22.222582139074802">
        <ele>240.45</ele>
      </trkpt>
      <trkpt lat="45.37170463241637" lon="22.22245012409985">
        <ele>240.79</ele>
      </trkpt>
      <trkpt lat="45.37172173149884" lon="22.222391199320555">
        <ele>241.1</ele>
      </trkpt>
      <trkpt lat="45.37173078395426" lon="22.222365299239755">
        <ele>241.41</ele>
      </trkpt>
      <trkpt lat="45.371741596609354" lon="22.222341997548938">
        <ele>241.71</ele>
      </trkpt>
      <trkpt lat="45.37175031378865" lon="22.222316432744265">
        <ele>242.02</ele>
      </trkpt>
      <trkpt lat="45.37176003679633" lon="22.222289191558957">
        <ele>242.32</ele>
      </trkpt>
      <trkpt lat="45.371774872764945" lon="22.222238229587674">
        <ele>242.64</ele>
      </trkpt>
      <trkpt lat="45.371781159192324" lon="22.2222145088017">
        <ele>242.95</ele>
      </trkpt>
      <trkpt lat="45.37178979255259" lon="22.222189446911216">
        <ele>243.26</ele>
      </trkpt>
      <trkpt lat="45.37180429324508" lon="22.22216723486781">
        <ele>243.56</ele>
      </trkpt>
      <trkpt lat="45.37184209562838" lon="22.22209632396698">
        <ele>243.89</ele>
      </trkpt>
      <trkpt lat="45.37186221219599" lon="22.22204603254795">
        <ele>244.2</ele>
      </trkpt>
      <trkpt lat="45.371872605755925" lon="22.222029604017735">
        <ele>244.49</ele>
      </trkpt>
      <trkpt lat="45.371876461431384" lon="22.22201317548752">
        <ele>244.78</ele>
      </trkpt>
      <trkpt lat="45.37188459187746" lon="22.221996998414397">
        <ele>245.07</ele>
      </trkpt>
      <trkpt lat="45.37190672010183" lon="22.221965231001377">
        <ele>245.35</ele>
      </trkpt>
      <trkpt lat="45.37192465737462" lon="22.221950395032763">
        <ele>245.63</ele>
      </trkpt>
      <trkpt lat="45.37194745615125" lon="22.22194444388151">
        <ele>245.9</ele>
      </trkpt>
      <trkpt lat="45.37196656689048" lon="22.2219346370548">
        <ele>246.16</ele>
      </trkpt>
      <trkpt lat="45.371983498334885" lon="22.22192927263677">
        <ele>246.43</ele>
      </trkpt>
      <trkpt lat="45.37200319580734" lon="22.221929524093866">
        <ele>246.68</ele>
      </trkpt>
      <trkpt lat="45.37201886996627" lon="22.22193698398769">
        <ele>246.93</ele>
      </trkpt>
      <trkpt lat="45.372034376487136" lon="22.221939582377672">
        <ele>247.17</ele>
      </trkpt>
      <trkpt lat="45.3720535710454" lon="22.22193354740739">
        <ele>247.41</ele>
      </trkpt>
      <trkpt lat="45.37207670509815" lon="22.2219208907336">
        <ele>247.66</ele>
      </trkpt>
      <trkpt lat="45.372108556330204" lon="22.221909072250128">
        <ele>247.9</ele>
      </trkpt>
      <trkpt lat="45.37213118746877" lon="22.22189591266215">
        <ele>248.14</ele>
      </trkpt>
      <trkpt lat="45.37215432152152" lon="22.22189054824412">
        <ele>248.36</ele>
      </trkpt>
      <trkpt lat="45.37217368371785" lon="22.221887363120914">
        <ele>248.58</ele>
      </trkpt>
      <trkpt lat="45.37219530902803" lon="22.22188518382609">
        <ele>248.8</ele>
      </trkpt>
      <trkpt lat="45.372223975136876" lon="22.221889877691865">
        <ele>249.01</ele>
      </trkpt>
      <trkpt lat="45.372237050905824" lon="22.221883423626423">
        <ele>249.23</ele>
      </trkpt>
      <trkpt lat="45.372257083654404" lon="22.221875209361315">
        <ele>249.44</ele>
      </trkpt>
      <trkpt lat="45.3722866717726" lon="22.221872862428427">
        <ele>249.65</ele>
      </trkpt>
      <trkpt lat="45.37230812944472" lon="22.221868336200714">
        <ele>249.85</ele>
      </trkpt>
      <trkpt lat="45.372331934049726" lon="22.22185794264078">
        <ele>250.06</ele>
      </trkpt>
      <trkpt lat="45.37236085161567" lon="22.221859199926257">
        <ele>250.26</ele>
      </trkpt>
      <trkpt lat="45.372380297631025" lon="22.22185048274696">
        <ele>250.46</ele>
      </trkpt>
      <trkpt lat="45.37240410223603" lon="22.22184461541474">
        <ele>250.67</ele>
      </trkpt>
      <trkpt lat="45.37241709418595" lon="22.2218310367316">
        <ele>250.87</ele>
      </trkpt>
      <trkpt lat="45.3724351990968" lon="22.22181930206716">
        <ele>251.07</ele>
      </trkpt>
      <trkpt lat="45.372442407533526" lon="22.22179918549955">
        <ele>251.27</ele>
      </trkpt>
      <trkpt lat="45.37245120853186" lon="22.221795581281185">
        <ele>251.47</ele>
      </trkpt>
      <trkpt lat="45.37246344611049" lon="22.221793569624424">
        <ele>251.66</ele>
      </trkpt>
      <trkpt lat="45.372472666203976" lon="22.221794743090868">
        <ele>251.85</ele>
      </trkpt>
      <trkpt lat="45.372482892125845" lon="22.221791138872504">
        <ele>252.04</ele>
      </trkpt>
      <trkpt lat="45.372492196038365" lon="22.221786193549633">
        <ele>252.24</ele>
      </trkpt>
      <trkpt lat="45.37249881774187" lon="22.221784768626094">
        <ele>252.43</ele>
      </trkpt>
      <trkpt lat="45.37250518798828" lon="22.22178460098803">
        <ele>252.62</ele>
      </trkpt>
      <trkpt lat="45.372512647882104" lon="22.22178560681641">
        <ele>252.81</ele>
      </trkpt>
      <trkpt lat="45.372521951794624" lon="22.22178560681641">
        <ele>253.01</ele>
      </trkpt>
      <trkpt lat="45.37253393791616" lon="22.22178652882576">
        <ele>253.2</ele>
      </trkpt>
      <trkpt lat="45.37254609167576" lon="22.221783846616745">
        <ele>253.4</ele>
      </trkpt>
      <trkpt lat="45.37255891598761" lon="22.221778817474842">
        <ele>253.61</ele>
      </trkpt>
      <trkpt lat="45.37257123738527" lon="22.221773536875844">
        <ele>253.81</ele>
      </trkpt>
      <trkpt lat="45.3725871630013" lon="22.221768256276846">
        <ele>254.02</ele>
      </trkpt>
      <trkpt lat="45.37260241806507" lon="22.22176750190556">
        <ele>254.22</ele>
      </trkpt>
      <trkpt lat="45.372615242376924" lon="22.22176607698202">
        <ele>254.43</ele>
      </trkpt>
      <trkpt lat="45.37263309583068" lon="22.22176071256399">
        <ele>254.64</ele>
      </trkpt>
      <trkpt lat="45.37265237420797" lon="22.22175668925047">
        <ele>254.86</ele>
      </trkpt>
      <trkpt lat="45.3726667072624" lon="22.221749061718583">
        <ele>255.08</ele>
      </trkpt>
      <trkpt lat="45.372680369764566" lon="22.221739003434777">
        <ele>255.3</ele>
      </trkpt>
      <trkpt lat="45.372697468847036" lon="22.221729950979352">
        <ele>255.52</ele>
      </trkpt>
      <trkpt lat="45.37271959707141" lon="22.221717461943626">
        <ele>255.75</ele>
      </trkpt>
      <trkpt lat="45.372736444696784" lon="22.2217118460685">
        <ele>255.97</ele>
      </trkpt>
      <trkpt lat="45.37274105474353" lon="22.221711091697216">
        <ele>256.19</ele>
      </trkpt>
      <trkpt lat="45.372747592628" lon="22.221710588783026">
        <ele>256.4</ele>
      </trkpt>
      <trkpt lat="45.372765362262726" lon="22.22170975059271">
        <ele>256.61</ele>
      </trkpt>
      <trkpt lat="45.37278162315488" lon="22.221706146374345">
        <ele>256.82</ele>
      </trkpt>
      <trkpt lat="45.37279788404703" lon="22.22169902175665">
        <ele>257.04</ele>
      </trkpt>
      <trkpt lat="45.37281389348209" lon="22.221691897138953">
        <ele>257.26</ele>
      </trkpt>
      <trkpt lat="45.37282655015588" lon="22.22168292850256">
        <ele>257.47</ele>
      </trkpt>
      <trkpt lat="45.37283870391548" lon="22.221672534942627">
        <ele>257.68</ele>
      </trkpt>
      <trkpt lat="45.37284809164703" lon="22.221663650125265">
        <ele>257.89</ele>
      </trkpt>
      <trkpt lat="45.37285110913217" lon="22.2216618899256">
        <ele>258.09</ele>
      </trkpt>
      <trkpt lat="45.37285689264536" lon="22.22164923325181">
        <ele>258.3</ele>
      </trkpt>
      <trkpt lat="45.37287399172783" lon="22.22163406200707">
        <ele>258.5</ele>
      </trkpt>
      <trkpt lat="45.37288824096322" lon="22.221625009551644">
        <ele>258.7</ele>
      </trkpt>
      <trkpt lat="45.37290768697858" lon="22.221615286543965">
        <ele>258.89</ele>
      </trkpt>
      <trkpt lat="45.37292419932783" lon="22.22159408032894">
        <ele>259.09</ele>
      </trkpt>
      <trkpt lat="45.37293517962098" lon="22.221574634313583">
        <ele>259.27</ele>
      </trkpt>
      <trkpt lat="45.37295328453183" lon="22.221556697040796">
        <ele>259.45</ele>
      </trkpt>
      <trkpt lat="45.37296485155821" lon="22.221542615443468">
        <ele>259.63</ele>
      </trkpt>
      <trkpt lat="45.37297289818525" lon="22.221529707312584">
        <ele>259.8</ele>
      </trkpt>
      <trkpt lat="45.37298111245036" lon="22.221514200791717">
        <ele>259.96</ele>
      </trkpt>
      <trkpt lat="45.37299167364836" lon="22.22149819135666">
        <ele>260.12</ele>
      </trkpt>
      <trkpt lat="45.37299511022866" lon="22.22149391658604">
        <ele>260.27</ele>
      </trkpt>
      <trkpt lat="45.373005168512464" lon="22.22148838452995">
        <ele>260.42</ele>
      </trkpt>
      <trkpt lat="45.37303182296455" lon="22.22148067317903">
        <ele>260.56</ele>
      </trkpt>
      <trkpt lat="45.373046239838004" lon="22.221474973484874">
        <ele>260.69</ele>
      </trkpt>
      <trkpt lat="45.373055543750525" lon="22.221463657915592">
        <ele>260.82</ele>
      </trkpt>
      <trkpt lat="45.37306853570044" lon="22.221447061747313">
        <ele>260.94</ele>
      </trkpt>
      <trkpt lat="45.373083958402276" lon="22.22143423743546">
        <ele>261.06</ele>
      </trkpt>
      <trkpt lat="45.37309896200895" lon="22.22142158076167">
        <ele>261.17</ele>
      </trkpt>
      <trkpt lat="45.373115139082074" lon="22.221418898552656">
        <ele>261.27</ele>
      </trkpt>
      <trkpt lat="45.37313508801162" lon="22.221403224393725">
        <ele>261.36</ele>
      </trkpt>
      <trkpt lat="45.373145900666714" lon="22.221392579376698">
        <ele>261.45</ele>
      </trkpt>
      <trkpt lat="45.373159144073725" lon="22.22138394601643">
        <ele>261.53</ele>
      </trkpt>
      <trkpt lat="45.37317615933716" lon="22.221378413960338">
        <ele>261.6</ele>
      </trkpt>
      <trkpt lat="45.373197700828314" lon="22.221367098391056">
        <ele>261.67</ele>
      </trkpt>
      <trkpt lat="45.37321169860661" lon="22.22135066986084">
        <ele>261.74</ele>
      </trkpt>
      <trkpt lat="45.37323667667806" lon="22.221336839720607">
        <ele>261.8</ele>
      </trkpt>
      <trkpt lat="45.373257799074054" lon="22.221327451989055">
        <ele>261.86</ele>
      </trkpt>
      <trkpt lat="45.37327137775719" lon="22.221318315714598">
        <ele>261.91</ele>
      </trkpt>
      <trkpt lat="45.373286129906774" lon="22.221309263259172">
        <ele>261.95</ele>
      </trkpt>
      <trkpt lat="45.37330582737923" lon="22.22129685804248">
        <ele>261.99</ele>
      </trkpt>
      <trkpt lat="45.37332560867071" lon="22.221284452825785">
        <ele>262.03</ele>
      </trkpt>
      <trkpt lat="45.373350754380226" lon="22.221268359571695">
        <ele>262.07</ele>
      </trkpt>
      <trkpt lat="45.37336642853916" lon="22.221256541088223">
        <ele>262.1</ele>
      </trkpt>
      <trkpt lat="45.37338403053582" lon="22.221243465319276">
        <ele>262.14</ele>
      </trkpt>
      <trkpt lat="45.37339735776186" lon="22.22123055718839">
        <ele>262.17</ele>
      </trkpt>
      <trkpt lat="45.37340993061662" lon="22.221224438399076">
        <ele>262.2</ele>
      </trkpt>
      <trkpt lat="45.373421078547835" lon="22.221214547753334">
        <ele>262.23</ele>
      </trkpt>
      <trkpt lat="45.37342828698456" lon="22.221202477812767">
        <ele>262.26</ele>
      </trkpt>
      <trkpt lat="45.37344639189541" lon="22.221185211092234">
        <ele>262.29</ele>
      </trkpt>
      <trkpt lat="45.37346198223531" lon="22.221161825582385">
        <ele>262.32</ele>
      </trkpt>
      <trkpt lat="45.3734593000263" lon="22.221130477264524">
        <ele>262.36</ele>
      </trkpt>
      <trkpt lat="45.37345896475017" lon="22.221123185008764">
        <ele>262.39</ele>
      </trkpt>
      <trkpt lat="45.37346416153014" lon="22.22111949697137">
        <ele>262.43</ele>
      </trkpt>
      <trkpt lat="45.37347128614783" lon="22.22111312672496">
        <ele>262.46</ele>
      </trkpt>
      <trkpt lat="45.37347413599491" lon="22.221109606325626">
        <ele>262.5</ele>
      </trkpt>
      <trkpt lat="45.37347556091845" lon="22.221106085926294">
        <ele>262.55</ele>
      </trkpt>
      <trkpt lat="45.3734799195081" lon="22.22109753638506">
        <ele>262.59</ele>
      </trkpt>
      <trkpt lat="45.37348385900259" lon="22.221073983237147">
        <ele>262.65</ele>
      </trkpt>
      <trkpt lat="45.37348436191678" lon="22.22105939872563">
        <ele>262.71</ele>
      </trkpt>
      <trkpt lat="45.3734852001071" lon="22.221048586070538">
        <ele>262.77</ele>
      </trkpt>
      <trkpt lat="45.373497353866696" lon="22.22102335654199">
        <ele>262.84</ele>
      </trkpt>
      <trkpt lat="45.37350062280893" lon="22.221012795343995">
        <ele>262.92</ele>
      </trkpt>
      <trkpt lat="45.37349953316152" lon="22.220993265509605">
        <ele>263.01</ele>
      </trkpt>
      <trkpt lat="45.37349861115217" lon="22.22098815254867">
        <ele>263.09</ele>
      </trkpt>
      <trkpt lat="45.37350439466536" lon="22.22097205929458">
        <ele>263.19</ele>
      </trkpt>
      <trkpt lat="45.37350590340793" lon="22.220957474783063">
        <ele>263.29</ele>
      </trkpt>
      <trkpt lat="45.3735058195889" lon="22.220943812280893">
        <ele>263.4</ele>
      </trkpt>
      <trkpt lat="45.3735058195889" lon="22.220939956605434">
        <ele>263.52</ele>
      </trkpt>
      <trkpt lat="45.37350498139858" lon="22.220933502539992">
        <ele>263.64</ele>
      </trkpt>
      <trkpt lat="45.373505149036646" lon="22.220895867794752">
        <ele>263.79</ele>
      </trkpt>
      <trkpt lat="45.3735058195889" lon="22.220890671014786">
        <ele>263.93</ele>
      </trkpt>
      <trkpt lat="45.373505065217614" lon="22.220866782590747">
        <ele>264.08</ele>
      </trkpt>
      <trkpt lat="45.37350548431277" lon="22.220850689336658">
        <ele>264.24</ele>
      </trkpt>
      <trkpt lat="45.37350531667471" lon="22.220833422616124">
        <ele>264.42</ele>
      </trkpt>
      <trkpt lat="45.373502215370536" lon="22.220811462029815">
        <ele>264.6</ele>
      </trkpt>
      <trkpt lat="45.37349944934249" lon="22.220796374604106">
        <ele>264.79</ele>
      </trkpt>
      <trkpt lat="45.3734989464283" lon="22.220781706273556">
        <ele>264.99</ele>
      </trkpt>
      <trkpt lat="45.37350246682763" lon="22.220766954123974">
        <ele>265.2</ele>
      </trkpt>
      <trkpt lat="45.37350196391344" lon="22.22076184116304">
        <ele>265.41</ele>
      </trkpt>
      <trkpt lat="45.373502718284726" lon="22.220758069306612">
        <ele>265.63</ele>
      </trkpt>
      <trkpt lat="45.37350204773247" lon="22.22075496800244">
        <ele>265.87</ele>
      </trkpt>
      <trkpt lat="45.37349509075284" lon="22.220739629119635">
        <ele>266.12</ele>
      </trkpt>
      <trkpt lat="45.3734817635268" lon="22.22070132382214">
        <ele>266.4</ele>
      </trkpt>
      <trkpt lat="45.373477237299085" lon="22.22068950533867">
        <ele>266.68</ele>
      </trkpt>
      <trkpt lat="45.373473884537816" lon="22.220684979110956">
        <ele>266.95</ele>
      </trkpt>
      <trkpt lat="45.373471453785896" lon="22.220675591379404">
        <ele>267.24</ele>
      </trkpt>
      <trkpt lat="45.373463993892074" lon="22.220661425963044">
        <ele>267.54</ele>
      </trkpt>
      <trkpt lat="45.37346323952079" lon="22.220646757632494">
        <ele>267.85</ele>
      </trkpt>
      <trkpt lat="45.37345636636019" lon="22.220632005482912">
        <ele>268.17</ele>
      </trkpt>
      <trkpt lat="45.373450331389904" lon="22.220616582781076">
        <ele>268.51</ele>
      </trkpt>
      <trkpt lat="45.37344949319959" lon="22.220607111230493">
        <ele>268.84</ele>
      </trkpt>
      <trkpt lat="45.3734471462667" lon="22.220605853945017">
        <ele>269.18</ele>
      </trkpt>
      <trkpt lat="45.37344563752413" lon="22.220600489526987">
        <ele>269.53</ele>
      </trkpt>
      <trkpt lat="45.37343700416386" lon="22.22058883868158">
        <ele>269.89</ele>
      </trkpt>
      <trkpt lat="45.37343465723097" lon="22.220586156472564">
        <ele>270.25</ele>
      </trkpt>
      <trkpt lat="45.37343113683164" lon="22.220579367130995">
        <ele>270.63</ele>
      </trkpt>
      <trkpt lat="45.37342233583331" lon="22.220566039904952">
        <ele>271.02</ele>
      </trkpt>
      <trkpt lat="45.37340993061662" lon="22.220547599717975">
        <ele>271.41</ele>
      </trkpt>
      <trkpt lat="45.37340288981795" lon="22.220530500635505">
        <ele>271.82</ele>
      </trkpt>
      <trkpt lat="45.3733969386667" lon="22.220519771799445">
        <ele>272.22</ele>
      </trkpt>
      <trkpt lat="45.37339442409575" lon="22.22051667049527">
        <ele>272.63</ele>
      </trkpt>
      <trkpt lat="45.373379001393914" lon="22.22049999050796">
        <ele>273.05</ele>
      </trkpt>
      <trkpt lat="45.3733485750854" lon="22.220460092648864">
        <ele>273.49</ele>
      </trkpt>
      <trkpt lat="45.37332745268941" lon="22.220446430146694">
        <ele>273.92</ele>
      </trkpt>
      <trkpt lat="45.37331756204367" lon="22.22043846733868">
        <ele>274.34</ele>
      </trkpt>
      <trkpt lat="45.3732174821198" lon="22.22039680927992">
        <ele>274.8</ele>
      </trkpt>
      <trkpt lat="45.373110361397266" lon="22.22034794278443">
        <ele>275.26</ele>
      </trkpt>
      <trkpt lat="45.37306015379727" lon="22.22031617537141">
        <ele>275.71</ele>
      </trkpt>
      <trkpt lat="45.37297524511814" lon="22.22024979069829">
        <ele>276.18</ele>
      </trkpt>
      <trkpt lat="45.37295227870345" lon="22.220231601968408">
        <ele>276.61</ele>
      </trkpt>
      <trkpt lat="45.37293367087841" lon="22.220221124589443">
        <ele>277.04</ele>
      </trkpt>
      <trkpt lat="45.372911375015974" lon="22.220211317762733">
        <ele>277.47</ele>
      </trkpt>
      <trkpt lat="45.37290718406439" lon="22.22020830027759">
        <ele>277.89</ele>
      </trkpt>
      <trkpt lat="45.37288857623935" lon="22.220194973051548">
        <ele>278.31</ele>
      </trkpt>
      <trkpt lat="45.372877093032" lon="22.22018726170063">
        <ele>278.73</ele>
      </trkpt>
      <trkpt lat="45.37286032922566" lon="22.22017116844654">
        <ele>279.14</ele>
      </trkpt>
      <trkpt lat="45.37284079939127" lon="22.220151303336024">
        <ele>279.56</ele>
      </trkpt>
      <trkpt lat="45.37283023819327" lon="22.22013931721449">
        <ele>279.97</ele>
      </trkpt>
      <trkpt lat="45.372807355597615" lon="22.220130767673254">
        <ele>280.37</ele>
      </trkpt>
      <trkpt lat="45.372787825763226" lon="22.22011827863753">
        <ele>280.77</ele>
      </trkpt>
      <trkpt lat="45.37277625873685" lon="22.22010511904955">
        <ele>281.16</ele>
      </trkpt>
      <trkpt lat="45.372759997844696" lon="22.220088187605143">
        <ele>281.55</ele>
      </trkpt>
      <trkpt lat="45.372745748609304" lon="22.220071842893958">
        <ele>281.93</ele>
      </trkpt>
      <trkpt lat="45.37273024208844" lon="22.220050804316998">
        <ele>282.31</ele>
      </trkpt>
      <trkpt lat="45.37271624431014" lon="22.22002356313169">
        <ele>282.69</ele>
      </trkpt>
      <trkpt lat="45.37269847467542" lon="22.220003362745047">
        <ele>283.06</ele>
      </trkpt>
      <trkpt lat="45.37268405780196" lon="22.219981234520674">
        <ele>283.42</ele>
      </trkpt>
      <trkpt lat="45.3726698923856" lon="22.21995960921049">
        <ele>283.78</ele>
      </trkpt>
      <trkpt lat="45.372669557109475" lon="22.21994334831834">
        <ele>284.13</ele>
      </trkpt>
      <trkpt lat="45.37266293540597" lon="22.219921136274934">
        <ele>284.47</ele>
      </trkpt>
      <trkpt lat="45.37265572696924" lon="22.219897834584117">
        <ele>284.8</ele>
      </trkpt>
      <trkpt lat="45.37264575250447" lon="22.21987361088395">
        <ele>285.13</ele>
      </trkpt>
      <trkpt lat="45.37263401784003" lon="22.21985299140215">
        <ele>285.44</ele>
      </trkpt>
      <trkpt lat="45.37261859513819" lon="22.219833629205823">
        <ele>285.75</ele>
      </trkpt>
      <trkpt lat="45.3726146556437" lon="22.21982030197978">
        <ele>286.05</ele>
      </trkpt>
      <trkpt lat="45.37260627374053" lon="22.21980077214539">
        <ele>286.35</ele>
      </trkpt>
      <trkpt lat="45.372596802189946" lon="22.219781493768096">
        <ele>286.63</ele>
      </trkpt>
      <trkpt lat="45.37258573807776" lon="22.219766322523355">
        <ele>286.91</ele>
      </trkpt>
      <trkpt lat="45.37257777526975" lon="22.219752743840218">
        <ele>287.18</ele>
      </trkpt>
      <trkpt lat="45.372566962614655" lon="22.21973665058613">
        <ele>287.44</ele>
      </trkpt>
      <trkpt lat="45.3725628554821" lon="22.219722736626863">
        <ele>287.69</ele>
      </trkpt>
      <trkpt lat="45.37255531176925" lon="22.219710247591138">
        <ele>287.94</ele>
      </trkpt>
      <trkpt lat="45.37254659458995" lon="22.21969373524189">
        <ele>288.18</ele>
      </trkpt>
      <trkpt lat="45.37254072725773" lon="22.21967227756977">
        <ele>288.42</ele>
      </trkpt>
      <trkpt lat="45.37253930233419" lon="22.21965081989765">
        <ele>288.65</ele>
      </trkpt>
      <trkpt lat="45.37253477610648" lon="22.219631290063262">
        <ele>288.87</ele>
      </trkpt>
      <trkpt lat="45.37252220325172" lon="22.219605892896652">
        <ele>289.08</ele>
      </trkpt>
      <trkpt lat="45.37251206114888" lon="22.219583932310343">
        <ele>289.29</ele>
      </trkpt>
      <trkpt lat="45.37250309251249" lon="22.219560714438558">
        <ele>289.49</ele>
      </trkpt>
      <trkpt lat="45.372490184381604" lon="22.21953791566193">
        <ele>289.69</ele>
      </trkpt>
      <trkpt lat="45.372480880469084" lon="22.219516625627875">
        <ele>289.88</ele>
      </trkpt>
      <trkpt lat="45.372471660375595" lon="22.21949676051736">
        <ele>290.06</ele>
      </trkpt>
      <trkpt lat="45.372459422796965" lon="22.219478571787477">
        <ele>290.24</ele>
      </trkpt>
      <trkpt lat="45.37244953215122" lon="22.21945912577212">
        <ele>290.41</ele>
      </trkpt>
      <trkpt lat="45.37244115024805" lon="22.219436997547746">
        <ele>290.58</ele>
      </trkpt>
      <trkpt lat="45.37243218161166" lon="22.219415036961436">
        <ele>290.74</ele>
      </trkpt>
      <trkpt lat="45.37241726182401" lon="22.21939223818481">
        <ele>290.9</ele>
      </trkpt>
      <trkpt lat="45.3724058624357" lon="22.21937170252204">
        <ele>291.05</ele>
      </trkpt>
      <trkpt lat="45.37239429540932" lon="22.2193496581167">
        <ele>291.2</ele>
      </trkpt>
      <trkpt lat="45.37238557823002" lon="22.219331050291657">
        <ele>291.35</ele>
      </trkpt>
      <trkpt lat="45.37237719632685" lon="22.21931353211403">
        <ele>291.49</ele>
      </trkpt>
      <trkpt lat="45.37236973643303" lon="22.219292409718037">
        <ele>291.62</ele>
      </trkpt>
      <trkpt lat="45.37235624156892" lon="22.219268437474966">
        <ele>291.76</ele>
      </trkpt>
      <trkpt lat="45.37234568037093" lon="22.21924622543156">
        <ele>291.89</ele>
      </trkpt>
      <trkpt lat="45.37233553826809" lon="22.21922460012138">
        <ele>292.02</ele>
      </trkpt>
      <trkpt lat="45.372327072545886" lon="22.219205405563116">
        <ele>292.15</ele>
      </trkpt>
      <trkpt lat="45.37232145667076" lon="22.219185708090663">
        <ele>292.28</ele>
      </trkpt>
      <trkpt lat="45.37231634370983" lon="22.219166262075305">
        <ele>292.4</ele>
      </trkpt>
      <trkpt lat="45.37230863235891" lon="22.21914798952639">
        <ele>292.53</ele>
      </trkpt>
      <trkpt lat="45.372301675379276" lon="22.21912896260619">
        <ele>292.65</ele>
      </trkpt>
      <trkpt lat="45.372297735884786" lon="22.219108510762453">
        <ele>292.78</ele>
      </trkpt>
      <trkpt lat="45.372290862724185" lon="22.219086047261953">
        <ele>292.91</ele>
      </trkpt>
      <trkpt lat="45.37228365428746" lon="22.219064757227898">
        <ele>293.04</ele>
      </trkpt>
      <trkpt lat="45.37227560766041" lon="22.219044137746096">
        <ele>293.17</ele>
      </trkpt>
      <trkpt lat="45.37226538173854" lon="22.219025613740087">
        <ele>293.31</ele>
      </trkpt>
      <trkpt lat="45.37225356325507" lon="22.219007089734077">
        <ele>293.45</ele>
      </trkpt>
      <trkpt lat="45.372247444465756" lon="22.218988901004195">
        <ele>293.59</ele>
      </trkpt>
      <trkpt lat="45.37224425934255" lon="22.21896953880787">
        <ele>293.73</ele>
      </trkpt>
      <trkpt lat="45.37223554216325" lon="22.218950344249606">
        <ele>293.87</ele>
      </trkpt>
      <trkpt lat="45.37222556769848" lon="22.21893098205328">
        <ele>294.02</ele>
      </trkpt>
      <trkpt lat="45.37221592850983" lon="22.218914218246937">
        <ele>294.18</ele>
      </trkpt>
      <trkpt lat="45.37220503203571" lon="22.218896616250277">
        <ele>294.33</ele>
      </trkpt>
      <trkpt lat="45.37219732068479" lon="22.218877924606204">
        <ele>294.49</ele>
      </trkpt>
      <trkpt lat="45.37219296209514" lon="22.21886015497148">
        <ele>294.66</ele>
      </trkpt>
      <trkpt lat="45.37218692712486" lon="22.218842636793852">
        <ele>294.83</ele>
      </trkpt>
      <trkpt lat="45.372179886326194" lon="22.21882302314043">
        <ele>295.0</ele>
      </trkpt>
      <trkpt lat="45.37217418663204" lon="22.218805672600865">
        <ele>295.18</ele>
      </trkpt>
      <trkpt lat="45.37216798402369" lon="22.218780107796192">
        <ele>295.37</ele>
      </trkpt>
      <trkpt lat="45.372162871062756" lon="22.218759572133422">
        <ele>295.56</ele>
      </trkpt>
      <trkpt lat="45.37216152995825" lon="22.218750100582838">
        <ele>295.75</ele>
      </trkpt>
      <trkpt lat="45.37215775810182" lon="22.218743227422237">
        <ele>295.95</ele>
      </trkpt>
      <trkpt lat="45.3721466101706" lon="22.218726966530085">
        <ele>296.15</ele>
      </trkpt>
      <trkpt lat="45.37214049138129" lon="22.218709532171488">
        <ele>296.36</ele>
      </trkpt>
      <trkpt lat="45.37213806062937" lon="22.218702072277665">
        <ele>296.57</ele>
      </trkpt>
      <trkpt lat="45.37213512696326" lon="22.218693187460303">
        <ele>296.79</ele>
      </trkpt>
      <trkpt lat="45.37212263792753" lon="22.218673657625914">
        <ele>297.02</ele>
      </trkpt>
      <trkpt lat="45.37210931070149" lon="22.2186519484967">
        <ele>297.25</ele>
      </trkpt>
      <trkpt lat="45.372095396742225" lon="22.21862453967333">
        <ele>297.49</ele>
      </trkpt>
      <trkpt lat="45.372086595743895" lon="22.218595957383513">
        <ele>297.74</ele>
      </trkpt>
      <trkpt lat="45.372075363993645" lon="22.218575589358807">
        <ele>297.98</ele>
      </trkpt>
      <trkpt lat="45.37206145003438" lon="22.218556813895702">
        <ele>298.23</ele>
      </trkpt>
      <trkpt lat="45.37204778753221" lon="22.218536529690027">
        <ele>298.49</ele>
      </trkpt>
      <trkpt lat="45.37203705869615" lon="22.218512892723083">
        <ele>298.74</ele>
      </trkpt>
      <trkpt lat="45.37202708423138" lon="22.218486657366157">
        <ele>299.0</ele>
      </trkpt>
      <trkpt lat="45.372017193585634" lon="22.218467546626925">
        <ele>299.26</ele>
      </trkpt>
      <trkpt lat="45.37200051359832" lon="22.21844717860222">
        <ele>299.53</ele>
      </trkpt>
      <trkpt lat="45.37198366597295" lon="22.218425637111068">
        <ele>299.8</ele>
      </trkpt>
      <trkpt lat="45.371965309605" lon="22.218401413410902">
        <ele>300.07</ele>
      </trkpt>
      <trkpt lat="45.37194946780801" lon="22.218378111720085">
        <ele>300.35</ele>
      </trkpt>
      <trkpt lat="45.3719394095242" lon="22.218357156962156">
        <ele>300.62</ele>
      </trkpt>
      <trkpt lat="45.371937649324536" lon="22.218338130041957">
        <ele>300.89</ele>
      </trkpt>
      <trkpt lat="45.37191870622337" lon="22.21831432543695">
        <ele>301.16</ele>
      </trkpt>
      <trkpt lat="45.37189548835158" lon="22.21828943118453">
        <ele>301.44</ele>
      </trkpt>
      <trkpt lat="45.37188325077295" lon="22.21826596185565">
        <ele>301.72</ele>
      </trkpt>
      <trkpt lat="45.37186791189015" lon="22.218246683478355">
        <ele>301.99</ele>
      </trkpt>
      <trkpt lat="45.37185927852988" lon="22.2182288300246">
        <ele>302.26</ele>
      </trkpt>
      <trkpt lat="45.371847627684474" lon="22.218208461999893">
        <ele>302.53</ele>
      </trkpt>
      <trkpt lat="45.37182994186878" lon="22.218196811154485">
        <ele>302.8</ele>
      </trkpt>
      <trkpt lat="45.3718048799783" lon="22.218172838911414">
        <ele>303.07</ele>
      </trkpt>
      <trkpt lat="45.37179624661803" lon="22.21815842203796">
        <ele>303.34</ele>
      </trkpt>
      <trkpt lat="45.371790546923876" lon="22.21814920194447">
        <ele>303.59</ele>
      </trkpt>
      <trkpt lat="45.37177939899266" lon="22.218138054013252">
        <ele>303.85</ele>
      </trkpt>
      <trkpt lat="45.37176959216595" lon="22.21812715753913">
        <ele>304.11</ele>
      </trkpt>
      <trkpt lat="45.37176053971052" lon="22.218114333227277">
        <ele>304.36</ele>
      </trkpt>
      <trkpt lat="45.371747966855764" lon="22.218100503087044">
        <ele>304.62</ele>
      </trkpt>
      <trkpt lat="45.37173598073423" lon="22.218089355155826">
        <ele>304.87</ele>
      </trkpt>
      <trkpt lat="45.37172726355493" lon="22.21808072179556">
        <ele>305.11</ele>
      </trkpt>
      <trkpt lat="45.37171008065343" lon="22.21807200461626">
        <ele>305.36</ele>
      </trkpt>
      <trkpt lat="45.37169851362705" lon="22.21806169487536">
        <ele>305.6</ele>
      </trkpt>
      <trkpt lat="45.37168661132455" lon="22.218047529459">
        <ele>305.84</ele>
      </trkpt>
      <trkpt lat="45.371670769527555" lon="22.21803135238588">
        <ele>306.08</ele>
      </trkpt>
      <trkpt lat="45.37165777757764" lon="22.218019114807248">
        <ele>306.31</ele>
      </trkpt>
      <trkpt lat="45.37164612673223" lon="22.218007883057">
        <ele>306.54</ele>
      </trkpt>
      <trkpt lat="45.37163673900068" lon="22.21800545230508">
        <ele>306.76</ele>
      </trkpt>
      <trkpt lat="45.371623914688826" lon="22.21800411120057">
        <ele>306.98</ele>
      </trkpt>
      <trkpt lat="45.37161377258599" lon="22.217998830601573">
        <ele>307.2</ele>
      </trkpt>
      <trkpt lat="45.37160161882639" lon="22.21799095161259">
        <ele>307.41</ele>
      </trkpt>
      <trkpt lat="45.371586782857776" lon="22.21797569654882">
        <ele>307.63</ele>
      </trkpt>
      <trkpt lat="45.371572617441416" lon="22.21796253696084">
        <ele>307.84</ele>
      </trkpt>
      <trkpt lat="45.371560296043754" lon="22.217952897772193">
        <ele>308.05</ele>
      </trkpt>
      <trkpt lat="45.37154973484576" lon="22.217939905822277">
        <ele>308.26</ele>
      </trkpt>
      <trkpt lat="45.37154068239033" lon="22.217923142015934">
        <ele>308.46</ele>
      </trkpt>
      <trkpt lat="45.37153037264943" lon="22.217906713485718">
        <ele>308.67</ele>
      </trkpt>
      <trkpt lat="45.37150874733925" lon="22.217893386259675">
        <ele>308.87</ele>
      </trkpt>
      <trkpt lat="45.37148636765778" lon="22.21788232214749">
        <ele>309.07</ele>
      </trkpt>
      <trkpt lat="45.371469017118216" lon="22.217870000749826">
        <ele>309.27</ele>
      </trkpt>
      <trkpt lat="45.37145082838833" lon="22.217857092618942">
        <ele>309.46</ele>
      </trkpt>
      <trkpt lat="45.3714354056865" lon="22.21784284338355">
        <ele>309.66</ele>
      </trkpt>
      <trkpt lat="45.37142249755561" lon="22.217824989929795">
        <ele>309.85</ele>
      </trkpt>
      <trkpt lat="45.37141042761505" lon="22.21780956722796">
        <ele>310.04</ele>
      </trkpt>
      <trkpt lat="45.37139089778066" lon="22.217798251658678">
        <ele>310.23</ele>
      </trkpt>
      <trkpt lat="45.37137539125979" lon="22.217788780108094">
        <ele>310.41</ele>
      </trkpt>
      <trkpt lat="45.371361980214715" lon="22.217779057100415">
        <ele>310.6</ele>
      </trkpt>
      <trkpt lat="45.371347814798355" lon="22.217767406255007">
        <ele>310.78</ele>
      </trkpt>
      <trkpt lat="45.37132912315428" lon="22.217754581943154">
        <ele>310.96</ele>
      </trkpt>
      <trkpt lat="45.37131302990019" lon="22.21774117089808">
        <ele>311.15</ele>
      </trkpt>
      <trkpt lat="45.371299367398024" lon="22.21772558055818">
        <ele>311.33</ele>
      </trkpt>
      <trkpt lat="45.37128612399101" lon="22.217712169513106">
        <ele>311.5</ele>
      </trkpt>
      <trkpt lat="45.37126927636564" lon="22.217696327716112">
        <ele>311.68</ele>
      </trkpt>
      <trkpt lat="45.371253937482834" lon="22.21767956390977">
        <ele>311.85</ele>
      </trkpt>
      <trkpt lat="45.37123600021005" lon="22.217660453170538">
        <ele>312.02</ele>
      </trkpt>
      <trkpt lat="45.37122334353626" lon="22.217645701020956">
        <ele>312.19</ele>
      </trkpt>
      <trkpt lat="45.37120842374861" lon="22.21763262525201">
        <ele>312.36</ele>
      </trkpt>
      <trkpt lat="45.371193839237094" lon="22.21761762164533">
        <ele>312.52</ele>
      </trkpt>
      <trkpt lat="45.37118059583008" lon="22.217602282762527">
        <ele>312.68</ele>
      </trkpt>
      <trkpt lat="45.3711711242795" lon="22.217590464279056">
        <ele>312.84</ele>
      </trkpt>
      <trkpt lat="45.37116140127182" lon="22.217576634138823">
        <ele>313.0</ele>
      </trkpt>
      <trkpt lat="45.371147906407714" lon="22.217561127617955">
        <ele>313.16</ele>
      </trkpt>
      <trkpt lat="45.371137680485845" lon="22.217541681602597">
        <ele>313.32</ele>
      </trkpt>
      <trkpt lat="45.37112653255463" lon="22.21752575598657">
        <ele>313.48</ele>
      </trkpt>
      <trkpt lat="45.37111144512892" lon="22.21750857308507">
        <ele>313.63</ele>
      </trkpt>
      <trkpt lat="45.37110021337867" lon="22.217492312192917">
        <ele>313.79</ele>
      </trkpt>
      <trkpt lat="45.37109266966581" lon="22.21747823059559">
        <ele>313.94</ele>
      </trkpt>
      <trkpt lat="45.37108646705747" lon="22.217463478446007">
        <ele>314.09</ele>
      </trkpt>
      <trkpt lat="45.371080012992024" lon="22.217453084886074">
        <ele>314.24</ele>
      </trkpt>
      <trkpt lat="45.37107389420271" lon="22.217440847307444">
        <ele>314.39</ele>
      </trkpt>
      <trkpt lat="45.37106668576598" lon="22.217431208118796">
        <ele>314.54</ele>
      </trkpt>
      <trkpt lat="45.37105528637767" lon="22.217419305816293">
        <ele>314.69</ele>
      </trkpt>
      <trkpt lat="45.3710450604558" lon="22.217405643314123">
        <ele>314.84</ele>
      </trkpt>
      <trkpt lat="45.3710344992578" lon="22.217392651364207">
        <ele>314.98</ele>
      </trkpt>
      <trkpt lat="45.371024860069156" lon="22.2173791565001">
        <ele>315.13</ele>
      </trkpt>
      <trkpt lat="45.371015556156635" lon="22.21736842766404">
        <ele>315.28</ele>
      </trkpt>
      <trkpt lat="45.3710019774735" lon="22.217359375208616">
        <ele>315.43</ele>
      </trkpt>
      <trkpt lat="45.3709861356765" lon="22.217344120144844">
        <ele>315.58</ele>
      </trkpt>
      <trkpt lat="45.37097557447851" lon="22.217330373823643">
        <ele>315.72</ele>
      </trkpt>
      <trkpt lat="45.37096777930856" lon="22.217318220064044">
        <ele>315.87</ele>
      </trkpt>
      <trkpt lat="45.37095269188285" lon="22.217305060476065">
        <ele>316.01</ele>
      </trkpt>
      <trkpt lat="45.37093944847584" lon="22.21729659475386">
        <ele>316.16</ele>
      </trkpt>
      <trkpt lat="45.37092343904078" lon="22.217289386317134">
        <ele>316.3</ele>
      </trkpt>
      <trkpt lat="45.37090541794896" lon="22.21728276461363">
        <ele>316.44</ele>
      </trkpt>
      <trkpt lat="45.37088295444846" lon="22.21727647818625">
        <ele>316.59</ele>
      </trkpt>
      <trkpt lat="45.370861077681184" lon="22.217270359396935">
        <ele>316.73</ele>
      </trkpt>
      <trkpt lat="45.37084666080773" lon="22.217268766835332">
        <ele>316.87</ele>
      </trkpt>
      <trkpt lat="45.37083157338202" lon="22.21726717427373">
        <ele>317.01</ele>
      </trkpt>
      <trkpt lat="45.37081656977534" lon="22.21726030111313">
        <ele>317.15</ele>
      </trkpt>
      <trkpt lat="45.37080190144479" lon="22.217252673581243">
        <ele>317.29</ele>
      </trkpt>
      <trkpt lat="45.370786311104894" lon="22.217244626954198">
        <ele>317.42</ele>
      </trkpt>
      <trkpt lat="45.37076611071825" lon="22.217234820127487">
        <ele>317.56</ele>
      </trkpt>
      <trkpt lat="45.3707480058074" lon="22.217223336920142">
        <ele>317.69</ele>
      </trkpt>
      <trkpt lat="45.37072805687785" lon="22.217213110998273">
        <ele>317.82</ele>
      </trkpt>
      <trkpt lat="45.37071171216667" lon="22.21720020286739">
        <ele>317.95</ele>
      </trkpt>
      <trkpt lat="45.37069821730256" lon="22.217190731316805">
        <ele>318.08</ele>
      </trkpt>
      <trkpt lat="45.370688661932945" lon="22.217175643891096">
        <ele>318.21</ele>
      </trkpt>
      <trkpt lat="45.37067282013595" lon="22.217161813750863">
        <ele>318.33</ele>
      </trkpt>
      <trkpt lat="45.37065697833896" lon="22.217149659991264">
        <ele>318.46</ele>
      </trkpt>
      <trkpt lat="45.37064147181809" lon="22.217141781002283">
        <ele>318.59</ele>
      </trkpt>
      <trkpt lat="45.37062428891659" lon="22.217132225632668">
        <ele>318.71</ele>
      </trkpt>
      <trkpt lat="45.37060769274831" lon="22.2171219997108">
        <ele>318.84</ele>
      </trkpt>
      <trkpt lat="45.37059503607452" lon="22.21711286343634">
        <ele>318.97</ele>
      </trkpt>
      <trkpt lat="45.37058330141008" lon="22.217103643342853">
        <ele>319.09</ele>
      </trkpt>
      <trkpt lat="45.370565950870514" lon="22.217092663049698">
        <ele>319.22</ele>
      </trkpt>
      <trkpt lat="45.370552791282535" lon="22.217082353308797">
        <ele>319.34</ele>
      </trkpt>
      <trkpt lat="45.37053904496133" lon="22.217073971405625">
        <ele>319.47</ele>
      </trkpt>
      <trkpt lat="45.3705286514014" lon="22.217065170407295">
        <ele>319.59</ele>
      </trkpt>
      <trkpt lat="45.370519515126944" lon="22.21705519594252">
        <ele>319.72</ele>
      </trkpt>
      <trkpt lat="45.37051163613796" lon="22.217040276154876">
        <ele>319.84</ele>
      </trkpt>
      <trkpt lat="45.37050426006317" lon="22.21702736802399">
        <ele>319.97</ele>
      </trkpt>
      <trkpt lat="45.3704924415797" lon="22.21701362170279">
        <ele>320.1</ele>
      </trkpt>
      <trkpt lat="45.3704818803817" lon="22.21700289286673">
        <ele>320.22</ele>
      </trkpt>
      <trkpt lat="45.37047299556434" lon="22.216995432972908">
        <ele>320.35</ele>
      </trkpt>
      <trkpt lat="45.37045958451927" lon="22.21698428504169">
        <ele>320.48</ele>
      </trkpt>
      <trkpt lat="45.370446341112256" lon="22.216970371082425">
        <ele>320.61</ele>
      </trkpt>
      <trkpt lat="45.37043686956167" lon="22.21695452928543">
        <ele>320.74</ele>
      </trkpt>
      <trkpt lat="45.37042463198304" lon="22.216934831812978">
        <ele>320.87</ele>
      </trkpt>
      <trkpt lat="45.37041423842311" lon="22.216917229816318">
        <ele>321.0</ele>
      </trkpt>
      <trkpt lat="45.37040124647319" lon="22.216898538172245">
        <ele>321.14</ele>
      </trkpt>
      <trkpt lat="45.37039236165583" lon="22.216879092156887">
        <ele>321.27</ele>
      </trkpt>
      <trkpt lat="45.37038213573396" lon="22.216861741617322">
        <ele>321.41</ele>
      </trkpt>
      <trkpt lat="45.37037752568722" lon="22.216841876506805">
        <ele>321.54</ele>
      </trkpt>
      <trkpt lat="45.37037333473563" lon="22.21682352013886">
        <ele>321.68</ele>
      </trkpt>
      <trkpt lat="45.370366377756" lon="22.216806588694453">
        <ele>321.81</ele>
      </trkpt>
      <trkpt lat="45.37035858258605" lon="22.216782700270414">
        <ele>321.95</ele>
      </trkpt>
      <trkpt lat="45.37034818902612" lon="22.216762080788612">
        <ele>322.09</ele>
      </trkpt>
      <trkpt lat="45.37033821456134" lon="22.216747077181935">
        <ele>322.23</ele>
      </trkpt>
      <trkpt lat="45.370331928133965" lon="22.21672830171883">
        <ele>322.37</ele>
      </trkpt>
      <trkpt lat="45.37032815627754" lon="22.216713214293122">
        <ele>322.52</ele>
      </trkpt>
      <trkpt lat="45.37032547406852" lon="22.216694271191955">
        <ele>322.66</ele>
      </trkpt>
      <trkpt lat="45.37032237276435" lon="22.216669460758567">
        <ele>322.8</ele>
      </trkpt>
      <trkpt lat="45.37032094784081" lon="22.216649930924177">
        <ele>322.95</ele>
      </trkpt>
      <trkpt lat="45.37031834945083" lon="22.21663056872785">
        <ele>323.09</ele>
      </trkpt>
      <trkpt lat="45.37031013518572" lon="22.216609278693795">
        <ele>323.23</ele>
      </trkpt>
      <trkpt lat="45.370301166549325" lon="22.21659142524004">
        <ele>323.38</ele>
      </trkpt>
      <trkpt lat="45.37029169499874" lon="22.216573236510158">
        <ele>323.53</ele>
      </trkpt>
      <trkpt lat="45.37028918042779" lon="22.21655429340899">
        <ele>323.68</ele>
      </trkpt>
      <trkpt lat="45.3702886775136" lon="22.216533003374934">
        <ele>323.84</ele>
      </trkpt>
      <trkpt lat="45.37029068917036" lon="22.21651431173086">
        <ele>323.99</ele>
      </trkpt>
      <trkpt lat="45.370289431884885" lon="22.216492518782616">
        <ele>324.14</ele>
      </trkpt>
      <trkpt lat="45.370288426056504" lon="22.216468462720513">
        <ele>324.3</ele>
      </trkpt>
      <trkpt lat="45.37028817459941" lon="22.216446083039045">
        <ele>324.46</ele>
      </trkpt>
      <trkpt lat="45.37028934806585" lon="22.21642781049013">
        <ele>324.62</ele>
      </trkpt>
      <trkpt lat="45.37029169499874" lon="22.216409957036376">
        <ele>324.78</ele>
      </trkpt>
      <trkpt lat="45.370282139629126" lon="22.216384056955576">
        <ele>324.94</ele>
      </trkpt>
      <trkpt lat="45.37028096616268" lon="22.21635648049414">
        <ele>325.11</ele>
      </trkpt>
      <trkpt lat="45.37028515711427" lon="22.216332340613008">
        <ele>325.27</ele>
      </trkpt>
      <trkpt lat="45.37027711048722" lon="22.216299064457417">
        <ele>325.44</ele>
      </trkpt>
      <trkpt lat="45.37027216516435" lon="22.216265117749572">
        <ele>325.61</ele>
      </trkpt>
      <trkpt lat="45.3702714946121" lon="22.216232931241393">
        <ele>325.78</ele>
      </trkpt>
      <trkpt lat="45.37027174606919" lon="22.21620585769415">
        <ele>325.94</ele>
      </trkpt>
      <trkpt lat="45.37027501501143" lon="22.216170988976955">
        <ele>326.12</ele>
      </trkpt>
      <trkpt lat="45.3702868334949" lon="22.216124469414353">
        <ele>326.29</ele>
      </trkpt>
      <trkpt lat="45.37029513157904" lon="22.21608859486878">
        <ele>326.46</ele>
      </trkpt>
      <trkpt lat="45.37031181156635" lon="22.2160495352">
        <ele>326.63</ele>
      </trkpt>
      <trkpt lat="45.37032195366919" lon="22.216007374227047">
        <ele>326.81</ele>
      </trkpt>
      <trkpt lat="45.370328491553664" lon="22.2159562446177">
        <ele>326.99</ele>
      </trkpt>
      <trkpt lat="45.3703299164772" lon="22.215911904349923">
        <ele>327.17</ele>
      </trkpt>
      <trkpt lat="45.37034039385617" lon="22.215864630416036">
        <ele>327.35</ele>
      </trkpt>
      <trkpt lat="45.370347518473864" lon="22.215820709243417">
        <ele>327.54</ele>
      </trkpt>
      <trkpt lat="45.3703595045954" lon="22.215788271278143">
        <ele>327.73</ele>
      </trkpt>
      <trkpt lat="45.370372496545315" lon="22.215749882161617">
        <ele>327.92</ele>
      </trkpt>
      <trkpt lat="45.3703819680959" lon="22.215710654854774">
        <ele>328.11</ele>
      </trkpt>
      <trkpt lat="45.370386159047484" lon="22.215660698711872">
        <ele>328.3</ele>
      </trkpt>
      <trkpt lat="45.37036587484181" lon="22.215601773932576">
        <ele>328.51</ele>
      </trkpt>
      <trkpt lat="45.37035137414932" lon="22.215546956285834">
        <ele>328.71</ele>
      </trkpt>
      <trkpt lat="45.37034668028355" lon="22.215493312105536">
        <ele>328.91</ele>
      </trkpt>
      <trkpt lat="45.37034148350358" lon="22.215448636561632">
        <ele>329.11</ele>
      </trkpt>
      <trkpt lat="45.37036235444248" lon="22.215363644063473">
        <ele>329.31</ele>
      </trkpt>
      <trkpt lat="45.37039261311293" lon="22.215280076488853">
        <ele>329.5</ele>
      </trkpt>
      <trkpt lat="45.37040367722511" lon="22.215242609381676">
        <ele>329.69</ele>
      </trkpt>
      <trkpt lat="45.37040987983346" lon="22.215197598561645">
        <ele>329.88</ele>
      </trkpt>
      <trkpt lat="45.37041909992695" lon="22.215163400396705">
        <ele>330.06</ele>
      </trkpt>
      <trkpt lat="45.370431672781706" lon="22.215136410668492">
        <ele>330.23</ele>
      </trkpt>
      <trkpt lat="45.370443826541305" lon="22.21510992385447">
        <ele>330.4</ele>
      </trkpt>
      <trkpt lat="45.370453633368015" lon="22.21505024470389">
        <ele>330.59</ele>
      </trkpt>
      <trkpt lat="45.37045145407319" lon="22.215017806738615">
        <ele>330.77</ele>
      </trkpt>
      <trkpt lat="45.37044994533062" lon="22.214984698221087">
        <ele>330.95</ele>
      </trkpt>
      <trkpt lat="45.37045572884381" lon="22.2149477340281">
        <ele>331.12</ele>
      </trkpt>
      <trkpt lat="45.370466290041804" lon="22.21491303294897">
        <ele>331.29</ele>
      </trkpt>
      <trkpt lat="45.37047031335533" lon="22.214869866147637">
        <ele>331.46</ele>
      </trkpt>
      <trkpt lat="45.370474671944976" lon="22.21483130939305">
        <ele>331.62</ele>
      </trkpt>
      <trkpt lat="45.37047986872494" lon="22.21479283645749">
        <ele>331.78</ele>
      </trkpt>
      <trkpt lat="45.37048020400107" lon="22.214745981618762">
        <ele>331.95</ele>
      </trkpt>
      <trkpt lat="45.37048992700875" lon="22.214710526168346">
        <ele>332.11</ele>
      </trkpt>
      <trkpt lat="45.37049830891192" lon="22.214677333831787">
        <ele>332.26</ele>
      </trkpt>
      <trkpt lat="45.370509373024106" lon="22.21464372240007">
        <ele>332.42</ele>
      </trkpt>
      <trkpt lat="45.37051540799439" lon="22.214607261121273">
        <ele>332.57</ele>
      </trkpt>
      <trkpt lat="45.37051985040307" lon="22.214574068784714">
        <ele>332.72</ele>
      </trkpt>
      <trkpt lat="45.370526472106576" lon="22.214547330513597">
        <ele>332.87</ele>
      </trkpt>
      <trkpt lat="45.370536195114255" lon="22.21451723948121">
        <ele>333.02</ele>
      </trkpt>
      <trkpt lat="45.370555305853486" lon="22.21448538824916">
        <ele>333.17</ele>
      </trkpt>
      <trkpt lat="45.370566034689546" lon="22.214454794302583">
        <ele>333.32</ele>
      </trkpt>
      <trkpt lat="45.37057735025883" lon="22.214419255033135">
        <ele>333.47</ele>
      </trkpt>
      <trkpt lat="45.37059662863612" lon="22.214373238384724">
        <ele>333.63</ele>
      </trkpt>
      <trkpt lat="45.37060433998704" lon="22.21432319842279">
        <ele>333.77</ele>
      </trkpt>
      <trkpt lat="45.370613392442465" lon="22.214285898953676">
        <ele>333.92</ele>
      </trkpt>
      <trkpt lat="45.37062445655465" lon="22.21425136551261">
        <ele>334.06</ele>
      </trkpt>
      <trkpt lat="45.37064105272293" lon="22.214212054386735">
        <ele>334.21</ele>
      </trkpt>
      <trkpt lat="45.370657313615084" lon="22.214170899242163">
        <ele>334.37</ele>
      </trkpt>
      <trkpt lat="45.37068262696266" lon="22.214132929220796">
        <ele>334.54</ele>
      </trkpt>
      <trkpt lat="45.370711125433445" lon="22.21409110352397">
        <ele>334.71</ele>
      </trkpt>
      <trkpt lat="45.37072445265949" lon="22.21405204385519">
        <ele>334.86</ele>
      </trkpt>
      <trkpt lat="45.3707324154675" lon="22.214004853740335">
        <ele>335.01</ele>
      </trkpt>
      <trkpt lat="45.37074155174196" lon="22.213961854577065">
        <ele>335.17</ele>
      </trkpt>
      <trkpt lat="45.37075772881508" lon="22.213902343064547">
        <ele>335.33</ele>
      </trkpt>
      <trkpt lat="45.37077868357301" lon="22.213868480175734">
        <ele>335.5</ele>
      </trkpt>
      <trkpt lat="45.37080424837768" lon="22.21382816322148">
        <ele>335.67</ele>
      </trkpt>
      <trkpt lat="45.37082294002175" lon="22.213791366666555">
        <ele>335.85</ele>
      </trkpt>
      <trkpt lat="45.370832327753305" lon="22.213754151016474">
        <ele>336.04</ele>
      </trkpt>
      <trkpt lat="45.370858227834105" lon="22.213722383603454">
        <ele>336.23</ele>
      </trkpt>
      <trkpt lat="45.370875746011734" lon="22.213688688352704">
        <ele>336.43</ele>
      </trkpt>
      <trkpt lat="45.37088337354362" lon="22.21363814547658">
        <ele>336.63</ele>
      </trkpt>
      <trkpt lat="45.370898209512234" lon="22.21359573304653">
        <ele>336.83</ele>
      </trkpt>
      <trkpt lat="45.37090793251991" lon="22.213565474376082">
        <ele>337.04</ele>
      </trkpt>
      <trkpt lat="45.37091790698469" lon="22.213537143543363">
        <ele>337.25</ele>
      </trkpt>
      <trkpt lat="45.370927546173334" lon="22.213502442464232">
        <ele>337.47</ele>
      </trkpt>
      <trkpt lat="45.37093768827617" lon="22.2134661488235">
        <ele>337.69</ele>
      </trkpt>
      <trkpt lat="45.3709499258548" lon="22.213438488543034">
        <ele>337.91</ele>
      </trkpt>
      <trkpt lat="45.370961241424084" lon="22.21341242082417">
        <ele>338.14</ele>
      </trkpt>
      <trkpt lat="45.370969120413065" lon="22.213382916525006">
        <ele>338.35</ele>
      </trkpt>
      <trkpt lat="45.37097683176398" lon="22.213349556550384">
        <ele>338.57</ele>
      </trkpt>
      <trkpt lat="45.37098353728652" lon="22.21332005225122">
        <ele>338.79</ele>
      </trkpt>
      <trkpt lat="45.37098973989487" lon="22.213289374485612">
        <ele>339.01</ele>
      </trkpt>
      <trkpt lat="45.37099803797901" lon="22.213259786367416">
        <ele>339.22</ele>
      </trkpt>
      <trkpt lat="45.37100801244378" lon="22.213234724476933">
        <ele>339.43</ele>
      </trkpt>
      <trkpt lat="45.37101622670889" lon="22.213214691728354">
        <ele>339.64</ele>
      </trkpt>
      <trkpt lat="45.37102209404111" lon="22.213194826617837">
        <ele>339.85</ele>
      </trkpt>
      <trkpt lat="45.37102980539203" lon="22.21317546442151">
        <ele>340.05</ele>
      </trkpt>
      <trkpt lat="45.37103592418134" lon="22.213153252378106">
        <ele>340.25</ele>
      </trkpt>
      <trkpt lat="45.37104472517967" lon="22.213132716715336">
        <ele>340.44</ele>
      </trkpt>
      <trkpt lat="45.371051765978336" lon="22.21310757100582">
        <ele>340.63</ele>
      </trkpt>
      <trkpt lat="45.371057549491525" lon="22.213072534650564">
        <ele>340.81</ele>
      </trkpt>
      <trkpt lat="45.37106324918568" lon="22.21304294653237">
        <ele>340.98</ele>
      </trkpt>
      <trkpt lat="45.37107213400304" lon="22.21301360987127">
        <ele>341.14</ele>
      </trkpt>
      <trkpt lat="45.37107976153493" lon="22.212980668991804">
        <ele>341.3</ele>
      </trkpt>
      <trkpt lat="45.3710828628391" lon="22.212947979569435">
        <ele>341.43</ele>
      </trkpt>
      <trkpt lat="45.371086383238435" lon="22.212912356480956">
        <ele>341.56</ele>
      </trkpt>
      <trkpt lat="45.37109694443643" lon="22.212881008163095">
        <ele>341.68</ele>
      </trkpt>
      <trkpt lat="45.37111236713827" lon="22.21284563653171">
        <ele>341.78</ele>
      </trkpt>
      <trkpt lat="45.37112141959369" lon="22.21281244419515">
        <ele>341.87</ele>
      </trkpt>
      <trkpt lat="45.37113005295396" lon="22.212777826935053">
        <ele>341.96</ele>
      </trkpt>
      <trkpt lat="45.37112175486982" lon="22.212737426161766">
        <ele>342.02</ele>
      </trkpt>
      <trkpt lat="45.37112225778401" lon="22.21270238980651">
        <ele>342.08</ele>
      </trkpt>
      <trkpt lat="45.37112242542207" lon="22.212668862193823">
        <ele>342.12</ele>
      </trkpt>
      <trkpt lat="45.37111882120371" lon="22.212630724534392">
        <ele>342.15</ele>
      </trkpt>
      <trkpt lat="45.37110943347216" lon="22.212587893009186">
        <ele>342.17</ele>
      </trkpt>
      <trkpt lat="45.371106918901205" lon="22.212551850825548">
        <ele>342.17</ele>
      </trkpt>
      <trkpt lat="45.37110524252057" lon="22.21249778755009">
        <ele>342.16</ele>
      </trkpt>
      <trkpt lat="45.371111361309886" lon="22.21245571039617">
        <ele>342.13</ele>
      </trkpt>
      <trkpt lat="45.37112468853593" lon="22.21242737956345">
        <ele>342.09</ele>
      </trkpt>
      <trkpt lat="45.37113097496331" lon="22.21240634098649">
        <ele>342.04</ele>
      </trkpt>
      <trkpt lat="45.37113290280104" lon="22.212381279096007">
        <ele>341.98</ele>
      </trkpt>
      <trkpt lat="45.37113063968718" lon="22.212335094809532">
        <ele>341.9</ele>
      </trkpt>
      <trkpt lat="45.371140111237764" lon="22.212294777855277">
        <ele>341.81</ele>
      </trkpt>
      <trkpt lat="45.37115796469152" lon="22.212256137281656">
        <ele>341.71</ele>
      </trkpt>
      <trkpt lat="45.37116341292858" lon="22.21219578757882">
        <ele>341.59</ele>
      </trkpt>
      <trkpt lat="45.371176321059465" lon="22.212149687111378">
        <ele>341.44</ele>
      </trkpt>
      <trkpt lat="45.37118059583008" lon="22.212104005739093">
        <ele>341.29</ele>
      </trkpt>
      <trkpt lat="45.371185122057796" lon="22.21204181201756">
        <ele>341.13</ele>
      </trkpt>
      <trkpt lat="45.37120113149285" lon="22.211974505335093">
        <ele>340.95</ele>
      </trkpt>
      <trkpt lat="45.37121177650988" lon="22.21191775985062">
        <ele>340.76</ele>
      </trkpt>
      <trkpt lat="45.371218817308545" lon="22.21186059527099">
        <ele>340.57</ele>
      </trkpt>
      <trkpt lat="45.371240777894855" lon="22.211807034909725">
        <ele>340.37</ele>
      </trkpt>
      <trkpt lat="45.37125653587282" lon="22.211756743490696">
        <ele>340.16</ele>
      </trkpt>
      <trkpt lat="45.37126491777599" lon="22.211631601676345">
        <ele>339.95</ele>
      </trkpt>
      <trkpt lat="45.37131235934794" lon="22.21152540296316">
        <ele>339.7</ele>
      </trkpt>
      <trkpt lat="45.37131814286113" lon="22.211422808468342">
        <ele>339.45</ele>
      </trkpt>
      <trkpt lat="45.37133490666747" lon="22.211360866203904">
        <ele>339.2</ele>
      </trkpt>
      <trkpt lat="45.371359549462795" lon="22.211303701624274">
        <ele>338.93</ele>
      </trkpt>
      <trkpt lat="45.37139190360904" lon="22.211248548701406">
        <ele>338.66</ele>
      </trkpt>
      <trkpt lat="45.37146222777665" lon="22.211191719397902">
        <ele>338.37</ele>
      </trkpt>
      <trkpt lat="45.37151235155761" lon="22.211123323068023">
        <ele>338.08</ele>
      </trkpt>
      <trkpt lat="45.37154143676162" lon="22.21106993034482">
        <ele>337.8</ele>
      </trkpt>
      <trkpt lat="45.37155635654926" lon="22.2110156994313">
        <ele>337.52</ele>
      </trkpt>
      <trkpt lat="45.371575970202684" lon="22.210958283394575">
        <ele>337.24</ele>
      </trkpt>
      <trkpt lat="45.37159692496061" lon="22.210896592587233">
        <ele>336.96</ele>
      </trkpt>
      <trkpt lat="45.371612180024385" lon="22.21084278076887">
        <ele>336.69</ele>
      </trkpt>
      <trkpt lat="45.37161184474826" lon="22.210772037506104">
        <ele>336.42</ele>
      </trkpt>
      <trkpt lat="45.37159047089517" lon="22.210703138262033">
        <ele>336.16</ele>
      </trkpt>
      <trkpt lat="45.37161679007113" lon="22.210580930113792">
        <ele>335.9</ele>
      </trkpt>
      <trkpt lat="45.37164059467614" lon="22.21052225679159">
        <ele>335.65</ele>
      </trkpt>
      <trkpt lat="45.371652748435736" lon="22.210462410002947">
        <ele>335.4</ele>
      </trkpt>
      <trkpt lat="45.37166750058532" lon="22.21039853990078">
        <ele>335.15</ele>
      </trkpt>
      <trkpt lat="45.37171888165176" lon="22.210256215184927">
        <ele>334.89</ele>
      </trkpt>
      <trkpt lat="45.37173396907747" lon="22.210207348689437">
        <ele>334.68</ele>
      </trkpt>
      <trkpt lat="45.37173614837229" lon="22.210156051442027">
        <ele>334.47</ele>
      </trkpt>
      <trkpt lat="45.3717358969152" lon="22.210109867155552">
        <ele>334.28</ele>
      </trkpt>
      <trkpt lat="45.371733382344246" lon="22.21000517718494">
        <ele>334.09</ele>
      </trkpt>
      <trkpt lat="45.371738662943244" lon="22.209951616823673">
        <ele>333.93</ele>
      </trkpt>
      <trkpt lat="45.37174771539867" lon="22.20982781611383">
        <ele>333.76</ele>
      </trkpt>
      <trkpt lat="45.37174570374191" lon="22.209684988483787">
        <ele>333.61</ele>
      </trkpt>
      <trkpt lat="45.37172835320234" lon="22.209572922438383">
        <ele>333.49</ele>
      </trkpt>
      <trkpt lat="45.371729945763946" lon="22.20953310839832">
        <ele>333.39</ele>
      </trkpt>
      <trkpt lat="45.37174042314291" lon="22.209491869434714">
        <ele>333.31</ele>
      </trkpt>
      <trkpt lat="45.371751906350255" lon="22.209448283538222">
        <ele>333.25</ele>
      </trkpt>
      <trkpt lat="45.37176188081503" lon="22.209399417042732">
        <ele>333.21</ele>
      </trkpt>
      <trkpt lat="45.37177478894591" lon="22.209220798686147">
        <ele>333.18</ele>
      </trkpt>
      <trkpt lat="45.371778812259436" lon="22.209172267466784">
        <ele>333.18</ele>
      </trkpt>
      <trkpt lat="45.37177084945142" lon="22.20911485143006">
        <ele>333.19</ele>
      </trkpt>
      <trkpt lat="45.3717633895576" lon="22.20905089750886">
        <ele>333.23</ele>
      </trkpt>
      <trkpt lat="45.37174151279032" lon="22.208927180618048">
        <ele>333.29</ele>
      </trkpt>
      <trkpt lat="45.3716994356364" lon="22.20875677652657">
        <ele>333.38</ele>
      </trkpt>
      <trkpt lat="45.37167873233557" lon="22.20867949537933">
        <ele>333.48</ele>
      </trkpt>
      <trkpt lat="45.371661046519876" lon="22.208619313314557">
        <ele>333.6</ele>
      </trkpt>
      <trkpt lat="45.371627854183316" lon="22.208522586151958">
        <ele>333.74</ele>
      </trkpt>
      <trkpt lat="45.3715786524117" lon="22.208341537043452">
        <ele>333.9</ele>
      </trkpt>
      <trkpt lat="45.3715908061713" lon="22.20829451456666">
        <ele>334.08</ele>
      </trkpt>
      <trkpt lat="45.37159482948482" lon="22.208250844851136">
        <ele>334.26</ele>
      </trkpt>
      <trkpt lat="45.37160564213991" lon="22.208212036639452">
        <ele>334.47</ele>
      </trkpt>
      <trkpt lat="45.37161377258599" lon="22.20817423425615">
        <ele>334.68</ele>
      </trkpt>
      <trkpt lat="45.37162743508816" lon="22.208124781027436">
        <ele>334.91</ele>
      </trkpt>
      <trkpt lat="45.371624333783984" lon="22.208079686388373">
        <ele>335.14</ele>
      </trkpt>
      <trkpt lat="45.37161838263273" lon="22.208023024722934">
        <ele>335.38</ele>
      </trkpt>
      <trkpt lat="45.37163749337196" lon="22.207978768274188">
        <ele>335.65</ele>
      </trkpt>
      <trkpt lat="45.37165501154959" lon="22.207949347794056">
        <ele>335.91</ele>
      </trkpt>
      <trkpt lat="45.371666913852096" lon="22.20791623927653">
        <ele>336.19</ele>
      </trkpt>
      <trkpt lat="45.371679067611694" lon="22.207900565117598">
        <ele>336.47</ele>
      </trkpt>
      <trkpt lat="45.37168376147747" lon="22.20786896534264">
        <ele>336.75</ele>
      </trkpt>
      <trkpt lat="45.37167931906879" lon="22.207835018634796">
        <ele>337.04</ele>
      </trkpt>
      <trkpt lat="45.37167739123106" lon="22.20779998227954">
        <ele>337.33</ele>
      </trkpt>
      <trkpt lat="45.37165702320635" lon="22.207746421918273">
        <ele>337.62</ele>
      </trkpt>
      <trkpt lat="45.371653670445085" lon="22.2076793666929">
        <ele>337.92</ele>
      </trkpt>
      <trkpt lat="45.371661968529224" lon="22.207656567916274">
        <ele>338.21</ele>
      </trkpt>
      <trkpt lat="45.37167043425143" lon="22.207636199891567">
        <ele>338.51</ele>
      </trkpt>
      <trkpt lat="45.3716716915369" lon="22.20760610885918">
        <ele>338.81</ele>
      </trkpt>
      <trkpt lat="45.371669847518206" lon="22.2075585834682">
        <ele>339.1</ele>
      </trkpt>
      <trkpt lat="45.37167144007981" lon="22.2075102198869">
        <ele>339.4</ele>
      </trkpt>
      <trkpt lat="45.371683510020375" lon="22.207480212673545">
        <ele>339.7</ele>
      </trkpt>
      <trkpt lat="45.37169490940869" lon="22.20745448023081">
        <ele>339.99</ele>
      </trkpt>
      <trkpt lat="45.37171200849116" lon="22.207428580150008">
        <ele>340.29</ele>
      </trkpt>
      <trkpt lat="45.37173162214458" lon="22.207408463582397">
        <ele>340.58</ele>
      </trkpt>
      <trkpt lat="45.37174930796027" lon="22.20739295706153">
        <ele>340.86</ele>
      </trkpt>
      <trkpt lat="45.371767496690154" lon="22.20738281495869">
        <ele>341.14</ele>
      </trkpt>
      <trkpt lat="45.37179130129516" lon="22.20737585797906">
        <ele>341.41</ele>
      </trkpt>
      <trkpt lat="45.37181711755693" lon="22.20736663788557">
        <ele>341.67</ele>
      </trkpt>
      <trkpt lat="45.37183857522905" lon="22.207355238497257">
        <ele>341.92</ele>
      </trkpt>
      <trkpt lat="45.37186296656728" lon="22.207345347851515">
        <ele>342.16</ele>
      </trkpt>
      <trkpt lat="45.37188543006778" lon="22.207337049767375">
        <ele>342.39</ele>
      </trkpt>
      <trkpt lat="45.371909234672785" lon="22.207327913492918">
        <ele>342.6</ele>
      </trkpt>
      <trkpt lat="45.37193572148681" lon="22.20731684938073">
        <ele>342.81</ele>
      </trkpt>
      <trkpt lat="45.37195944227278" lon="22.207313077524304">
        <ele>342.99</ele>
      </trkpt>
      <trkpt lat="45.37197360768914" lon="22.20731039531529">
        <ele>343.16</ele>
      </trkpt>
      <trkpt lat="45.37198408506811" lon="22.207305785268545">
        <ele>343.31</ele>
      </trkpt>
      <trkpt lat="45.37199900485575" lon="22.207301510497928">
        <ele>343.46</ele>
      </trkpt>
      <trkpt lat="45.37201660685241" lon="22.20729472115636">
        <ele>343.58</ele>
      </trkpt>
      <trkpt lat="45.37203404121101" lon="22.207287261262536">
        <ele>343.7</ele>
      </trkpt>
      <trkpt lat="45.372049044817686" lon="22.20727913081646">
        <ele>343.79</ele>
      </trkpt>
      <trkpt lat="45.372065557166934" lon="22.20726597122848">
        <ele>343.87</ele>
      </trkpt>
      <trkpt lat="45.372085673734546" lon="22.207253063097596">
        <ele>343.93</ele>
      </trkpt>
      <trkpt lat="45.372109645977616" lon="22.20723856240511">
        <ele>343.98</ele>
      </trkpt>
      <trkpt lat="45.37213043309748" lon="22.207209980115294">
        <ele>344.0</ele>
      </trkpt>
      <trkpt lat="45.372154992073774" lon="22.207172848284245">
        <ele>344.02</ele>
      </trkpt>
      <trkpt lat="45.372183322906494" lon="22.207137141376734">
        <ele>344.02</ele>
      </trkpt>
      <trkpt lat="45.37222305312753" lon="22.207101183012128">
        <ele>344.0</ele>
      </trkpt>
      <trkpt lat="45.372257670387626" lon="22.207072181627154">
        <ele>343.97</ele>
      </trkpt>
      <trkpt lat="45.3723022621125" lon="22.20704074949026">
        <ele>343.94</ele>
      </trkpt>
      <trkpt lat="45.37234869785607" lon="22.207007305696607">
        <ele>343.89</ele>
      </trkpt>
      <trkpt lat="45.37240485660732" lon="22.206969503313303">
        <ele>343.83</ele>
      </trkpt>
      <trkpt lat="45.372452046722174" lon="22.206936897709966">
        <ele>343.76</ele>
      </trkpt>
      <trkpt lat="45.37249538116157" lon="22.206900101155043">
        <ele>343.68</ele>
      </trkpt>
      <trkpt lat="45.3725422360003" lon="22.206858526915312">
        <ele>343.6</ele>
      </trkpt>
      <trkpt lat="45.37259294651449" lon="22.20681837759912">
        <ele>343.5</ele>
      </trkpt>
      <trkpt lat="45.37264063954353" lon="22.206774037331343">
        <ele>343.4</ele>
      </trkpt>
      <trkpt lat="45.37269520573318" lon="22.206720393151045">
        <ele>343.31</ele>
      </trkpt>
      <trkpt lat="45.372756477445364" lon="22.20666146837175">
        <ele>343.21</ele>
      </trkpt>
      <trkpt lat="45.372803919017315" lon="22.206604722887278">
        <ele>343.1</ele>
      </trkpt>
      <trkpt lat="45.37285538390279" lon="22.206548815593123">
        <ele>343.0</ele>
      </trkpt>
      <trkpt lat="45.372904082760215" lon="22.206487962976098">
        <ele>342.9</ele>
      </trkpt>
      <trkpt lat="45.37299033254385" lon="22.206337172538042">
        <ele>342.81</ele>
      </trkpt>
      <trkpt lat="45.37298689596355" lon="22.206245809793472">
        <ele>342.72</ele>
      </trkpt>
      <trkpt lat="45.37298639304936" lon="22.20613676123321">
        <ele>342.62</ele>
      </trkpt>
      <trkpt lat="45.37301287986338" lon="22.206037938594818">
        <ele>342.54</ele>
      </trkpt>
      <trkpt lat="45.37304397672415" lon="22.205943139269948">
        <ele>342.45</ele>
      </trkpt>
      <trkpt lat="45.373060405254364" lon="22.205845322459936">
        <ele>342.37</ele>
      </trkpt>
      <trkpt lat="45.373084461316466" lon="22.20576577819884">
        <ele>342.3</ele>
      </trkpt>
      <trkpt lat="45.37312486208975" lon="22.2057038359344">
        <ele>342.25</ele>
      </trkpt>
      <trkpt lat="45.373149840161204" lon="22.205650359392166">
        <ele>342.21</ele>
      </trkpt>
      <trkpt lat="45.37316760979593" lon="22.20557877793908">
        <ele>342.18</ele>
      </trkpt>
      <trkpt lat="45.37320247851312" lon="22.205506693571806">
        <ele>342.16</ele>
      </trkpt>
      <trkpt lat="45.37323215045035" lon="22.205447433516383">
        <ele>342.14</ele>
      </trkpt>
      <trkpt lat="45.373237850144506" lon="22.20539839938283">
        <ele>342.12</ele>
      </trkpt>
      <trkpt lat="45.3732484113425" lon="22.205331092700362">
        <ele>342.12</ele>
      </trkpt>
      <trkpt lat="45.37324287928641" lon="22.205275101587176">
        <ele>342.11</ele>
      </trkpt>
      <trkpt lat="45.37323726341128" lon="22.205227576196194">
        <ele>342.1</ele>
      </trkpt>
      <trkpt lat="45.37323474884033" lon="22.205196227878332">
        <ele>342.08</ele>
      </trkpt>
      <trkpt lat="45.37322879768908" lon="22.205166136845946">
        <ele>342.06</ele>
      </trkpt>
      <trkpt lat="45.373216811567545" lon="22.205123221501708">
        <ele>342.05</ele>
      </trkpt>
      <trkpt lat="45.37317641079426" lon="22.20503093674779">
        <ele>342.03</ele>
      </trkpt>
      <trkpt lat="45.3731397818774" lon="22.20494342967868">
        <ele>342.02</ele>
      </trkpt>
      <trkpt lat="45.37307306192815" lon="22.204847959801555">
        <ele>341.99</ele>
      </trkpt>
      <trkpt lat="45.37304716184735" lon="22.204803870990872">
        <ele>341.96</ele>
      </trkpt>
      <trkpt lat="45.3730134665966" lon="22.204669257625937">
        <ele>341.95</ele>
      </trkpt>
      <trkpt lat="45.3730084374547" lon="22.204631371423602">
        <ele>341.92</ele>
      </trkpt>
      <trkpt lat="45.37299661897123" lon="22.204549396410584">
        <ele>341.87</ele>
      </trkpt>
      <trkpt lat="45.37298195064068" lon="22.204494075849652">
        <ele>341.82</ele>
      </trkpt>
      <trkpt lat="45.37296837195754" lon="22.204377399757504">
        <ele>341.76</ele>
      </trkpt>
      <trkpt lat="45.37296753376722" lon="22.20423004589975">
        <ele>341.7</ele>
      </trkpt>
      <trkpt lat="45.37298002280295" lon="22.203857386484742">
        <ele>341.62</ele>
      </trkpt>
      <trkpt lat="45.37296107970178" lon="22.203634595498443">
        <ele>341.54</ele>
      </trkpt>
      <trkpt lat="45.37293903529644" lon="22.203524373471737">
        <ele>341.46</ele>
      </trkpt>
      <trkpt lat="45.37293182685971" lon="22.20342085696757">
        <ele>341.37</ele>
      </trkpt>
      <trkpt lat="45.37293115630746" lon="22.203343408182263">
        <ele>341.3</ele>
      </trkpt>
      <trkpt lat="45.372933838516474" lon="22.20323326997459">
        <ele>341.22</ele>
      </trkpt>
      <trkpt lat="45.37293450906873" lon="22.203126568347216">
        <ele>341.13</ele>
      </trkpt>
      <trkpt lat="45.37294297479093" lon="22.2030237223953">
        <ele>341.04</ele>
      </trkpt>
      <trkpt lat="45.37295286543667" lon="22.202936550602317">
        <ele>340.96</ele>
      </trkpt>
      <trkpt lat="45.372972227633" lon="22.202862706035376">
        <ele>340.87</ele>
      </trkpt>
      <trkpt lat="45.373008185997605" lon="22.202705210074782">
        <ele>340.79</ele>
      </trkpt>
      <trkpt lat="45.37301514297724" lon="22.20265374518931">
        <ele>340.7</ele>
      </trkpt>
      <trkpt lat="45.37304196506739" lon="22.202572859823704">
        <ele>340.6</ele>
      </trkpt>
      <trkpt lat="45.37303475663066" lon="22.202496584504843">
        <ele>340.51</ele>
      </trkpt>
      <trkpt lat="45.373006593436" lon="22.20243296585977">
        <ele>340.41</ele>
      </trkpt>
      <trkpt lat="45.37296242080629" lon="22.202369179576635">
        <ele>340.33</ele>
      </trkpt>
      <trkpt lat="45.37292419932783" lon="22.202319726347923">
        <ele>340.26</ele>
      </trkpt>
      <trkpt lat="45.37289603613317" lon="22.20228251069784">
        <ele>340.2</ele>
      </trkpt>
      <trkpt lat="45.372854294255376" lon="22.20224814489484">
        <ele>340.14</ele>
      </trkpt>
      <trkpt lat="45.372813642024994" lon="22.202237751334906">
        <ele>340.08</ele>
      </trkpt>
      <trkpt lat="45.3727874904871" lon="22.202230375260115">
        <ele>340.04</ele>
      </trkpt>
      <trkpt lat="45.372745832428336" lon="22.20221151597798">
        <ele>339.99</ele>
      </trkpt>
      <trkpt lat="45.37270216271281" lon="22.202160470187664">
        <ele>339.97</ele>
      </trkpt>
      <trkpt lat="45.37267324514687" lon="22.202112693339586">
        <ele>339.96</ele>
      </trkpt>
      <trkpt lat="45.37265664897859" lon="22.202087296172976">
        <ele>339.95</ele>
      </trkpt>
      <trkpt lat="45.37262882106006" lon="22.202076399698853">
        <ele>339.94</ele>
      </trkpt>
      <trkpt lat="45.372579116374254" lon="22.202042872086167">
        <ele>339.95</ele>
      </trkpt>
      <trkpt lat="45.37244291044772" lon="22.201890405267477">
        <ele>339.99</ele>
      </trkpt>
      <trkpt lat="45.372444754466414" lon="22.201860984787345">
        <ele>340.01</ele>
      </trkpt>
      <trkpt lat="45.37242564372718" lon="22.201769538223743">
        <ele>340.05</ele>
      </trkpt>
      <trkpt lat="45.37241994403303" lon="22.201738273724914">
        <ele>340.09</ele>
      </trkpt>
      <trkpt lat="45.372419860213995" lon="22.201716816052794">
        <ele>340.13</ele>
      </trkpt>
      <trkpt lat="45.37241483107209" lon="22.201693514361978">
        <ele>340.19</ele>
      </trkpt>
      <trkpt lat="45.372400246560574" lon="22.20166241750121">
        <ele>340.25</ele>
      </trkpt>
      <trkpt lat="45.37237702868879" lon="22.201601900160313">
        <ele>340.33</ele>
      </trkpt>
      <trkpt lat="45.37237384356558" lon="22.201592847704887">
        <ele>340.41</ele>
      </trkpt>
      <trkpt lat="45.37236085161567" lon="22.201576251536608">
        <ele>340.49</ele>
      </trkpt>
      <trkpt lat="45.372321205213666" lon="22.201522439718246">
        <ele>340.6</ele>
      </trkpt>
      <trkpt lat="45.37230737507343" lon="22.20150106586516">
        <ele>340.7</ele>
      </trkpt>
      <trkpt lat="45.37229949608445" lon="22.20148539170623">
        <ele>340.8</ele>
      </trkpt>
      <trkpt lat="45.37228466011584" lon="22.201464185491204">
        <ele>340.91</ele>
      </trkpt>
      <trkpt lat="45.37226865068078" lon="22.20144499093294">
        <ele>341.03</ele>
      </trkpt>
      <trkpt lat="45.37225347943604" lon="22.201428897678852">
        <ele>341.16</ele>
      </trkpt>
      <trkpt lat="45.372249288484454" lon="22.20142437145114">
        <ele>341.28</ele>
      </trkpt>
      <trkpt lat="45.372237553820014" lon="22.201408864930272">
        <ele>341.41</ele>
      </trkpt>
      <trkpt lat="45.372189693152905" lon="22.20135102979839">
        <ele>341.56</ele>
      </trkpt>
      <trkpt lat="45.37217485718429" lon="22.201332421973348">
        <ele>341.7</ele>
      </trkpt>
      <trkpt lat="45.372150633484125" lon="22.2013106290251">
        <ele>341.85</ele>
      </trkpt>
      <trkpt lat="45.37211475893855" lon="22.20129202120006">
        <ele>342.01</ele>
      </trkpt>
      <trkpt lat="45.37209707312286" lon="22.20127542503178">
        <ele>342.16</ele>
      </trkpt>
      <trkpt lat="45.37208986468613" lon="22.201269641518593">
        <ele>342.32</ele>
      </trkpt>
      <trkpt lat="45.37207175977528" lon="22.201251536607742">
        <ele>342.48</ele>
      </trkpt>
      <trkpt lat="45.372047536075115" lon="22.201240807771683">
        <ele>342.65</ele>
      </trkpt>
      <trkpt lat="45.3720329515636" lon="22.20123284496367">
        <ele>342.81</ele>
      </trkpt>
      <trkpt lat="45.37201107479632" lon="22.201221445575356">
        <ele>342.98</ele>
      </trkpt>
      <trkpt lat="45.371994310989976" lon="22.20121675170958">
        <ele>343.16</ele>
      </trkpt>
      <trkpt lat="45.37197545170784" lon="22.20120451413095">
        <ele>343.33</ele>
      </trkpt>
      <trkpt lat="45.371956173330545" lon="22.201190600171685">
        <ele>343.51</ele>
      </trkpt>
      <trkpt lat="45.371949803084135" lon="22.201187079772353">
        <ele>343.69</ele>
      </trkpt>
      <trkpt lat="45.37193262018263" lon="22.201177943497896">
        <ele>343.87</ele>
      </trkpt>
      <trkpt lat="45.37192180752754" lon="22.201166544109583">
        <ele>344.06</ele>
      </trkpt>
      <trkpt lat="45.3719050437212" lon="22.201157407835126">
        <ele>344.25</ele>
      </trkpt>
      <trkpt lat="45.37188082002103" lon="22.201140727847815">
        <ele>344.44</ele>
      </trkpt>
      <trkpt lat="45.37186749279499" lon="22.201134944334626">
        <ele>344.64</ele>
      </trkpt>
      <trkpt lat="45.37184058688581" lon="22.201132597401738">
        <ele>344.84</ele>
      </trkpt>
      <trkpt lat="45.37182072177529" lon="22.20112438313663">
        <ele>345.04</ele>
      </trkpt>
      <trkpt lat="45.37179809063673" lon="22.201113738119602">
        <ele>345.24</ele>
      </trkpt>
      <trkpt lat="45.371773866936564" lon="22.201098315417767">
        <ele>345.45</ele>
      </trkpt>
      <trkpt lat="45.37175785750151" lon="22.20109119080007">
        <ele>345.67</ele>
      </trkpt>
      <trkpt lat="45.37172432988882" lon="22.201083730906248">
        <ele>345.89</ele>
      </trkpt>
      <trkpt lat="45.37170387804508" lon="22.201076857745647">
        <ele>346.11</ele>
      </trkpt>
      <trkpt lat="45.37166045978665" lon="22.201066045090556">
        <ele>346.34</ele>
      </trkpt>
      <trkpt lat="45.37163623608649" lon="22.20106277614832">
        <ele>346.57</ele>
      </trkpt>
      <trkpt lat="45.37161285057664" lon="22.20105447806418">
        <ele>346.82</ele>
      </trkpt>
      <trkpt lat="45.37158343009651" lon="22.20104617998004">
        <ele>347.06</ele>
      </trkpt>
      <trkpt lat="45.37157638929784" lon="22.201043497771025">
        <ele>347.31</ele>
      </trkpt>
      <trkpt lat="45.3715699352324" lon="22.201037127524614">
        <ele>347.56</ele>
      </trkpt>
      <trkpt lat="45.37155317142606" lon="22.201027739793062">
        <ele>347.82</ele>
      </trkpt>
      <trkpt lat="45.371537329629064" lon="22.201023548841476">
        <ele>348.09</ele>
      </trkpt>
      <trkpt lat="45.37152190692723" lon="22.201018016785383">
        <ele>348.36</ele>
      </trkpt>
      <trkpt lat="45.37149843759835" lon="22.201003516092896">
        <ele>348.63</ele>
      </trkpt>
      <trkpt lat="45.371480751782656" lon="22.200987925752997">
        <ele>348.92</ele>
      </trkpt>
      <trkpt lat="45.37144822999835" lon="22.200966216623783">
        <ele>349.21</ele>
      </trkpt>
      <trkpt lat="45.37142375484109" lon="22.200947860255837">
        <ele>349.5</ele>
      </trkpt>
      <trkpt lat="45.37139995023608" lon="22.200929671525955">
        <ele>349.8</ele>
      </trkpt>
      <trkpt lat="45.37137296050787" lon="22.200907543301582">
        <ele>350.11</ele>
      </trkpt>
      <trkpt lat="45.37135099992156" lon="22.20089128240943">
        <ele>350.42</ele>
      </trkpt>
      <trkpt lat="45.37132962606847" lon="22.200874937698245">
        <ele>350.73</ele>
      </trkpt>
      <trkpt lat="45.3713040612638" lon="22.2008565813303">
        <ele>351.05</ele>
      </trkpt>
      <trkpt lat="45.37127581425011" lon="22.200834788382053">
        <ele>351.37</ele>
      </trkpt>
      <trkpt lat="45.371255027130246" lon="22.200820622965693">
        <ele>351.7</ele>
      </trkpt>
      <trkpt lat="45.37123013287783" lon="22.200803691521287">
        <ele>352.03</ele>
      </trkpt>
      <trkpt lat="45.371193923056126" lon="22.200778126716614">
        <ele>352.37</ele>
      </trkpt>
      <trkpt lat="45.371178248897195" lon="22.200761111453176">
        <ele>352.7</ele>
      </trkpt>
      <trkpt lat="45.371146481484175" lon="22.2007408272475">
        <ele>353.04</ele>
      </trkpt>
      <trkpt lat="45.37109283730388" lon="22.20071098767221">
        <ele>353.39</ele>
      </trkpt>
      <trkpt lat="45.37106106989086" lon="22.20068508759141">
        <ele>353.74</ele>
      </trkpt>
      <trkpt lat="45.37103676237166" lon="22.200660780072212">
        <ele>354.08</ele>
      </trkpt>
      <trkpt lat="45.371010694652796" lon="22.200639322400093">
        <ele>354.43</ele>
      </trkpt>
      <trkpt lat="45.370992086827755" lon="22.200620966032147">
        <ele>354.77</ele>
      </trkpt>
      <trkpt lat="45.37095805630088" lon="22.200592970475554">
        <ele>355.12</ele>
      </trkpt>
      <trkpt lat="45.37093324586749" lon="22.20057712867856">
        <ele>355.47</ele>
      </trkpt>
      <trkpt lat="45.3709102794528" lon="22.20055860467255">
        <ele>355.81</ele>
      </trkpt>
      <trkpt lat="45.3708775062114" lon="22.200529016554356">
        <ele>356.15</ele>
      </trkpt>
      <trkpt lat="45.370823526754975" lon="22.20047394745052">
        <ele>356.5</ele>
      </trkpt>
      <trkpt lat="45.37082117982209" lon="22.200474785640836">
        <ele>356.82</ele>
      </trkpt>
      <trkpt lat="45.37081246264279" lon="22.200465481728315">
        <ele>357.14</ele>
      </trkpt>
      <trkpt lat="45.37078362889588" lon="22.20044762827456">
        <ele>357.47</ele>
      </trkpt>
      <trkpt lat="45.3707480058074" lon="22.200444862246513">
        <ele>357.79</ele>
      </trkpt>
      <trkpt lat="45.37071414291859" lon="22.20043044537306">
        <ele>358.11</ele>
      </trkpt>
      <trkpt lat="45.37068639881909" lon="22.200418207794428">
        <ele>358.42</ele>
      </trkpt>
      <trkpt lat="45.3706512786448" lon="22.20040848478675">
        <ele>358.72</ele>
      </trkpt>
      <trkpt lat="45.37061657756567" lon="22.200408317148685">
        <ele>359.02</ele>
      </trkpt>
      <trkpt lat="45.370595874264836" lon="22.200401443988085">
        <ele>359.3</ele>
      </trkpt>
      <trkpt lat="45.37059520371258" lon="22.200409909710288">
        <ele>359.57</ele>
      </trkpt>
      <trkpt lat="45.37058196030557" lon="22.200416699051857">
        <ele>359.83</ele>
      </trkpt>
      <trkpt lat="45.37055413238704" lon="22.20042273402214">
        <ele>360.09</ele>
      </trkpt>
      <trkpt lat="45.37052655592561" lon="22.2004456166178">
        <ele>360.34</ele>
      </trkpt>
      <trkpt lat="45.37051264196634" lon="22.200455171987414">
        <ele>360.58</ele>
      </trkpt>
      <trkpt lat="45.37050677463412" lon="22.20046422444284">
        <ele>360.8</ele>
      </trkpt>
      <trkpt lat="45.37049973383546" lon="22.20047252252698">
        <ele>361.02</ele>
      </trkpt>
      <trkpt lat="45.3704924415797" lon="22.200480988249183">
        <ele>361.23</ele>
      </trkpt>
      <trkpt lat="45.370491268113256" lon="22.200484508648515">
        <ele>361.42</ele>
      </trkpt>
      <trkpt lat="45.37048330530524" lon="22.200489789247513">
        <ele>361.62</ele>
      </trkpt>
      <trkpt lat="45.37047450430691" lon="22.20050680451095">
        <ele>361.8</ele>
      </trkpt>
      <trkpt lat="45.37046318873763" lon="22.20050915144384">
        <ele>361.98</ele>
      </trkpt>
      <trkpt lat="45.37045036442578" lon="22.200514264404774">
        <ele>362.15</ele>
      </trkpt>
      <trkpt lat="45.370436450466514" lon="22.200520215556026">
        <ele>362.32</ele>
      </trkpt>
      <trkpt lat="45.37042211741209" lon="22.20052381977439">
        <ele>362.48</ele>
      </trkpt>
      <trkpt lat="45.370409712195396" lon="22.200525077059865">
        <ele>362.63</ele>
      </trkpt>
      <trkpt lat="45.37039554677904" lon="22.20052918419242">
        <ele>362.78</ele>
      </trkpt>
      <trkpt lat="45.3703817166388" lon="22.200534716248512">
        <ele>362.92</ele>
      </trkpt>
      <trkpt lat="45.37036604247987" lon="22.20053748227656">
        <ele>363.05</ele>
      </trkpt>
      <trkpt lat="45.37035061977804" lon="22.20053899101913">
        <ele>363.19</ele>
      </trkpt>
      <trkpt lat="45.3703336045146" lon="22.200548630207777">
        <ele>363.31</ele>
      </trkpt>
      <trkpt lat="45.37031256593764" lon="22.20055357553065">
        <ele>363.43</ele>
      </trkpt>
      <trkpt lat="45.37030108273029" lon="22.200551815330982">
        <ele>363.55</ele>
      </trkpt>
      <trkpt lat="45.37029806524515" lon="22.200549216941">
        <ele>363.66</ele>
      </trkpt>
      <trkpt lat="45.37029311992228" lon="22.200548630207777">
        <ele>363.77</ele>
      </trkpt>
      <trkpt lat="45.370282139629126" lon="22.20054871402681">
        <ele>363.87</ele>
      </trkpt>
      <trkpt lat="45.3702662140131" lon="22.200545109808445">
        <ele>363.98</ele>
      </trkpt>
      <trkpt lat="45.37024383433163" lon="22.200534800067544">
        <ele>364.08</ele>
      </trkpt>
      <trkpt lat="45.370227908715606" lon="22.20052876509726">
        <ele>364.18</ele>
      </trkpt>
      <trkpt lat="45.370212737470865" lon="22.20052088610828">
        <ele>364.28</ele>
      </trkpt>
      <trkpt lat="45.370198488235474" lon="22.20051267184317">
        <ele>364.38</ele>
      </trkpt>
      <trkpt lat="45.37017778493464" lon="22.200499093160033">
        <ele>364.48</ele>
      </trkpt>
      <trkpt lat="45.37016278132796" lon="22.200485849753022">
        <ele>364.58</ele>
      </trkpt>
      <trkpt lat="45.370150711387396" lon="22.200475791469216">
        <ele>364.68</ele>
      </trkpt>
      <trkpt lat="45.37013025954366" lon="22.20046087168157">
        <ele>364.77</ele>
      </trkpt>
      <trkpt lat="45.370113495737314" lon="22.20043983310461">
        <ele>364.88</ele>
      </trkpt>
      <trkpt lat="45.37010905332863" lon="22.20042172819376">
        <ele>364.98</ele>
      </trkpt>
      <trkpt lat="45.370109640061855" lon="22.200396163389087">
        <ele>365.08</ele>
      </trkpt>
      <trkpt lat="45.3701092209667" lon="22.200365653261542">
        <ele>365.19</ele>
      </trkpt>
      <trkpt lat="45.37010855041444" lon="22.20033581368625">
        <ele>365.29</ele>
      </trkpt>
      <trkpt lat="45.370104694738984" lon="22.20031284727156">
        <ele>365.4</ele>
      </trkpt>
      <trkpt lat="45.37009078077972" lon="22.20028434880078">
        <ele>365.51</ele>
      </trkpt>
      <trkpt lat="45.37007745355368" lon="22.200259789824486">
        <ele>365.62</ele>
      </trkpt>
      <trkpt lat="45.37006261758506" lon="22.20023062080145">
        <ele>365.73</ele>
      </trkpt>
      <trkpt lat="45.37004970945418" lon="22.200207905843854">
        <ele>365.84</ele>
      </trkpt>
      <trkpt lat="45.37004065699875" lon="22.200184520334005">
        <ele>365.95</ele>
      </trkpt>
      <trkpt lat="45.370033951476216" lon="22.200162056833506">
        <ele>366.06</ele>
      </trkpt>
      <trkpt lat="45.370007045567036" lon="22.2001295350492">
        <ele>366.18</ele>
      </trkpt>
      <trkpt lat="45.369994807988405" lon="22.200103886425495">
        <ele>366.3</ele>
      </trkpt>
      <trkpt lat="45.36998441442847" lon="22.200081003829837">
        <ele>366.42</ele>
      </trkpt>
      <trkpt lat="45.36997594870627" lon="22.200062815099955">
        <ele>366.54</ele>
      </trkpt>
      <trkpt lat="45.36996974609792" lon="22.200047224760056">
        <ele>366.66</ele>
      </trkpt>
      <trkpt lat="45.369941582903266" lon="22.200021408498287">
        <ele>366.79</ele>
      </trkpt>
      <trkpt lat="45.36992817185819" lon="22.200006488710642">
        <ele>366.91</ele>
      </trkpt>
      <trkpt lat="45.36991543136537" lon="22.199993915855885">
        <ele>367.05</ele>
      </trkpt>
      <trkpt lat="45.369895566254854" lon="22.199967429041862">
        <ele>367.18</ele>
      </trkpt>
      <trkpt lat="45.36988592706621" lon="22.199951419606805">
        <ele>367.33</ele>
      </trkpt>
      <trkpt lat="45.36985591985285" lon="22.199921580031514">
        <ele>367.47</ele>
      </trkpt>
      <trkpt lat="45.369827672839165" lon="22.19989148899913">
        <ele>367.63</ele>
      </trkpt>
      <trkpt lat="45.36981099285185" lon="22.19986818730831">
        <ele>367.8</ele>
      </trkpt>
      <trkpt lat="45.36979171447456" lon="22.199850417673588">
        <ele>367.97</ele>
      </trkpt>
      <trkpt lat="45.369774363934994" lon="22.199837509542704">
        <ele>368.14</ele>
      </trkpt>
      <trkpt lat="45.36976229399443" lon="22.199817141517997">
        <ele>368.33</ele>
      </trkpt>
      <trkpt lat="45.36973547190428" lon="22.199788810685277">
        <ele>368.52</ele>
      </trkpt>
      <trkpt lat="45.36970571614802" lon="22.199765844270587">
        <ele>368.72</ele>
      </trkpt>
      <trkpt lat="45.369676630944014" lon="22.199733993038535">
        <ele>368.93</ele>
      </trkpt>
      <trkpt lat="45.36965291015804" lon="22.199691496789455">
        <ele>369.16</ele>
      </trkpt>
      <trkpt lat="45.3696462046355" lon="22.199674732983112">
        <ele>369.39</ele>
      </trkpt>
      <trkpt lat="45.36962893791497" lon="22.199655957520008">
        <ele>369.62</ele>
      </trkpt>
      <trkpt lat="45.36960856989026" lon="22.199638606980443">
        <ele>369.86</ele>
      </trkpt>
      <trkpt lat="45.36957789212465" lon="22.199616227298975">
        <ele>370.11</ele>
      </trkpt>
      <trkpt lat="45.36955517716706" lon="22.199594853445888">
        <ele>370.38</ele>
      </trkpt>
      <trkpt lat="45.36954008974135" lon="22.19956618733704">
        <ele>370.65</ele>
      </trkpt>
      <trkpt lat="45.3695254214108" lon="22.199536934494972">
        <ele>370.93</ele>
      </trkpt>
      <trkpt lat="45.369513016194105" lon="22.19951631501317">
        <ele>371.22</ele>
      </trkpt>
      <trkpt lat="45.36950346082449" lon="22.19948940910399">
        <ele>371.51</ele>
      </trkpt>
      <trkpt lat="45.36948845721781" lon="22.19946007244289">
        <ele>371.82</ele>
      </trkpt>
      <trkpt lat="45.36947127431631" lon="22.1994352620095">
        <ele>372.12</ele>
      </trkpt>
      <trkpt lat="45.36947328597307" lon="22.19941170886159">
        <ele>372.44</ele>
      </trkpt>
      <trkpt lat="45.36946934647858" lon="22.199399806559086">
        <ele>372.75</ele>
      </trkpt>
      <trkpt lat="45.369465658441186" lon="22.19938823953271">
        <ele>373.06</ele>
      </trkpt>
      <trkpt lat="45.36945073865354" lon="22.19936292618513">
        <ele>373.39</ele>
      </trkpt>
      <trkpt lat="45.36942249163985" lon="22.19934959895909">
        <ele>373.71</ele>
      </trkpt>
      <trkpt lat="45.36938586272299" lon="22.19932621344924">
        <ele>374.04</ele>
      </trkpt>
      <trkpt lat="45.369375217705965" lon="22.199311461299658">
        <ele>374.37</ele>
      </trkpt>
      <trkpt lat="45.369362561032176" lon="22.199292769655585">
        <ele>374.71</ele>
      </trkpt>
      <trkpt lat="45.369350742548704" lon="22.199279107153416">
        <ele>375.04</ele>
      </trkpt>
      <trkpt lat="45.36933800205588" lon="22.19926318153739">
        <ele>375.38</ele>
      </trkpt>
      <trkpt lat="45.36932568065822" lon="22.199245747178793">
        <ele>375.71</ele>
      </trkpt>
      <trkpt lat="45.36931092850864" lon="22.19922613352537">
        <ele>376.05</ele>
      </trkpt>
      <trkpt lat="45.369300954043865" lon="22.19920844770968">
        <ele>376.39</ele>
      </trkpt>
      <trkpt lat="45.36928854882717" lon="22.199189504608512">
        <ele>376.72</ele>
      </trkpt>
      <trkpt lat="45.369277484714985" lon="22.199172908440232">
        <ele>377.06</ele>
      </trkpt>
      <trkpt lat="45.369262816384435" lon="22.19915186986327">
        <ele>377.39</ele>
      </trkpt>
      <trkpt lat="45.369246220216155" lon="22.199129490181804">
        <ele>377.71</ele>
      </trkpt>
      <trkpt lat="45.3692386765033" lon="22.199109625071287">
        <ele>378.04</ele>
      </trkpt>
      <trkpt lat="45.36922249943018" lon="22.199086910113692">
        <ele>378.35</ele>
      </trkpt>
      <trkpt lat="45.36921428516507" lon="22.19906620681286">
        <ele>378.66</ele>
      </trkpt>
      <trkpt lat="45.3692074958235" lon="22.199043408036232">
        <ele>378.96</ele>
      </trkpt>
      <trkpt lat="45.369190983474255" lon="22.199017591774464">
        <ele>379.25</ele>
      </trkpt>
      <trkpt lat="45.36918251775205" lon="22.198992613703012">
        <ele>379.53</ele>
      </trkpt>
      <trkpt lat="45.36916642449796" lon="22.198962522670627">
        <ele>379.8</ele>
      </trkpt>
      <trkpt lat="45.369166508316994" lon="22.198945423588157">
        <ele>380.06</ele>
      </trkpt>
      <trkpt lat="45.36916868761182" lon="22.198928827419877">
        <ele>380.3</ele>
      </trkpt>
      <trkpt lat="45.36916424520314" lon="22.198906699195504">
        <ele>380.53</ele>
      </trkpt>
      <trkpt lat="45.36915510892868" lon="22.198859760537744">
        <ele>380.76</ele>
      </trkpt>
      <trkpt lat="45.36915158852935" lon="22.198826149106026">
        <ele>380.96</ele>
      </trkpt>
      <trkpt lat="45.3691488225013" lon="22.198794716969132">
        <ele>381.14</ele>
      </trkpt>
      <trkpt lat="45.36914597265422" lon="22.198762698099017">
        <ele>381.3</ele>
      </trkpt>
      <trkpt lat="45.36914270371199" lon="22.198719615116715">
        <ele>381.44</ele>
      </trkpt>
      <trkpt lat="45.36913314834237" lon="22.198681812733412">
        <ele>381.56</ele>
      </trkpt>
      <trkpt lat="45.369133818894625" lon="22.198639567941427">
        <ele>381.66</ele>
      </trkpt>
      <trkpt lat="45.369140692055225" lon="22.198610734194517">
        <ele>381.73</ele>
      </trkpt>
      <trkpt lat="45.36914253607392" lon="22.19856589101255">
        <ele>381.78</ele>
      </trkpt>
      <trkpt lat="45.369135327637196" lon="22.198524065315723">
        <ele>381.81</ele>
      </trkpt>
      <trkpt lat="45.36912811920047" lon="22.198484586551785">
        <ele>381.8</ele>
      </trkpt>
      <trkpt lat="45.36913256160915" lon="22.198439575731754">
        <ele>381.77</ele>
      </trkpt>
      <trkpt lat="45.369138680398464" lon="22.19837629236281">
        <ele>381.71</ele>
      </trkpt>
      <trkpt lat="45.36913960240781" lon="22.198310159146786">
        <ele>381.62</ele>
      </trkpt>
      <trkpt lat="45.36914546974003" lon="22.198250647634268">
        <ele>381.51</ele>
      </trkpt>
      <trkpt lat="45.369153851643205" lon="22.198207480832934">
        <ele>381.37</ele>
      </trkpt>
      <trkpt lat="45.36916634067893" lon="22.198167331516743">
        <ele>381.19</ele>
      </trkpt>
      <trkpt lat="45.36917665041983" lon="22.198123494163156">
        <ele>380.99</ele>
      </trkpt>
      <trkpt lat="45.369190983474255" lon="22.198074124753475">
        <ele>380.76</ele>
      </trkpt>
      <trkpt lat="45.36922283470631" lon="22.198036573827267">
        <ele>380.52</ele>
      </trkpt>
      <trkpt lat="45.36924798041582" lon="22.19800296239555">
        <ele>380.25</ele>
      </trkpt>
      <trkpt lat="45.36926834844053" lon="22.19795946031809">
        <ele>379.96</ele>
      </trkpt>
      <trkpt lat="45.36928804591298" lon="22.197910929098725">
        <ele>379.63</ele>
      </trkpt>
      <trkpt lat="45.36929961293936" lon="22.197863403707743">
        <ele>379.28</ele>
      </trkpt>
      <trkpt lat="45.36930455826223" lon="22.197817973792553">
        <ele>378.91</ele>
      </trkpt>
      <trkpt lat="45.36930564790964" lon="22.197771202772856">
        <ele>378.5</ele>
      </trkpt>
      <trkpt lat="45.369302462786436" lon="22.1977205760777">
        <ele>378.08</ele>
      </trkpt>
      <trkpt lat="45.36929684691131" lon="22.19766592606902">
        <ele>377.64</ele>
      </trkpt>
      <trkpt lat="45.369279496371746" lon="22.197598703205585">
        <ele>377.16</ele>
      </trkpt>
      <trkpt lat="45.36925024352968" lon="22.197449253872037">
        <ele>376.64</ele>
      </trkpt>
      <trkpt lat="45.36924462765455" lon="22.197361579164863">
        <ele>376.14</ele>
      </trkpt>
      <trkpt lat="45.369248650968075" lon="22.19718212261796">
        <ele>375.59</ele>
      </trkpt>
      <trkpt lat="45.369252506643534" lon="22.197093525901437">
        <ele>375.07</ele>
      </trkpt>
      <trkpt lat="45.36925493739545" lon="22.197006354108453">
        <ele>374.54</ele>
      </trkpt>
      <trkpt lat="45.36925435066223" lon="22.196844667196274">
        <ele>374.0</ele>
      </trkpt>
      <trkpt lat="45.3692558594048" lon="22.196770319715142">
        <ele>373.47</ele>
      </trkpt>
      <trkpt lat="45.369261391460896" lon="22.196687003597617">
        <ele>372.93</ele>
      </trkpt>
      <trkpt lat="45.36925803869963" lon="22.19659765250981">
        <ele>372.38</ele>
      </trkpt>
      <trkpt lat="45.36925862543285" lon="22.196434708312154">
        <ele>371.82</ele>
      </trkpt>
      <trkpt lat="45.369256446138024" lon="22.196247624233365">
        <ele>371.3</ele>
      </trkpt>
      <trkpt lat="45.36925233900547" lon="22.196027180179954">
        <ele>370.73</ele>
      </trkpt>
      <trkpt lat="45.369275053963065" lon="22.19578033313155">
        <ele>370.15</ele>
      </trkpt>
      <trkpt lat="45.369302965700626" lon="22.195677487179637">
        <ele>369.62</ele>
      </trkpt>
      <trkpt lat="45.36932559683919" lon="22.19558335840702">
        <ele>369.09</ele>
      </trkpt>
      <trkpt lat="45.36935702897608" lon="22.195500126108527">
        <ele>368.57</ele>
      </trkpt>
      <trkpt lat="45.369398603215814" lon="22.195416558533907">
        <ele>368.06</ele>
      </trkpt>
      <trkpt lat="45.3694804944098" lon="22.195233078673482">
        <ele>367.56</ele>
      </trkpt>
      <trkpt lat="45.36952734924853" lon="22.19498815946281">
        <ele>367.06</ele>
      </trkpt>
      <trkpt lat="45.36953656934202" lon="22.194862263277173">
        <ele>366.56</ele>
      </trkpt>
      <trkpt lat="45.369546208530664" lon="22.1947399713099">
        <ele>366.09</ele>
      </trkpt>
      <trkpt lat="45.36953925155103" lon="22.194628743454814">
        <ele>365.64</ele>
      </trkpt>
      <trkpt lat="45.3695304505527" lon="22.19452296383679">
        <ele>365.2</ele>
      </trkpt>
      <trkpt lat="45.36951812915504" lon="22.194423554465175">
        <ele>364.77</ele>
      </trkpt>
      <trkpt lat="45.369510585442185" lon="22.194334706291556">
        <ele>364.37</ele>
      </trkpt>
      <trkpt lat="45.36950253881514" lon="22.19425625167787">
        <ele>364.0</ele>
      </trkpt>
      <trkpt lat="45.36948476918042" lon="22.194181149825454">
        <ele>363.65</ele>
      </trkpt>
      <trkpt lat="45.36945568397641" lon="22.194109903648496">
        <ele>363.31</ele>
      </trkpt>
      <trkpt lat="45.36940983496606" lon="22.194047961384058">
        <ele>363.01</ele>
      </trkpt>
      <trkpt lat="45.369376642629504" lon="22.194008650258183">
        <ele>362.72</ele>
      </trkpt>
      <trkpt lat="45.369344875216484" lon="22.19397713430226">
        <ele>362.46</ele>
      </trkpt>
      <trkpt lat="45.36932408809662" lon="22.19396062195301">
        <ele>362.22</ele>
      </trkpt>
      <trkpt lat="45.36931377835572" lon="22.193950563669205">
        <ele>362.0</ele>
      </trkpt>
      <trkpt lat="45.3693095035851" lon="22.19394352287054">
        <ele>361.79</ele>
      </trkpt>
      <trkpt lat="45.36930564790964" lon="22.193939918652177">
        <ele>361.61</ele>
      </trkpt>
      <trkpt lat="45.36929961293936" lon="22.193932877853513">
        <ele>361.44</ele>
      </trkpt>
      <trkpt lat="45.36940379999578" lon="22.194027928635478">
        <ele>361.29</ele>
      </trkpt>
      <trkpt lat="45.36940706893802" lon="22.19402357004583">
        <ele>361.15</ele>
      </trkpt>
      <trkpt lat="45.36940882913768" lon="22.194020971655846">
        <ele>361.03</ele>
      </trkpt>
      <trkpt lat="45.36941402591765" lon="22.194012003019452">
        <ele>360.92</ele>
      </trkpt>
      <trkpt lat="45.3694305382669" lon="22.193966824561357">
        <ele>360.82</ele>
      </trkpt>
      <trkpt lat="45.36943942308426" lon="22.19395467080176">
        <ele>360.74</ele>
      </trkpt>
      <trkpt lat="45.36953925155103" lon="22.193923741579056">
        <ele>360.67</ele>
      </trkpt>
      <trkpt lat="45.369562301784754" lon="22.19391569495201">
        <ele>360.6</ele>
      </trkpt>
      <trkpt lat="45.369585352018476" lon="22.193911084905267">
        <ele>360.54</ele>
      </trkpt>
      <trkpt lat="45.36961141973734" lon="22.193909576162696">
        <ele>360.49</ele>
      </trkpt>
      <trkpt lat="45.3696308657527" lon="22.193917874246836">
        <ele>360.44</ele>
      </trkpt>
      <trkpt lat="45.36965140141547" lon="22.193918880075216">
        <ele>360.4</ele>
      </trkpt>
      <trkpt lat="45.36967780441046" lon="22.19390823505819">
        <ele>360.36</ele>
      </trkpt>
      <trkpt lat="45.36970295011997" lon="22.193900356069207">
        <ele>360.32</ele>
      </trkpt>
      <trkpt lat="45.36972289904952" lon="22.19390488229692">
        <ele>360.28</ele>
      </trkpt>
      <trkpt lat="45.36978333257139" lon="22.193928519263864">
        <ele>360.23</ele>
      </trkpt>
      <trkpt lat="45.3698412515223" lon="22.193961292505264">
        <ele>360.18</ele>
      </trkpt>
      <trkpt lat="45.36987980827689" lon="22.194001777097583">
        <ele>360.12</ele>
      </trkpt>
      <trkpt lat="45.36990118212998" lon="22.194053158164024">
        <ele>360.07</ele>
      </trkpt>
      <trkpt lat="45.369923897087574" lon="22.194116609171033">
        <ele>360.01</ele>
      </trkpt>
      <trkpt lat="45.369946863502264" lon="22.194188106805086">
        <ele>359.96</ele>
      </trkpt>
      <trkpt lat="45.36998961120844" lon="22.19427427276969">
        <ele>359.89</ele>
      </trkpt>
      <trkpt lat="45.37004878744483" lon="22.19437988474965">
        <ele>359.8</ele>
      </trkpt>
      <trkpt lat="45.370141742751" lon="22.19460267573595">
        <ele>359.71</ele>
      </trkpt>
      <trkpt lat="45.37018365226686" lon="22.194706359878182">
        <ele>359.59</ele>
      </trkpt>
      <trkpt lat="45.37023335695267" lon="22.19480643980205">
        <ele>359.44</ele>
      </trkpt>
      <trkpt lat="45.3702833969146" lon="22.1948919352144">
        <ele>359.28</ele>
      </trkpt>
      <trkpt lat="45.37031902000308" lon="22.194963432848454">
        <ele>359.12</ele>
      </trkpt>
      <trkpt lat="45.37036746740341" lon="22.195032415911555">
        <ele>358.94</ele>
      </trkpt>
      <trkpt lat="45.370426811277866" lon="22.195146325975657">
        <ele>358.74</ele>
      </trkpt>
      <trkpt lat="45.37045732140541" lon="22.195206005126238">
        <ele>358.53</ele>
      </trkpt>
      <trkpt lat="45.37051314488053" lon="22.195260990411043">
        <ele>358.3</ele>
      </trkpt>
      <trkpt lat="45.370572824031115" lon="22.19531555660069">
        <ele>358.06</ele>
      </trkpt>
      <trkpt lat="45.37062638439238" lon="22.195369703695178">
        <ele>357.8</ele>
      </trkpt>
      <trkpt lat="45.370665695518255" lon="22.19540549442172">
        <ele>357.53</ele>
      </trkpt>
      <trkpt lat="45.3707133885473" lon="22.195440866053104">
        <ele>357.25</ele>
      </trkpt>
      <trkpt lat="45.37077189423144" lon="22.195470705628395">
        <ele>356.95</ele>
      </trkpt>
      <trkpt lat="45.37087800912559" lon="22.19553843140602">
        <ele>356.62</ele>
      </trkpt>
      <trkpt lat="45.37091413512826" lon="22.19556860625744">
        <ele>356.29</ele>
      </trkpt>
      <trkpt lat="45.37094632163644" lon="22.19560481607914">
        <ele>355.95</ele>
      </trkpt>
      <trkpt lat="45.371001306921244" lon="22.1956483181566">
        <ele>355.58</ele>
      </trkpt>
      <trkpt lat="45.371034583076835" lon="22.195691149681807">
        <ele>355.2</ele>
      </trkpt>
      <trkpt lat="45.37106861360371" lon="22.195741022005677">
        <ele>354.8</ele>
      </trkpt>
      <trkpt lat="45.37116391584277" lon="22.195788715034723">
        <ele>354.36</ele>
      </trkpt>
      <trkpt lat="45.371256954967976" lon="22.195826433598995">
        <ele>353.9</ele>
      </trkpt>
      <trkpt lat="45.371306324377656" lon="22.195861553773284">
        <ele>353.44</ele>
      </trkpt>
      <trkpt lat="45.371347814798355" lon="22.195908073335886">
        <ele>352.97</ele>
      </trkpt>
      <trkpt lat="45.37147463299334" lon="22.196088787168264">
        <ele>352.45</ele>
      </trkpt>
      <trkpt lat="45.371507657691836" lon="22.196177383884788">
        <ele>351.95</ele>
      </trkpt>
      <trkpt lat="45.37154738791287" lon="22.19626103527844">
        <ele>351.43</ele>
      </trkpt>
      <trkpt lat="45.371594075113535" lon="22.19633680768311">
        <ele>350.89</ele>
      </trkpt>
      <trkpt lat="45.37164084613323" lon="22.196406377479434">
        <ele>350.33</ele>
      </trkpt>
      <trkpt lat="45.371686862781644" lon="22.196479802951217">
        <ele>349.76</ele>
      </trkpt>
      <trkpt lat="45.371729442849755" lon="22.19655465334654">
        <ele>349.17</ele>
      </trkpt>
      <trkpt lat="45.37175349891186" lon="22.196618607267737">
        <ele>348.58</ele>
      </trkpt>
      <trkpt lat="45.37178342230618" lon="22.19666906632483">
        <ele>347.98</ele>
      </trkpt>
      <trkpt lat="45.37183706648648" lon="22.1967051923275">
        <ele>347.34</ele>
      </trkpt>
      <trkpt lat="45.371863301843405" lon="22.196727069094777">
        <ele>346.71</ele>
      </trkpt>
      <trkpt lat="45.371887777000666" lon="22.196751544252038">
        <ele>346.06</ele>
      </trkpt>
      <trkpt lat="45.37193588912487" lon="22.19678733497858">
        <ele>345.4</ele>
      </trkpt>
      <trkpt lat="45.37196019664407" lon="22.196823293343186">
        <ele>344.73</ele>
      </trkpt>
      <trkpt lat="45.3719655610621" lon="22.19685615040362">
        <ele>344.07</ele>
      </trkpt>
      <trkpt lat="45.37198668345809" lon="22.196916667744517">
        <ele>343.39</ele>
      </trkpt>
      <trkpt lat="45.372026497498155" lon="22.196979615837336">
        <ele>342.68</ele>
      </trkpt>
      <trkpt lat="45.37208491936326" lon="22.197056896984577">
        <ele>341.96</ele>
      </trkpt>
      <trkpt lat="45.37214484997094" lon="22.19713325612247">
        <ele>341.23</ele>
      </trkpt>
      <trkpt lat="45.37222808226943" lon="22.19724708236754">
        <ele>340.48</ele>
      </trkpt>
      <trkpt lat="45.37228147499263" lon="22.19731799326837">
        <ele>339.76</ele>
      </trkpt>
      <trkpt lat="45.372360767796636" lon="22.197359651327133">
        <ele>339.02</ele>
      </trkpt>
      <trkpt lat="45.37242413498461" lon="22.19738010317087">
        <ele>338.3</ele>
      </trkpt>
      <trkpt lat="45.37250510416925" lon="22.197407260537148">
        <ele>337.56</ele>
      </trkpt>
      <trkpt lat="45.372573249042034" lon="22.1974372677505">
        <ele>336.83</ele>
      </trkpt>
      <trkpt lat="45.37263954989612" lon="22.197472220286727">
        <ele>336.11</ele>
      </trkpt>
      <trkpt lat="45.37271096371114" lon="22.197485379874706">
        <ele>335.39</ele>
      </trkpt>
      <trkpt lat="45.37279285490513" lon="22.19748454168439">
        <ele>334.68</ele>
      </trkpt>
      <trkpt lat="45.37288438528776" lon="22.197491666302085">
        <ele>333.96</ele>
      </trkpt>
      <trkpt lat="45.372975496575236" lon="22.197501389309764">
        <ele>333.24</ele>
      </trkpt>
      <trkpt lat="45.37305571138859" lon="22.197520416229963">
        <ele>332.55</ele>
      </trkpt>
      <trkpt lat="45.3731189109385" lon="22.19754707068205">
        <ele>331.9</ele>
      </trkpt>
      <trkpt lat="45.373166436329484" lon="22.197569701820612">
        <ele>331.27</ele>
      </trkpt>
      <trkpt lat="45.37321329116821" lon="22.19759400933981">
        <ele>330.65</ele>
      </trkpt>
      <trkpt lat="45.37325855344534" lon="22.197609851136804">
        <ele>330.04</ele>
      </trkpt>
      <trkpt lat="45.373300882056355" lon="22.19762334600091">
        <ele>329.44</ele>
      </trkpt>
      <trkpt lat="45.37334572523832" lon="22.19762971624732">
        <ele>328.87</ele>
      </trkpt>
      <trkpt lat="45.37338947877288" lon="22.197626112028956">
        <ele>328.31</ele>
      </trkpt>
      <trkpt lat="45.373435746878386" lon="22.197616389021277">
        <ele>327.76</ele>
      </trkpt>
      <trkpt lat="45.37352258339524" lon="22.19757934100926">
        <ele>327.21</ele>
      </trkpt>
      <trkpt lat="45.37362274713814" lon="22.1975358389318">
        <ele>326.68</ele>
      </trkpt>
      <trkpt lat="45.37367546930909" lon="22.1975392755121">
        <ele>326.18</ele>
      </trkpt>
      <trkpt lat="45.3737233299762" lon="22.19755394384265">
        <ele>325.7</ele>
      </trkpt>
      <trkpt lat="45.37376423366368" lon="22.19757598824799">
        <ele>325.23</ele>
      </trkpt>
      <trkpt lat="45.37380337715149" lon="22.19759752973914">
        <ele>324.78</ele>
      </trkpt>
      <trkpt lat="45.373839838430285" lon="22.197615886107087">
        <ele>324.33</ele>
      </trkpt>
      <trkpt lat="45.37387428805232" lon="22.197630302980542">
        <ele>323.88</ele>
      </trkpt>
      <trkpt lat="45.37391100078821" lon="22.197641702368855">
        <ele>323.45</ele>
      </trkpt>
      <trkpt lat="45.37397897802293" lon="22.197642792016268">
        <ele>323.02</ele>
      </trkpt>
      <trkpt lat="45.374044105410576" lon="22.197631476446986">
        <ele>322.59</ele>
      </trkpt>
      <trkpt lat="45.3740772139281" lon="22.19762971624732">
        <ele>322.17</ele>
      </trkpt>
      <trkpt lat="45.374251222237945" lon="22.197685623541474">
        <ele>321.72</ele>
      </trkpt>
      <trkpt lat="45.37432464770973" lon="22.19770590774715">
        <ele>321.29</ele>
      </trkpt>
      <trkpt lat="45.37440771237016" lon="22.19771035015583">
        <ele>320.84</ele>
      </trkpt>
      <trkpt lat="45.37454425357282" lon="22.19769559800625">
        <ele>320.38</ele>
      </trkpt>
      <trkpt lat="45.3745920304209" lon="22.19767950475216">
        <ele>319.94</ele>
      </trkpt>
      <trkpt lat="45.37464424967766" lon="22.197642792016268">
        <ele>319.5</ele>
      </trkpt>
      <trkpt lat="45.37469135597348" lon="22.197594512254">
        <ele>319.06</ele>
      </trkpt>
      <trkpt lat="45.374731589108706" lon="22.19752913340926">
        <ele>318.61</ele>
      </trkpt>
      <trkpt lat="45.37477031350136" lon="22.197460737079382">
        <ele>318.16</ele>
      </trkpt>
      <trkpt lat="45.37480199709535" lon="22.19739460386336">
        <ele>317.71</ele>
      </trkpt>
      <trkpt lat="45.37486947141588" lon="22.197278095409274">
        <ele>317.23</ele>
      </trkpt>
      <trkpt lat="45.374913308769464" lon="22.197224535048008">
        <ele>316.78</ele>
      </trkpt>
      <trkpt lat="45.37507432512939" lon="22.19706636853516">
        <ele>316.28</ele>
      </trkpt>
      <trkpt lat="45.375136183574796" lon="22.197012389078736">
        <ele>315.8</ele>
      </trkpt>
      <trkpt lat="45.375199634581804" lon="22.19696712680161">
        <ele>315.34</ele>
      </trkpt>
      <trkpt lat="45.37526099011302" lon="22.19693150371313">
        <ele>314.88</ele>
      </trkpt>
      <trkpt lat="45.375322848558426" lon="22.196902921423316">
        <ele>314.4</ele>
      </trkpt>
      <trkpt lat="45.37538152188063" lon="22.196874422952533">
        <ele>313.93</ele>
      </trkpt>
      <trkpt lat="45.37543399259448" lon="22.19684936106205">
        <ele>313.46</ele>
      </trkpt>
      <trkpt lat="45.37548151798546" lon="22.1968243829906">
        <ele>312.98</ele>
      </trkpt>
      <trkpt lat="45.37552862428129" lon="22.196803595870733">
        <ele>312.49</ele>
      </trkpt>
      <trkpt lat="45.37556818686426" lon="22.196793789044023">
        <ele>312.01</ele>
      </trkpt>
      <trkpt lat="45.3756039775908" lon="22.196805104613304">
        <ele>311.53</ele>
      </trkpt>
      <trkpt lat="45.37564395926893" lon="22.196833938360214">
        <ele>311.05</ele>
      </trkpt>
      <trkpt lat="45.37569483742118" lon="22.196862269192934">
        <ele>310.57</ele>
      </trkpt>
      <trkpt lat="45.375743452459574" lon="22.196879787370563">
        <ele>310.08</ele>
      </trkpt>
      <trkpt lat="45.37578913383186" lon="22.196891270577908">
        <ele>309.58</ele>
      </trkpt>
      <trkpt lat="45.375831043347716" lon="22.196887079626322">
        <ele>309.09</ele>
      </trkpt>
      <trkpt lat="45.37586607970297" lon="22.196858413517475">
        <ele>308.6</ele>
      </trkpt>
      <trkpt lat="45.375898350030184" lon="22.196819856762886">
        <ele>308.1</ele>
      </trkpt>
      <trkpt lat="45.375927183777094" lon="22.196777276694775">
        <ele>307.61</ele>
      </trkpt>
      <trkpt lat="45.37594998255372" lon="22.19673704355955">
        <ele>307.11</ele>
      </trkpt>
      <trkpt lat="45.37596708163619" lon="22.196700498461723">
        <ele>306.63</ele>
      </trkpt>
      <trkpt lat="45.37598652765155" lon="22.19666755758226">
        <ele>306.14</ele>
      </trkpt>
      <trkpt lat="45.37600823678076" lon="22.196632102131844">
        <ele>305.65</ele>
      </trkpt>
      <trkpt lat="45.37601938471198" lon="22.196607794612646">
        <ele>305.17</ele>
      </trkpt>
      <trkpt lat="45.37603698670864" lon="22.196596646681428">
        <ele>304.69</ele>
      </trkpt>
      <trkpt lat="45.376057270914316" lon="22.196599496528506">
        <ele>304.2</ele>
      </trkpt>
      <trkpt lat="45.37610647268593" lon="22.19660888426006">
        <ele>303.7</ele>
      </trkpt>
      <trkpt lat="45.3761653136462" lon="22.196557503193617">
        <ele>303.2</ele>
      </trkpt>
      <trkpt lat="45.37620252929628" lon="22.19651467166841">
        <ele>302.69</ele>
      </trkpt>
      <trkpt lat="45.37624251097441" lon="22.19647066667676">
        <ele>302.19</ele>
      </trkpt>
      <trkpt lat="45.376289868727326" lon="22.196412663906813">
        <ele>301.69</ele>
      </trkpt>
      <trkpt lat="45.37633437663317" lon="22.19637251459062">
        <ele>301.21</ele>
      </trkpt>
      <trkpt lat="45.37638089619577" lon="22.196347201243043">
        <ele>300.73</ele>
      </trkpt>
      <trkpt lat="45.37643412128091" lon="22.196339573711157">
        <ele>300.26</ele>
      </trkpt>
      <trkpt lat="45.376483742147684" lon="22.196338567882776">
        <ele>299.8</ele>
      </trkpt>
      <trkpt lat="45.3765694051981" lon="22.196316858753562">
        <ele>299.33</ele>
      </trkpt>
      <trkpt lat="45.376609889790416" lon="22.19628458842635">
        <ele>298.88</ele>
      </trkpt>
      <trkpt lat="45.376633862033486" lon="22.19624452292919">
        <ele>298.46</ele>
      </trkpt>
      <trkpt lat="45.37663369439542" lon="22.19620185904205">
        <ele>298.05</ele>
      </trkpt>
      <trkpt lat="45.37662464194" lon="22.196159027516842">
        <ele>297.65</ele>
      </trkpt>
      <trkpt lat="45.37658700719476" lon="22.196081411093473">
        <ele>297.27</ele>
      </trkpt>
      <trkpt lat="45.376551719382405" lon="22.19603388570249">
        <ele>296.91</ele>
      </trkpt>
      <trkpt lat="45.376516515389085" lon="22.195978900417686">
        <ele>296.55</ele>
      </trkpt>
      <trkpt lat="45.37648248486221" lon="22.19592433422804">
        <ele>296.19</ele>
      </trkpt>
      <trkpt lat="45.37644526921213" lon="22.19586876221001">
        <ele>295.85</ele>
      </trkpt>
      <trkpt lat="45.37642280571163" lon="22.195823080837727">
        <ele>295.52</ele>
      </trkpt>
      <trkpt lat="45.37641844712198" lon="22.19578226096928">
        <ele>295.2</ele>
      </trkpt>
      <trkpt lat="45.37641668692231" lon="22.195745296776295">
        <ele>294.89</ele>
      </trkpt>
      <trkpt lat="45.37642532028258" lon="22.195731634274125">
        <ele>294.58</ele>
      </trkpt>
      <trkpt lat="45.37643697112799" lon="22.195741441100836">
        <ele>294.3</ele>
      </trkpt>
      <trkpt lat="45.376455998048186" lon="22.195757869631052">
        <ele>294.02</ele>
      </trkpt>
      <trkpt lat="45.37647385150194" lon="22.195762814953923">
        <ele>293.75</ele>
      </trkpt>
      <trkpt lat="45.37653688341379" lon="22.19579190015793">
        <ele>293.48</ele>
      </trkpt>
      <trkpt lat="45.37660410627723" lon="22.19580522738397">
        <ele>293.22</ele>
      </trkpt>
      <trkpt lat="45.376676274463534" lon="22.19581109471619">
        <ele>292.95</ele>
      </trkpt>
      <trkpt lat="45.376710975542665" lon="22.195801371708512">
        <ele>292.7</ele>
      </trkpt>
      <trkpt lat="45.37682890892029" lon="22.195793073624372">
        <ele>292.43</ele>
      </trkpt>
      <trkpt lat="45.37687215954065" lon="22.19578946940601">
        <ele>292.19</ele>
      </trkpt>
      <trkpt lat="45.37690979428589" lon="22.1957881283015">
        <ele>291.95</ele>
      </trkpt>
      <trkpt lat="45.376951955258846" lon="22.195788379758596">
        <ele>291.72</ele>
      </trkpt>
      <trkpt lat="45.37699277512729" lon="22.19578854739666">
        <ele>291.5</ele>
      </trkpt>
      <trkpt lat="45.3770390432328" lon="22.195799192413688">
        <ele>291.29</ele>
      </trkpt>
      <trkpt lat="45.37707885727286" lon="22.19582953490317">
        <ele>291.07</ele>
      </trkpt>
      <trkpt lat="45.377110708504915" lon="22.195854848250747">
        <ele>290.86</ele>
      </trkpt>
      <trkpt lat="45.37714230827987" lon="22.195883514359593">
        <ele>290.64</ele>
      </trkpt>
      <trkpt lat="45.37717801518738" lon="22.19592089764774">
        <ele>290.42</ele>
      </trkpt>
      <trkpt lat="45.377215230837464" lon="22.19595811329782">
        <ele>290.19</ele>
      </trkpt>
      <trkpt lat="45.37724188528955" lon="22.195989042520523">
        <ele>289.97</ele>
      </trkpt>
      <trkpt lat="45.377264684066176" lon="22.196013517677784">
        <ele>289.74</ele>
      </trkpt>
      <trkpt lat="45.377313466742635" lon="22.196062551811337">
        <ele>289.5</ele>
      </trkpt>
      <trkpt lat="45.377351520583034" lon="22.196101108565927">
        <ele>289.26</ele>
      </trkpt>
      <trkpt lat="45.37741891108453" lon="22.196184592321515">
        <ele>289.01</ele>
      </trkpt>
      <trkpt lat="45.3774378541857" lon="22.196218874305487">
        <ele>288.75</ele>
      </trkpt>
      <trkpt lat="45.377442464232445" lon="22.196242343634367">
        <ele>288.5</ele>
      </trkpt>
      <trkpt lat="45.3774447273463" lon="22.196262376382947">
        <ele>288.24</ele>
      </trkpt>
      <trkpt lat="45.37744238041341" lon="22.196281403303146">
        <ele>287.97</ele>
      </trkpt>
      <trkpt lat="45.37746425718069" lon="22.196327419951558">
        <ele>287.69</ele>
      </trkpt>
      <trkpt lat="45.37747398018837" lon="22.19634460285306">
        <ele>287.41</ele>
      </trkpt>
      <trkpt lat="45.37747699767351" lon="22.19637142494321">
        <ele>287.12</ele>
      </trkpt>
      <trkpt lat="45.377486972138286" lon="22.196402857080102">
        <ele>286.82</ele>
      </trkpt>
      <trkpt lat="45.377492755651474" lon="22.19643261283636">
        <ele>286.52</ele>
      </trkpt>
      <trkpt lat="45.37748563103378" lon="22.1964496280998">
        <ele>286.21</ele>
      </trkpt>
      <trkpt lat="45.37748236209154" lon="22.196469325572252">
        <ele>285.89</ele>
      </trkpt>
      <trkpt lat="45.37750197574496" lon="22.19654099084437">
        <ele>285.57</ele>
      </trkpt>
      <trkpt lat="45.377524523064494" lon="22.19661978073418">
        <ele>285.24</ele>
      </trkpt>
      <trkpt lat="45.377519242465496" lon="22.196759758517146">
        <ele>284.86</ele>
      </trkpt>
      <trkpt lat="45.377513375133276" lon="22.19684357754886">
        <ele>284.49</ele>
      </trkpt>
      <trkpt lat="45.377498622983694" lon="22.196932090446353">
        <ele>284.13</ele>
      </trkpt>
      <trkpt lat="45.37748227827251" lon="22.196998978033662">
        <ele>283.77</ele>
      </trkpt>
      <trkpt lat="45.37744564935565" lon="22.197138033807278">
        <ele>283.39</ele>
      </trkpt>
      <trkpt lat="45.37743978202343" lon="22.197253368794918">
        <ele>283.04</ele>
      </trkpt>
      <trkpt lat="45.377453193068504" lon="22.197343725711107">
        <ele>282.7</ele>
      </trkpt>
      <trkpt lat="45.377472219988704" lon="22.197429137304425">
        <ele>282.36</ele>
      </trkpt>
      <trkpt lat="45.37750289775431" lon="22.197528714314103">
        <ele>282.02</ele>
      </trkpt>
      <trkpt lat="45.37752737291157" lon="22.1976151317358">
        <ele>281.69</ele>
      </trkpt>
      <trkpt lat="45.37756492383778" lon="22.19773029908538">
        <ele>281.36</ele>
      </trkpt>
      <trkpt lat="45.3775776643306" lon="22.19778411090374">
        <ele>281.04</ele>
      </trkpt>
      <trkpt lat="45.37758990190923" lon="22.197832223027945">
        <ele>280.74</ele>
      </trkpt>
      <trkpt lat="45.377611108124256" lon="22.19790732488036">
        <ele>280.44</ele>
      </trkpt>
      <trkpt lat="45.3776260279119" lon="22.19797421246767">
        <ele>280.16</ele>
      </trkpt>
      <trkpt lat="45.37762938067317" lon="22.19802349805832">
        <ele>279.89</ele>
      </trkpt>
      <trkpt lat="45.377634074538946" lon="22.198067167773843">
        <ele>279.64</ele>
      </trkpt>
      <trkpt lat="45.377642288804054" lon="22.198101449757814">
        <ele>279.39</ele>
      </trkpt>
      <trkpt lat="45.37766307592392" lon="22.198141599074006">
        <ele>279.17</ele>
      </trkpt>
      <trkpt lat="45.37768327631056" lon="22.1981920581311">
        <ele>278.95</ele>
      </trkpt>
      <trkpt lat="45.377687299624085" lon="22.19824687577784">
        <ele>278.75</ele>
      </trkpt>
      <trkpt lat="45.37768688052893" lon="22.19829767011106">
        <ele>278.57</ele>
      </trkpt>
      <trkpt lat="45.377687299624085" lon="22.198341423645616">
        <ele>278.41</ele>
      </trkpt>
      <trkpt lat="45.3776865452528" lon="22.19838274642825">
        <ele>278.27</ele>
      </trkpt>
      <trkpt lat="45.377694172784686" lon="22.19842909835279">
        <ele>278.15</ele>
      </trkpt>
      <trkpt lat="45.37769878283143" lon="22.198470504954457">
        <ele>278.04</ele>
      </trkpt>
      <trkpt lat="45.37770850583911" lon="22.198501182720065">
        <ele>277.96</ele>
      </trkpt>
      <trkpt lat="45.37772526964545" lon="22.19853948801756">
        <ele>277.9</ele>
      </trkpt>
      <trkpt lat="45.37773801013827" lon="22.198578715324402">
        <ele>277.85</ele>
      </trkpt>
      <trkpt lat="45.37775452248752" lon="22.198612578213215">
        <ele>277.82</ele>
      </trkpt>
      <trkpt lat="45.37777530960739" lon="22.198642501607537">
        <ele>277.82</ele>
      </trkpt>
      <trkpt lat="45.37779500707984" lon="22.198661360889673">
        <ele>277.84</ele>
      </trkpt>
      <trkpt lat="45.37781126797199" lon="22.19867787323892">
        <ele>277.87</ele>
      </trkpt>
      <trkpt lat="45.37783205509186" lon="22.19869438558817">
        <ele>277.93</ele>
      </trkpt>
      <trkpt lat="45.37785460241139" lon="22.198706874623895">
        <ele>278.0</ele>
      </trkpt>
      <trkpt lat="45.37788251414895" lon="22.198723386973143">
        <ele>278.09</ele>
      </trkpt>
      <trkpt lat="45.37790045142174" lon="22.19873151741922">
        <ele>278.19</ele>
      </trkpt>
      <trkpt lat="45.37792006507516" lon="22.198738642036915">
        <ele>278.31</ele>
      </trkpt>
      <trkpt lat="45.37793917581439" lon="22.1987462695688">
        <ele>278.44</ele>
      </trkpt>
      <trkpt lat="45.37795233540237" lon="22.19875213690102">
        <ele>278.59</ele>
      </trkpt>
      <trkpt lat="45.37796733900905" lon="22.19875884242356">
        <ele>278.75</ele>
      </trkpt>
      <trkpt lat="45.377982342615724" lon="22.198763536289334">
        <ele>278.92</ele>
      </trkpt>
      <trkpt lat="45.378003465011716" lon="22.19877158291638">
        <ele>279.1</ele>
      </trkpt>
      <trkpt lat="45.378023497760296" lon="22.198780551552773">
        <ele>279.3</ele>
      </trkpt>
      <trkpt lat="45.378043949604034" lon="22.19879019074142">
        <ele>279.51</ele>
      </trkpt>
      <trkpt lat="45.378064988180995" lon="22.19879999756813">
        <ele>279.73</ele>
      </trkpt>
      <trkpt lat="45.37808577530086" lon="22.198811816051602">
        <ele>279.95</ele>
      </trkpt>
      <trkpt lat="45.37810538895428" lon="22.19881860539317">
        <ele>280.19</ele>
      </trkpt>
      <trkpt lat="45.37812936119735" lon="22.198825730010867">
        <ele>280.43</ele>
      </trkpt>
      <trkpt lat="45.37815718911588" lon="22.198832435533404">
        <ele>280.68</ele>
      </trkpt>
      <trkpt lat="45.37818334065378" lon="22.198837213218212">
        <ele>280.93</ele>
      </trkpt>
      <trkpt lat="45.37820261903107" lon="22.19884534366429">
        <ele>281.19</ele>
      </trkpt>
      <trkpt lat="45.378227178007364" lon="22.198856491595507">
        <ele>281.46</ele>
      </trkpt>
      <trkpt lat="45.37824645638466" lon="22.198866298422217">
        <ele>281.72</ele>
      </trkpt>
      <trkpt lat="45.37827344611287" lon="22.198874847963452">
        <ele>281.99</ele>
      </trkpt>
      <trkpt lat="45.37829297594726" lon="22.198880882933736">
        <ele>282.26</ele>
      </trkpt>
      <trkpt lat="45.378306806087494" lon="22.19888943247497">
        <ele>282.53</ele>
      </trkpt>
      <trkpt lat="45.37831988185644" lon="22.198897898197174">
        <ele>282.8</ele>
      </trkpt>
      <trkpt lat="45.37833312526345" lon="22.19890938140452">
        <ele>283.08</ele>
      </trkpt>
      <trkpt lat="45.37834770977497" lon="22.198922792449594">
        <ele>283.35</ele>
      </trkpt>
      <trkpt lat="45.378366485238075" lon="22.198935197666287">
        <ele>283.63</ele>
      </trkpt>
      <trkpt lat="45.378386015072465" lon="22.198947351425886">
        <ele>283.9</ele>
      </trkpt>
      <trkpt lat="45.378404622897506" lon="22.19896227121353">
        <ele>284.18</ele>
      </trkpt>
      <trkpt lat="45.37842339836061" lon="22.198974592611194">
        <ele>284.46</ele>
      </trkpt>
      <trkpt lat="45.37844058126211" lon="22.198986997827888">
        <ele>284.74</ele>
      </trkpt>
      <trkpt lat="45.37846287712455" lon="22.19901155680418">
        <ele>285.03</ele>
      </trkpt>
      <trkpt lat="45.378489615395665" lon="22.199042653664947">
        <ele>285.31</ele>
      </trkpt>
      <trkpt lat="45.37851291708648" lon="22.19906528480351">
        <ele>285.59</ele>
      </trkpt>
      <trkpt lat="45.37854007445276" lon="22.199087915942073">
        <ele>285.88</ele>
      </trkpt>
      <trkpt lat="45.378572428599" lon="22.199109122157097">
        <ele>286.17</ele>
      </trkpt>
      <trkpt lat="45.37860402837396" lon="22.199127059429884">
        <ele>286.46</ele>
      </trkpt>
      <trkpt lat="45.378633281216025" lon="22.19913963228464">
        <ele>286.76</ele>
      </trkpt>
      <trkpt lat="45.37865247577429" lon="22.19914742745459">
        <ele>287.05</ele>
      </trkpt>
      <trkpt lat="45.37867703475058" lon="22.199160251766443">
        <ele>287.35</ele>
      </trkpt>
      <trkpt lat="45.378699162974954" lon="22.199162766337395">
        <ele>287.65</ele>
      </trkpt>
      <trkpt lat="45.37872388958931" lon="22.199165197089314">
        <ele>287.96</ele>
      </trkpt>
      <trkpt lat="45.37874945439398" lon="22.19916494563222">
        <ele>288.27</ele>
      </trkpt>
      <trkpt lat="45.37876822985709" lon="22.199157737195492">
        <ele>288.58</ele>
      </trkpt>
      <trkpt lat="45.37878708913922" lon="22.199149522930384">
        <ele>288.89</ele>
      </trkpt>
      <trkpt lat="45.37880343385041" lon="22.19914248213172">
        <ele>289.2</ele>
      </trkpt>
      <trkpt lat="45.378820449113846" lon="22.199132842943072">
        <ele>289.52</ele>
      </trkpt>
      <trkpt lat="45.37883779965341" lon="22.199121778830886">
        <ele>289.84</ele>
      </trkpt>
      <trkpt lat="45.378855066373944" lon="22.19911322928965">
        <ele>290.16</ele>
      </trkpt>
      <trkpt lat="45.37887493148446" lon="22.199103506281972">
        <ele>290.49</ele>
      </trkpt>
      <trkpt lat="45.37889110855758" lon="22.19909369945526">
        <ele>290.81</ele>
      </trkpt>
      <trkpt lat="45.37890653125942" lon="22.199080204591155">
        <ele>291.14</ele>
      </trkpt>
      <trkpt lat="45.3789228759706" lon="22.199066877365112">
        <ele>291.47</ele>
      </trkpt>
      <trkpt lat="45.378941064700484" lon="22.19905120320618">
        <ele>291.8</ele>
      </trkpt>
      <trkpt lat="45.378955230116844" lon="22.19903795979917">
        <ele>292.13</ele>
      </trkpt>
      <trkpt lat="45.378969898447394" lon="22.199022537097335">
        <ele>292.47</ele>
      </trkpt>
      <trkpt lat="45.37898515351117" lon="22.199004516005516">
        <ele>292.8</ele>
      </trkpt>
      <trkpt lat="45.37899789400399" lon="22.198983561247587">
        <ele>293.14</ele>
      </trkpt>
      <trkpt lat="45.37901029922068" lon="22.198963360860944">
        <ele>293.47</ele>
      </trkpt>
      <trkpt lat="45.379022704437375" lon="22.198940981179476">
        <ele>293.81</ele>
      </trkpt>
      <trkpt lat="45.37903142161667" lon="22.198913991451263">
        <ele>294.15</ele>
      </trkpt>
      <trkpt lat="45.37903963588178" lon="22.19889085739851">
        <ele>294.48</ele>
      </trkpt>
      <trkpt lat="45.37905028089881" lon="22.19886797480285">
        <ele>294.81</ele>
      </trkpt>
      <trkpt lat="45.379057908430696" lon="22.198840230703354">
        <ele>295.14</ele>
      </trkpt>
      <trkpt lat="45.37906461395323" lon="22.198810474947095">
        <ele>295.48</ele>
      </trkpt>
      <trkpt lat="45.37907224148512" lon="22.198784155771136">
        <ele>295.8</ele>
      </trkpt>
      <trkpt lat="45.379077941179276" lon="22.198756327852607">
        <ele>296.12</ele>
      </trkpt>
      <trkpt lat="45.37908146157861" lon="22.1987272426486">
        <ele>296.45</ele>
      </trkpt>
      <trkpt lat="45.379085149616" lon="22.198698157444596">
        <ele>296.77</ele>
      </trkpt>
      <trkpt lat="45.379090178757906" lon="22.198667731136084">
        <ele>297.09</ele>
      </trkpt>
      <trkpt lat="45.37909621372819" lon="22.198639987036586">
        <ele>297.4</ele>
      </trkpt>
      <trkpt lat="45.37910358980298" lon="22.19861425459385">
        <ele>297.71</ele>
      </trkpt>
      <trkpt lat="45.37911138497293" lon="22.19858500175178">
        <ele>298.02</ele>
      </trkpt>
      <trkpt lat="45.37911490537226" lon="22.19855424016714">
        <ele>298.32</ele>
      </trkpt>
      <trkpt lat="45.37911909632385" lon="22.198522053658962">
        <ele>298.62</ele>
      </trkpt>
      <trkpt lat="45.379124293103814" lon="22.198488023132086">
        <ele>298.91</ele>
      </trkpt>
      <trkpt lat="45.379130244255066" lon="22.19845944084227">
        <ele>299.19</ele>
      </trkpt>
      <trkpt lat="45.379135105758905" lon="22.198432199656963">
        <ele>299.47</ele>
      </trkpt>
      <trkpt lat="45.379141978919506" lon="22.198402611538768">
        <ele>299.74</ele>
      </trkpt>
      <trkpt lat="45.37914901971817" lon="22.198373191058636">
        <ele>300.0</ele>
      </trkpt>
      <trkpt lat="45.37915689870715" lon="22.19834511168301">
        <ele>300.26</ele>
      </trkpt>
      <trkpt lat="45.37916427478194" lon="22.19831678085029">
        <ele>300.52</ele>
      </trkpt>
      <trkpt lat="45.37916938774288" lon="22.198286773636937">
        <ele>300.77</ele>
      </trkpt>
      <trkpt lat="45.3791699744761" lon="22.198262382298708">
        <ele>301.0</ele>
      </trkpt>
      <trkpt lat="45.37917039357126" lon="22.198240170255303">
        <ele>301.24</ele>
      </trkpt>
      <trkpt lat="45.3791734110564" lon="22.198217203840613">
        <ele>301.46</ele>
      </trkpt>
      <trkpt lat="45.37918112240732" lon="22.198192393407226">
        <ele>301.69</ele>
      </trkpt>
      <trkpt lat="45.379191264510155" lon="22.198168840259314">
        <ele>301.9</ele>
      </trkpt>
      <trkpt lat="45.37919478490949" lon="22.198140509426594">
        <ele>302.12</ele>
      </trkpt>
      <trkpt lat="45.3792011551559" lon="22.198112346231937">
        <ele>302.32</ele>
      </trkpt>
      <trkpt lat="45.37920651957393" lon="22.198087284341455">
        <ele>302.53</ele>
      </trkpt>
      <trkpt lat="45.379204507917166" lon="22.198062725365162">
        <ele>302.73</ele>
      </trkpt>
      <trkpt lat="45.37920375354588" lon="22.198038836941123">
        <ele>302.92</ele>
      </trkpt>
      <trkpt lat="45.379205932840705" lon="22.198018552735448">
        <ele>303.11</ele>
      </trkpt>
      <trkpt lat="45.37921012379229" lon="22.19799466431141">
        <ele>303.29</ele>
      </trkpt>
      <trkpt lat="45.37921775132418" lon="22.197966249659657">
        <ele>303.48</ele>
      </trkpt>
      <trkpt lat="45.379222612828016" lon="22.197938170284033">
        <ele>303.65</ele>
      </trkpt>
      <trkpt lat="45.3792302403599" lon="22.1979053132236">
        <ele>303.83</ele>
      </trkpt>
      <trkpt lat="45.37923459894955" lon="22.197871282696724">
        <ele>304.0</ele>
      </trkpt>
      <trkpt lat="45.3792495187372" lon="22.19783096574247">
        <ele>304.17</ele>
      </trkpt>
      <trkpt lat="45.3792563918978" lon="22.197797438129783">
        <ele>304.33</ele>
      </trkpt>
      <trkpt lat="45.37926368415356" lon="22.197754522785544">
        <ele>304.49</ele>
      </trkpt>
      <trkpt lat="45.3792719822377" lon="22.197718312963843">
        <ele>304.64</ele>
      </trkpt>
      <trkpt lat="45.37927499972284" lon="22.197688641026616">
        <ele>304.79</ele>
      </trkpt>
      <trkpt lat="45.37928086705506" lon="22.197670033201575">
        <ele>304.94</ele>
      </trkpt>
      <trkpt lat="45.37928245961666" lon="22.197639690712094">
        <ele>305.08</ele>
      </trkpt>
      <trkpt lat="45.379282627254725" lon="22.197597781196237">
        <ele>305.23</ele>
      </trkpt>
      <trkpt lat="45.379287488758564" lon="22.197546819224954">
        <ele>305.37</ele>
      </trkpt>
      <trkpt lat="45.37928673438728" lon="22.197509603574872">
        <ele>305.51</ele>
      </trkpt>
      <trkpt lat="45.37928966805339" lon="22.197489654645324">
        <ele>305.63</ele>
      </trkpt>
      <trkpt lat="45.37930525839329" lon="22.197454953566194">
        <ele>305.76</ele>
      </trkpt>
      <trkpt lat="45.37930944934487" lon="22.197415055707097">
        <ele>305.88</ele>
      </trkpt>
      <trkpt lat="45.37931171245873" lon="22.1973820310086">
        <ele>306.0</ele>
      </trkpt>
      <trkpt lat="45.37931623868644" lon="22.19734339043498">
        <ele>306.12</ele>
      </trkpt>
      <trkpt lat="45.379324201494455" lon="22.197293266654015">
        <ele>306.22</ele>
      </trkpt>
      <trkpt lat="45.379321770742536" lon="22.19725588336587">
        <ele>306.32</ele>
      </trkpt>
      <trkpt lat="45.37932948209345" lon="22.197229815647006">
        <ele>306.4</ele>
      </trkpt>
      <trkpt lat="45.37934104911983" lon="22.197204418480396">
        <ele>306.47</ele>
      </trkpt>
      <trkpt lat="45.37935269996524" lon="22.19717776402831">
        <ele>306.54</ele>
      </trkpt>
      <trkpt lat="45.37936585955322" lon="22.197156557813287">
        <ele>306.59</ele>
      </trkpt>
      <trkpt lat="45.37938446737826" lon="22.1971386205405">
        <ele>306.64</ele>
      </trkpt>
      <trkpt lat="45.379401817917824" lon="22.197116492316127">
        <ele>306.68</ele>
      </trkpt>
      <trkpt lat="45.379422353580594" lon="22.197091514244676">
        <ele>306.71</ele>
      </trkpt>
      <trkpt lat="45.37944221869111" lon="22.197072068229318">
        <ele>306.72</ele>
      </trkpt>
      <trkpt lat="45.379462502896786" lon="22.197051532566547">
        <ele>306.73</ele>
      </trkpt>
      <trkpt lat="45.37948111072183" lon="22.197028482332826">
        <ele>306.73</ele>
      </trkpt>
      <trkpt lat="45.379501562565565" lon="22.197011383250356">
        <ele>306.72</ele>
      </trkpt>
      <trkpt lat="45.379526540637016" lon="22.196995625272393">
        <ele>306.69</ele>
      </trkpt>
      <trkpt lat="45.379549926146865" lon="22.19698908738792">
        <ele>306.65</ele>
      </trkpt>
      <trkpt lat="45.37957255728543" lon="22.19698380678892">
        <ele>306.61</ele>
      </trkpt>
      <trkpt lat="45.379598792642355" lon="22.196981124579906">
        <ele>306.55</ele>
      </trkpt>
      <trkpt lat="45.37962695583701" lon="22.196986824274063">
        <ele>306.47</ele>
      </trkpt>
      <trkpt lat="45.37965537048876" lon="22.196992272511125">
        <ele>306.39</ele>
      </trkpt>
      <trkpt lat="45.37968068383634" lon="22.19699981622398">
        <ele>306.3</ele>
      </trkpt>
      <trkpt lat="45.37970465607941" lon="22.197014233097434">
        <ele>306.19</ele>
      </trkpt>
      <trkpt lat="45.379726784303784" lon="22.197034768760204">
        <ele>306.08</ele>
      </trkpt>
      <trkpt lat="45.3797535225749" lon="22.1970556396991">
        <ele>305.95</ele>
      </trkpt>
      <trkpt lat="45.37977774627507" lon="22.197071481496096">
        <ele>305.83</ele>
      </trkpt>
      <trkpt lat="45.37980666384101" lon="22.197089167311788">
        <ele>305.69</ele>
      </trkpt>
      <trkpt lat="45.379832396283746" lon="22.197108613327146">
        <ele>305.55</ele>
      </trkpt>
      <trkpt lat="45.37992929108441" lon="22.19720894470811">
        <ele>305.37</ele>
      </trkpt>
      <trkpt lat="45.37995519116521" lon="22.19724322669208">
        <ele>305.21</ele>
      </trkpt>
      <trkpt lat="45.380091816186905" lon="22.197418995201588">
        <ele>304.99</ele>
      </trkpt>
      <trkpt lat="45.38019164465368" lon="22.197519410401583">
        <ele>304.81</ele>
      </trkpt>
      <trkpt lat="45.38030899129808" lon="22.197614880278707">
        <ele>304.65</ele>
      </trkpt>
      <trkpt lat="45.38053002208471" lon="22.197843454778194">
        <ele>304.48</ele>
      </trkpt>
      <trkpt lat="45.380655163899064" lon="22.197973374277353">
        <ele>304.31</ele>
      </trkpt>
      <trkpt lat="45.380726493895054" lon="22.19804252497852">
        <ele>304.16</ele>
      </trkpt>
      <trkpt lat="45.38086513057351" lon="22.19820278696716">
        <ele>304.01</ele>
      </trkpt>
      <trkpt lat="45.38092673756182" lon="22.198290210217237">
        <ele>303.87</ele>
      </trkpt>
      <trkpt lat="45.38098708726466" lon="22.1983699221164">
        <ele>303.74</ele>
      </trkpt>
      <trkpt lat="45.38104576058686" lon="22.198442174121737">
        <ele>303.63</ele>
      </trkpt>
      <trkpt lat="45.381102757528424" lon="22.198506630957127">
        <ele>303.52</ele>
      </trkpt>
      <trkpt lat="45.38115522824228" lon="22.19856597483158">
        <ele>303.41</ele>
      </trkpt>
      <trkpt lat="45.38120811805129" lon="22.19861182384193">
        <ele>303.31</ele>
      </trkpt>
      <trkpt lat="45.38126192986965" lon="22.198640992864966">
        <ele>303.23</ele>
      </trkpt>
      <trkpt lat="45.38130970671773" lon="22.19865675084293">
        <ele>303.15</ele>
      </trkpt>
      <trkpt lat="45.38135019131005" lon="22.198660941794515">
        <ele>303.08</ele>
      </trkpt>
      <trkpt lat="45.38138514384627" lon="22.198662031441927">
        <ele>303.0</ele>
      </trkpt>
      <trkpt lat="45.38141724653542" lon="22.198665384203196">
        <ele>302.93</ele>
      </trkpt>
      <trkpt lat="45.38144490681589" lon="22.198667647317052">
        <ele>302.86</ele>
      </trkpt>
      <trkpt lat="45.381468711420894" lon="22.198670161888003">
        <ele>302.8</ele>
      </trkpt>
      <trkpt lat="45.381509363651276" lon="22.198677957057953">
        <ele>302.74</ele>
      </trkpt>
      <trkpt lat="45.381534760817885" lon="22.198676532134414">
        <ele>302.69</ele>
      </trkpt>
      <trkpt lat="45.38160961121321" lon="22.19867100007832">
        <ele>302.65</ele>
      </trkpt>
      <trkpt lat="45.381650011986494" lon="22.19866454601288">
        <ele>302.61</ele>
      </trkpt>
      <trkpt lat="45.38179837167263" lon="22.198573518544436">
        <ele>302.57</ele>
      </trkpt>
      <trkpt lat="45.38185000419617" lon="22.198545774444938">
        <ele>302.53</ele>
      </trkpt>
      <trkpt lat="45.381902726367116" lon="22.198518784716725">
        <ele>302.48</ele>
      </trkpt>
      <trkpt lat="45.381951006129384" lon="22.198490370064974">
        <ele>302.44</ele>
      </trkpt>
      <trkpt lat="45.38198654539883" lon="22.198457596823573">
        <ele>302.41</ele>
      </trkpt>
      <trkpt lat="45.38202409632504" lon="22.19842071644962">
        <ele>302.37</ele>
      </trkpt>
      <trkpt lat="45.382066927850246" lon="22.198383081704378">
        <ele>302.33</ele>
      </trkpt>
      <trkpt lat="45.38215611129999" lon="22.198285683989525">
        <ele>302.31</ele>
      </trkpt>
      <trkpt lat="45.382209084928036" lon="22.19822189770639">
        <ele>302.26</ele>
      </trkpt>
      <trkpt lat="45.382256023585796" lon="22.198171857744455">
        <ele>302.2</ele>
      </trkpt>
      <trkpt lat="45.382299441844225" lon="22.1981281042099">
        <ele>302.13</ele>
      </trkpt>
      <trkpt lat="45.38233841769397" lon="22.198092062026262">
        <ele>302.04</ele>
      </trkpt>
      <trkpt lat="45.382361551746726" lon="22.19806163571775">
        <ele>301.94</ele>
      </trkpt>
      <trkpt lat="45.38238225504756" lon="22.198048224672675">
        <ele>301.82</ele>
      </trkpt>
      <trkpt lat="45.382406478747725" lon="22.198045793920755">
        <ele>301.68</ele>
      </trkpt>
      <trkpt lat="45.382423074916005" lon="22.198054511100054">
        <ele>301.53</ele>
      </trkpt>
      <trkpt lat="45.38244570605457" lon="22.19807479530573">
        <ele>301.36</ele>
      </trkpt>
      <trkpt lat="45.38246892392635" lon="22.1980969235301">
        <ele>301.17</ele>
      </trkpt>
      <trkpt lat="45.38249406963587" lon="22.198119051754475">
        <ele>300.99</ele>
      </trkpt>
      <trkpt lat="45.38251175545156" lon="22.19814562238753">
        <ele>300.79</ele>
      </trkpt>
      <trkpt lat="45.382523490116" lon="22.19817982055247">
        <ele>300.58</ele>
      </trkpt>
      <trkpt lat="45.38253287784755" lon="22.19821753911674">
        <ele>300.36</ele>
      </trkpt>
      <trkpt lat="45.3825441095978" lon="22.198258191347122">
        <ele>300.13</ele>
      </trkpt>
      <trkpt lat="45.382542265579104" lon="22.198292640969157">
        <ele>299.91</ele>
      </trkpt>
      <trkpt lat="45.3825459536165" lon="22.198353242129087">
        <ele>299.68</ele>
      </trkpt>
      <trkpt lat="45.38259867578745" lon="22.19846916384995">
        <ele>299.41</ele>
      </trkpt>
      <trkpt lat="45.38262457586825" lon="22.19852238893509">
        <ele>299.18</ele>
      </trkpt>
      <trkpt lat="45.38264175876975" lon="22.198571087792516">
        <ele>298.96</ele>
      </trkpt>
      <trkpt lat="45.38268660195172" lon="22.198627833276987">
        <ele>298.74</ele>
      </trkpt>
      <trkpt lat="45.382718201726675" lon="22.19869874417782">
        <ele>298.52</ele>
      </trkpt>
      <trkpt lat="45.38275256752968" lon="22.198782479390502">
        <ele>298.3</ele>
      </trkpt>
      <trkpt lat="45.38276840932667" lon="22.19882388599217">
        <ele>298.12</ele>
      </trkpt>
      <trkpt lat="45.382792465388775" lon="22.198890186846256">
        <ele>297.95</ele>
      </trkpt>
      <trkpt lat="45.382803697139025" lon="22.19894802197814">
        <ele>297.78</ele>
      </trkpt>
      <trkpt lat="45.38282490335405" lon="22.19900082796812">
        <ele>297.63</ele>
      </trkpt>
      <trkpt lat="45.38284124806523" lon="22.199056651443243">
        <ele>297.49</ele>
      </trkpt>
      <trkpt lat="45.38286488503218" lon="22.199109457433224">
        <ele>297.37</ele>
      </trkpt>
      <trkpt lat="45.38288718089461" lon="22.19916846603155">
        <ele>297.28</ele>
      </trkpt>
      <trkpt lat="45.38290176540613" lon="22.19921875745058">
        <ele>297.19</ele>
      </trkpt>
      <trkpt lat="45.382916601374745" lon="22.19926703721285">
        <ele>297.12</ele>
      </trkpt>
      <trkpt lat="45.38293328136206" lon="22.19929796643555">
        <ele>297.07</ele>
      </trkpt>
      <trkpt lat="45.382945854216814" lon="22.199344150722027">
        <ele>297.03</ele>
      </trkpt>
      <trkpt lat="45.38295943289995" lon="22.199389412999153">
        <ele>297.01</ele>
      </trkpt>
      <trkpt lat="45.38297024555504" lon="22.199433417990804">
        <ele>297.0</ele>
      </trkpt>
      <trkpt lat="45.382979633286595" lon="22.199474405497313">
        <ele>297.01</ele>
      </trkpt>
      <trkpt lat="45.382986506447196" lon="22.199509106576443">
        <ele>297.04</ele>
      </trkpt>
      <trkpt lat="45.38299027830362" lon="22.199540454894304">
        <ele>297.08</ele>
      </trkpt>
      <trkpt lat="45.38299513980746" lon="22.199572222307324">
        <ele>297.14</ele>
      </trkpt>
      <trkpt lat="45.383000671863556" lon="22.199599044397473">
        <ele>297.21</ele>
      </trkpt>
      <trkpt lat="45.383007964119315" lon="22.19962335191667">
        <ele>297.3</ele>
      </trkpt>
      <trkpt lat="45.38301324471831" lon="22.199647156521678">
        <ele>297.41</ele>
      </trkpt>
      <trkpt lat="45.38302196189761" lon="22.19966777600348">
        <ele>297.54</ele>
      </trkpt>
      <trkpt lat="45.383056327700615" lon="22.199687138199806">
        <ele>297.69</ele>
      </trkpt>
      <trkpt lat="45.38307719863951" lon="22.199701387435198">
        <ele>297.86</ele>
      </trkpt>
      <trkpt lat="45.38309320807457" lon="22.199715971946716">
        <ele>298.03</ele>
      </trkpt>
      <trkpt lat="45.383108127862215" lon="22.19973332248628">
        <ele>298.22</ele>
      </trkpt>
      <trkpt lat="45.383126735687256" lon="22.199743129312992">
        <ele>298.43</ele>
      </trkpt>
      <trkpt lat="45.38314794190228" lon="22.199750756844878">
        <ele>298.65</ele>
      </trkpt>
      <trkpt lat="45.383162358775735" lon="22.199759054929018">
        <ele>298.88</ele>
      </trkpt>
      <trkpt lat="45.38317635655403" lon="22.199765592813492">
        <ele>299.12</ele>
      </trkpt>
      <trkpt lat="45.38318909704685" lon="22.199772968888283">
        <ele>299.37</ele>
      </trkpt>
      <trkpt lat="45.38320510648191" lon="22.199784452095628">
        <ele>299.63</ele>
      </trkpt>
      <trkpt lat="45.38321734406054" lon="22.199791073799133">
        <ele>299.9</ele>
      </trkpt>
      <trkpt lat="45.38322949782014" lon="22.19979233108461">
        <ele>300.18</ele>
      </trkpt>
      <trkpt lat="45.38324559107423" lon="22.19979920424521">
        <ele>300.47</ele>
      </trkpt>
      <trkpt lat="45.38327434100211" lon="22.19982359558344">
        <ele>300.77</ele>
      </trkpt>
      <trkpt lat="45.38329504430294" lon="22.19984262250364">
        <ele>301.07</ele>
      </trkpt>
      <trkpt lat="45.383320692926645" lon="22.199857542291284">
        <ele>301.38</ele>
      </trkpt>
      <trkpt lat="45.383352879434824" lon="22.199882520362735">
        <ele>301.7</ele>
      </trkpt>
      <trkpt lat="45.3833731636405" lon="22.199899619445205">
        <ele>302.01</ele>
      </trkpt>
      <trkpt lat="45.38339571096003" lon="22.199918059632182">
        <ele>302.32</ele>
      </trkpt>
      <trkpt lat="45.38342513144016" lon="22.1999395173043">
        <ele>302.64</ele>
      </trkpt>
      <trkpt lat="45.38346008397639" lon="22.199962818995118">
        <ele>302.96</ele>
      </trkpt>
      <trkpt lat="45.38349243812263" lon="22.199987964704633">
        <ele>303.27</ele>
      </trkpt>
      <trkpt lat="45.38352529518306" lon="22.200013110414147">
        <ele>303.59</ele>
      </trkpt>
      <trkpt lat="45.38355706259608" lon="22.200039513409138">
        <ele>303.89</ele>
      </trkpt>
      <trkpt lat="45.383584974333644" lon="22.200057031586766">
        <ele>304.2</ele>
      </trkpt>
      <trkpt lat="45.38362177088857" lon="22.200072119012475">
        <ele>304.49</ele>
      </trkpt>
      <trkpt lat="45.383653957396746" lon="22.20008796080947">
        <ele>304.78</ele>
      </trkpt>
      <trkpt lat="45.383684216067195" lon="22.20010070130229">
        <ele>305.06</ele>
      </trkpt>
      <trkpt lat="45.3837148938328" lon="22.20011386089027">
        <ele>305.33</ele>
      </trkpt>
      <trkpt lat="45.38374590687454" lon="22.200124925002456">
        <ele>305.6</ele>
      </trkpt>
      <trkpt lat="45.383778009563684" lon="22.200139677152038">
        <ele>305.85</ele>
      </trkpt>
      <trkpt lat="45.38380919024348" lon="22.200156608596444">
        <ele>306.09</ele>
      </trkpt>
      <trkpt lat="45.38383886218071" lon="22.200173875316978">
        <ele>306.32</ele>
      </trkpt>
      <trkpt lat="45.38387062959373" lon="22.2001916449517">
        <ele>306.54</ele>
      </trkpt>
      <trkpt lat="45.383903151378036" lon="22.200205475091934">
        <ele>306.74</ele>
      </trkpt>
      <trkpt lat="45.38393508642912" lon="22.200217377394438">
        <ele>306.93</ele>
      </trkpt>
      <trkpt lat="45.38396936841309" lon="22.200228944420815">
        <ele>307.1</ele>
      </trkpt>
      <trkpt lat="45.38400415331125" lon="22.200239757075906">
        <ele>307.25</ele>
      </trkpt>
      <trkpt lat="45.38403583690524" lon="22.20024880953133">
        <ele>307.4</ele>
      </trkpt>
      <trkpt lat="45.38406710140407" lon="22.200253754854202">
        <ele>307.52</ele>
      </trkpt>
      <trkpt lat="45.38409736007452" lon="22.200257694348693">
        <ele>307.63</ele>
      </trkpt>
      <trkpt lat="45.384126864373684" lon="22.200257778167725">
        <ele>307.72</ele>
      </trkpt>
      <trkpt lat="45.38415536284447" lon="22.200255263596773">
        <ele>307.8</ele>
      </trkpt>
      <trkpt lat="45.38418738171458" lon="22.200259370729327">
        <ele>307.85</ele>
      </trkpt>
      <trkpt lat="45.384221244603395" lon="22.200262136757374">
        <ele>307.88</ele>
      </trkpt>
      <trkpt lat="45.38425871171057" lon="22.20026138238609">
        <ele>307.9</ele>
      </trkpt>
      <trkpt lat="45.38429919630289" lon="22.200260879471898">
        <ele>307.89</ele>
      </trkpt>
      <trkpt lat="45.384341944009066" lon="22.20026096329093">
        <ele>307.87</ele>
      </trkpt>
      <trkpt lat="45.384393660351634" lon="22.200256772339344">
        <ele>307.82</ele>
      </trkpt>
      <trkpt lat="45.384451830759645" lon="22.200250821188092">
        <ele>307.74</ele>
      </trkpt>
      <trkpt lat="45.38451402448118" lon="22.20024134963751">
        <ele>307.64</ele>
      </trkpt>
      <trkpt lat="45.38457722403109" lon="22.200224082916975">
        <ele>307.51</ele>
      </trkpt>
      <trkpt lat="45.38463715463877" lon="22.200193824246526">
        <ele>307.35</ele>
      </trkpt>
      <trkpt lat="45.38469188846648" lon="22.20015149563551">
        <ele>307.19</ele>
      </trkpt>
      <trkpt lat="45.384741593152285" lon="22.20010070130229">
        <ele>307.0</ele>
      </trkpt>
      <trkpt lat="45.38478501141071" lon="22.20004848204553">
        <ele>306.78</ele>
      </trkpt>
      <trkpt lat="45.38482306525111" lon="22.20000296831131">
        <ele>306.54</ele>
      </trkpt>
      <trkpt lat="45.3848547488451" lon="22.199965752661228">
        <ele>306.26</ele>
      </trkpt>
      <trkpt lat="45.3848822414875" lon="22.199932225048542">
        <ele>305.95</ele>
      </trkpt>
      <trkpt lat="45.38490462116897" lon="22.19991059973836">
        <ele>305.62</ele>
      </trkpt>
      <trkpt lat="45.38492465391755" lon="22.199905570596457">
        <ele>305.26</ele>
      </trkpt>
      <trkpt lat="45.384943429380655" lon="22.199908923357725">
        <ele>304.86</ele>
      </trkpt>
      <trkpt lat="45.38496228866279" lon="22.199923172593117">
        <ele>304.43</ele>
      </trkpt>
      <trkpt lat="45.3849808126688" lon="22.199935661628842">
        <ele>303.98</ele>
      </trkpt>
      <trkpt lat="45.385004030540586" lon="22.199948150664568">
        <ele>303.5</ele>
      </trkpt>
      <trkpt lat="45.385194551199675" lon="22.20003817230463">
        <ele>302.95</ele>
      </trkpt>
      <trkpt lat="45.38536445237696" lon="22.20007924363017">
        <ele>302.4</ele>
      </trkpt>
      <trkpt lat="45.385486241430044" lon="22.20009483397007">
        <ele>301.84</ele>
      </trkpt>
      <trkpt lat="45.38559906184673" lon="22.200110089033842">
        <ele>301.25</ele>
      </trkpt>
      <trkpt lat="45.385646084323525" lon="22.200118135660887">
        <ele>300.64</ele>
      </trkpt>
      <trkpt lat="45.385687574744225" lon="22.200131714344025">
        <ele>299.99</ele>
      </trkpt>
      <trkpt lat="45.385731076821685" lon="22.20014914870262">
        <ele>299.33</ele>
      </trkpt>
      <trkpt lat="45.38577927276492" lon="22.200174881145358">
        <ele>298.63</ele>
      </trkpt>
      <trkpt lat="45.38587071932852" lon="22.20025660470128">
        <ele>297.88</ele>
      </trkpt>
      <trkpt lat="45.38592578843236" lon="22.20030991360545">
        <ele>297.12</ele>
      </trkpt>
      <trkpt lat="45.385990077629685" lon="22.20036900602281">
        <ele>296.33</ele>
      </trkpt>
      <trkpt lat="45.38605428300798" lon="22.200409909710288">
        <ele>295.54</ele>
      </trkpt>
      <trkpt lat="45.38611287251115" lon="22.200443856418133">
        <ele>294.73</ele>
      </trkpt>
      <trkpt lat="45.38617338985205" lon="22.20047738403082">
        <ele>293.92</ele>
      </trkpt>
      <trkpt lat="45.38629467599094" lon="22.200572937726974">
        <ele>293.08</ele>
      </trkpt>
      <trkpt lat="45.38636818528175" lon="22.200607806444168">
        <ele>292.24</ele>
      </trkpt>
      <trkpt lat="45.38652576506138" lon="22.200653068721294">
        <ele>291.37</ele>
      </trkpt>
      <trkpt lat="45.386615032330155" lon="22.200673185288906">
        <ele>290.5</ele>
      </trkpt>
      <trkpt lat="45.386848049238324" lon="22.200735714286566">
        <ele>289.6</ele>
      </trkpt>
      <trkpt lat="45.38691963069141" lon="22.200790783390403">
        <ele>288.71</ele>
      </trkpt>
      <trkpt lat="45.38698400370777" lon="22.200856246054173">
        <ele>287.83</ele>
      </trkpt>
      <trkpt lat="45.38703513331711" lon="22.20092313364148">
        <ele>286.94</ele>
      </trkpt>
      <trkpt lat="45.38708810694516" lon="22.200994631275535">
        <ele>286.05</ele>
      </trkpt>
      <trkpt lat="45.387136805802584" lon="22.20106285996735">
        <ele>285.16</ele>
      </trkpt>
      <trkpt lat="45.38718592375517" lon="22.20112723298371">
        <ele>284.28</ele>
      </trkpt>
      <trkpt lat="45.387343503534794" lon="22.2013349365443">
        <ele>283.39</ele>
      </trkpt>
      <trkpt lat="45.38745230063796" lon="22.20148254185915">
        <ele>282.52</ele>
      </trkpt>
      <trkpt lat="45.387551710009575" lon="22.201624028384686">
        <ele>281.64</ele>
      </trkpt>
      <trkpt lat="45.387608455494046" lon="22.201695442199707">
        <ele>280.79</ele>
      </trkpt>
      <trkpt lat="45.38766763173044" lon="22.201775992289186">
        <ele>279.94</ele>
      </trkpt>
      <trkpt lat="45.387729909271" lon="22.201855704188347">
        <ele>279.11</ele>
      </trkpt>
      <trkpt lat="45.387791600078344" lon="22.20193105749786">
        <ele>278.32</ele>
      </trkpt>
      <trkpt lat="45.387859996408224" lon="22.201999621465802">
        <ele>277.54</ele>
      </trkpt>
      <trkpt lat="45.38792772218585" lon="22.202062318101525">
        <ele>276.8</ele>
      </trkpt>
      <trkpt lat="45.387985557317734" lon="22.202126439660788">
        <ele>276.07</ele>
      </trkpt>
      <trkpt lat="45.388154201209545" lon="22.202348727732897">
        <ele>275.31</ele>
      </trkpt>
      <trkpt lat="45.38820952177048" lon="22.202425338327885">
        <ele>274.63</ele>
      </trkpt>
      <trkpt lat="45.38832988590002" lon="22.202574536204338">
        <ele>273.96</ele>
      </trkpt>
      <trkpt lat="45.38845997303724" lon="22.20270361751318">
        <ele>273.35</ele>
      </trkpt>
      <trkpt lat="45.3885243460536" lon="22.20277209766209">
        <ele>272.79</ele>
      </trkpt>
      <trkpt lat="45.388650158420205" lon="22.202926157042384">
        <ele>272.24</ele>
      </trkpt>
      <trkpt lat="45.38883020170033" lon="22.20318792387843">
        <ele>271.67</ele>
      </trkpt>
      <trkpt lat="45.38888795301318" lon="22.203276604413986">
        <ele>271.22</ele>
      </trkpt>
      <trkpt lat="45.38894511759281" lon="22.20336126163602">
        <ele>270.82</ele>
      </trkpt>
      <trkpt lat="45.38900186307728" lon="22.203442733734846">
        <ele>270.46</ele>
      </trkpt>
      <trkpt lat="45.38905785419047" lon="22.203523367643356">
        <ele>270.15</ele>
      </trkpt>
      <trkpt lat="45.38911443203688" lon="22.20359830185771">
        <ele>269.87</ele>
      </trkpt>
      <trkpt lat="45.389170004054904" lon="22.203661669045687">
        <ele>269.63</ele>
      </trkpt>
      <trkpt lat="45.38922071456909" lon="22.20370726659894">
        <ele>269.43</ele>
      </trkpt>
      <trkpt lat="45.389265809208155" lon="22.203731993213296">
        <ele>269.27</ele>
      </trkpt>
      <trkpt lat="45.38930277340114" lon="22.20373216085136">
        <ele>269.15</ele>
      </trkpt>
      <trkpt lat="45.3893309365958" lon="22.203714307397604">
        <ele>269.07</ele>
      </trkpt>
      <trkpt lat="45.38934904150665" lon="22.203687820583582">
        <ele>269.04</ele>
      </trkpt>
      <trkpt lat="45.38935809396207" lon="22.203659070655704">
        <ele>269.03</ele>
      </trkpt>
      <trkpt lat="45.38936035707593" lon="22.20362906344235">
        <ele>269.06</ele>
      </trkpt>
      <trkpt lat="45.389356752857566" lon="22.203599642962217">
        <ele>269.13</ele>
      </trkpt>
      <trkpt lat="45.38934920914471" lon="22.20357089303434">
        <ele>269.22</ele>
      </trkpt>
      <trkpt lat="45.389342084527016" lon="22.203543232753873">
        <ele>269.34</ele>
      </trkpt>
      <trkpt lat="45.38933546282351" lon="22.203517081215978">
        <ele>269.5</ele>
      </trkpt>
      <trkpt lat="45.38932213559747" lon="22.203465029597282">
        <ele>269.68</ele>
      </trkpt>
      <trkpt lat="45.38931492716074" lon="22.20343854278326">
        <ele>269.89</ele>
      </trkpt>
      <trkpt lat="45.389306880533695" lon="22.203411301597953">
        <ele>270.12</ele>
      </trkpt>
      <trkpt lat="45.38929087109864" lon="22.20335992053151">
        <ele>270.38</ele>
      </trkpt>
      <trkpt lat="45.38928215391934" lon="22.203340642154217">
        <ele>270.66</ele>
      </trkpt>
      <trkpt lat="45.38926748558879" lon="22.2032880038023">
        <ele>270.97</ele>
      </trkpt>
      <trkpt lat="45.38925960659981" lon="22.203264869749546">
        <ele>271.29</ele>
      </trkpt>
      <trkpt lat="45.389252565801144" lon="22.203242741525173">
        <ele>271.63</ele>
      </trkpt>
      <trkpt lat="45.3892479557544" lon="22.203221954405308">
        <ele>272.0</ele>
      </trkpt>
      <trkpt lat="45.389244854450226" lon="22.2032015863806">
        <ele>272.38</ele>
      </trkpt>
      <trkpt lat="45.3892410825938" lon="22.20318205654621">
        <ele>272.77</ele>
      </trkpt>
      <trkpt lat="45.389238400384784" lon="22.203160766512156">
        <ele>273.18</ele>
      </trkpt>
      <trkpt lat="45.38923563435674" lon="22.203137800097466">
        <ele>273.59</ele>
      </trkpt>
      <trkpt lat="45.38922809064388" lon="22.203092956915498">
        <ele>274.03</ele>
      </trkpt>
      <trkpt lat="45.38922306150198" lon="22.20307057723403">
        <ele>274.47</ele>
      </trkpt>
      <trkpt lat="45.38922029547393" lon="22.203054232522845">
        <ele>274.91</ele>
      </trkpt>
      <trkpt lat="45.3892167750746" lon="22.20303386449814">
        <ele>275.35</ele>
      </trkpt>
      <trkpt lat="45.38919380865991" lon="22.202925821766257">
        <ele>275.83</ele>
      </trkpt>
      <trkpt lat="45.389189114794135" lon="22.202902100980282">
        <ele>276.28</ele>
      </trkpt>
      <trkpt lat="45.38918651640415" lon="22.20287905074656">
        <ele>276.74</ele>
      </trkpt>
      <trkpt lat="45.38918165490031" lon="22.202856251969934">
        <ele>277.19</ele>
      </trkpt>
      <trkpt lat="45.38917704485357" lon="22.202833201736212">
        <ele>277.65</ele>
      </trkpt>
      <trkpt lat="45.389173021540046" lon="22.20281157642603">
        <ele>278.1</ele>
      </trkpt>
      <trkpt lat="45.38916899822652" lon="22.20279162749648">
        <ele>278.55</ele>
      </trkpt>
      <trkpt lat="45.389162208884954" lon="22.20277100801468">
        <ele>279.0</ele>
      </trkpt>
      <trkpt lat="45.38915575481951" lon="22.202748460695148">
        <ele>279.44</ele>
      </trkpt>
      <trkpt lat="45.38915231823921" lon="22.202727338299155">
        <ele>279.88</ele>
      </trkpt>
      <trkpt lat="45.3891496360302" lon="22.202706383541226">
        <ele>280.31</ele>
      </trkpt>
      <trkpt lat="45.389146534726024" lon="22.202684339135885">
        <ele>280.74</ele>
      </trkpt>
      <trkpt lat="45.38914427161217" lon="22.202668329700828">
        <ele>281.16</ele>
      </trkpt>
      <trkpt lat="45.38914133794606" lon="22.20265089534223">
        <ele>281.58</ele>
      </trkpt>
      <trkpt lat="45.389134380966425" lon="22.20263086259365">
        <ele>281.98</ele>
      </trkpt>
      <trkpt lat="45.389129938557744" lon="22.202610410749912">
        <ele>282.39</ele>
      </trkpt>
      <trkpt lat="45.38912549614906" lon="22.202588114887476">
        <ele>282.78</ele>
      </trkpt>
      <trkpt lat="45.38911954499781" lon="22.202566070482135">
        <ele>283.17</ele>
      </trkpt>
      <trkpt lat="45.389114851132035" lon="22.20254779793322">
        <ele>283.54</ele>
      </trkpt>
      <trkpt lat="45.38910781033337" lon="22.20253111794591">
        <ele>283.91</ele>
      </trkpt>
      <trkpt lat="45.38910035043955" lon="22.20251351594925">
        <ele>284.27</ele>
      </trkpt>
      <trkpt lat="45.38909557275474" lon="22.20250136218965">
        <ele>284.62</ele>
      </trkpt>
      <trkpt lat="45.389091381803155" lon="22.20247990451753">
        <ele>284.97</ele>
      </trkpt>
      <trkpt lat="45.38908677175641" lon="22.202459620311856">
        <ele>285.31</ele>
      </trkpt>
      <trkpt lat="45.38908425718546" lon="22.202445790171623">
        <ele>285.64</ele>
      </trkpt>
      <trkpt lat="45.389078138396144" lon="22.20242123119533">
        <ele>285.97</ele>
      </trkpt>
      <trkpt lat="45.38907554000616" lon="22.20240312628448">
        <ele>286.29</ele>
      </trkpt>
      <trkpt lat="45.389073779806495" lon="22.20238300971687">
        <ele>286.6</ele>
      </trkpt>
      <trkpt lat="45.38907076232135" lon="22.202358953654766">
        <ele>286.91</ele>
      </trkpt>
      <trkpt lat="45.3890666551888" lon="22.20233464613557">
        <ele>287.2</ele>
      </trkpt>
      <trkpt lat="45.38906179368496" lon="22.202312350273132">
        <ele>287.5</ele>
      </trkpt>
      <trkpt lat="45.38905709981918" lon="22.202290138229728">
        <ele>287.78</ele>
      </trkpt>
      <trkpt lat="45.38905098102987" lon="22.202267171815038">
        <ele>288.06</ele>
      </trkpt>
      <trkpt lat="45.38904326967895" lon="22.202246887609363">
        <ele>288.33</ele>
      </trkpt>
      <trkpt lat="45.38903497159481" lon="22.202222580090165">
        <ele>288.59</ele>
      </trkpt>
      <trkpt lat="45.389030361548066" lon="22.202199529856443">
        <ele>288.85</ele>
      </trkpt>
      <trkpt lat="45.38902625441551" lon="22.202175138518214">
        <ele>289.11</ele>
      </trkpt>
      <trkpt lat="45.38901871070266" lon="22.202148819342256">
        <ele>289.36</ele>
      </trkpt>
      <trkpt lat="45.38901192136109" lon="22.202123422175646">
        <ele>289.6</ele>
      </trkpt>
      <trkpt lat="45.389003455638885" lon="22.202102383598685">
        <ele>289.84</ele>
      </trkpt>
      <trkpt lat="45.388994570821524" lon="22.202082183212042">
        <ele>290.08</ele>
      </trkpt>
      <trkpt lat="45.38898769766092" lon="22.202064748853445">
        <ele>290.3</ele>
      </trkpt>
      <trkpt lat="45.38897696882486" lon="22.202045051380992">
        <ele>290.53</ele>
      </trkpt>
      <trkpt lat="45.38896841928363" lon="22.202026527374983">
        <ele>290.75</ele>
      </trkpt>
      <trkpt lat="45.38895534351468" lon="22.202009093016386">
        <ele>290.97</ele>
      </trkpt>
      <trkpt lat="45.388943776488304" lon="22.20199358649552">
        <ele>291.18</ele>
      </trkpt>
      <trkpt lat="45.38893271237612" lon="22.20197606831789">
        <ele>291.4</ele>
      </trkpt>
      <trkpt lat="45.38892709650099" lon="22.201955784112215">
        <ele>291.61</ele>
      </trkpt>
      <trkpt lat="45.38892265409231" lon="22.201931225135922">
        <ele>291.83</ele>
      </trkpt>
      <trkpt lat="45.38891821168363" lon="22.201909432187676">
        <ele>292.04</ele>
      </trkpt>
      <trkpt lat="45.38890236988664" lon="22.201894596219063">
        <ele>292.25</ele>
      </trkpt>
      <trkpt lat="45.38889876566827" lon="22.201878000050783">
        <ele>292.45</ele>
      </trkpt>
      <trkpt lat="45.38889583200216" lon="22.201858637854457">
        <ele>292.66</ele>
      </trkpt>
      <trkpt lat="45.38889281451702" lon="22.20183877274394">
        <ele>292.87</ele>
      </trkpt>
      <trkpt lat="45.38888770155609" lon="22.20181974582374">
        <ele>293.09</ele>
      </trkpt>
      <trkpt lat="45.3888869471848" lon="22.201800970360637">
        <ele>293.3</ele>
      </trkpt>
      <trkpt lat="45.38888770155609" lon="22.20178496092558">
        <ele>293.51</ele>
      </trkpt>
      <trkpt lat="45.38889113813639" lon="22.20176693983376">
        <ele>293.73</ele>
      </trkpt>
      <trkpt lat="45.388893065974116" lon="22.201738441362977">
        <ele>293.95</ele>
      </trkpt>
      <trkpt lat="45.38889080286026" lon="22.20170918852091">
        <ele>294.17</ele>
      </trkpt>
      <trkpt lat="45.388889042660594" lon="22.20168731175363">
        <ele>294.39</ele>
      </trkpt>
      <trkpt lat="45.388894490897655" lon="22.201665183529258">
        <ele>294.62</ele>
      </trkpt>
      <trkpt lat="45.38890010677278" lon="22.20163450576365">
        <ele>294.85</ele>
      </trkpt>
      <trkpt lat="45.38890195079148" lon="22.201604833826423">
        <ele>295.08</ele>
      </trkpt>
      <trkpt lat="45.388903710991144" lon="22.201581029221416">
        <ele>295.31</ele>
      </trkpt>
      <trkpt lat="45.38890404626727" lon="22.201557978987694">
        <ele>295.54</ele>
      </trkpt>
      <trkpt lat="45.388906141743064" lon="22.20153425820172">
        <ele>295.78</ele>
      </trkpt>
      <trkpt lat="45.38891066797078" lon="22.201511207967997">
        <ele>296.02</ele>
      </trkpt>
      <trkpt lat="45.388912595808506" lon="22.20148748718202">
        <ele>296.27</ele>
      </trkpt>
      <trkpt lat="45.38890840485692" lon="22.20146343111992">
        <ele>296.52</ele>
      </trkpt>
      <trkpt lat="45.38890790194273" lon="22.201442141085863">
        <ele>296.77</ele>
      </trkpt>
      <trkpt lat="45.388909159228206" lon="22.20142244361341">
        <ele>297.02</ele>
      </trkpt>
      <trkpt lat="45.388907147571445" lon="22.201395956799388">
        <ele>297.28</ele>
      </trkpt>
      <trkpt lat="45.38890404626727" lon="22.201376175507903">
        <ele>297.53</ele>
      </trkpt>
      <trkpt lat="45.38888828828931" lon="22.20134331844747">
        <ele>297.8</ele>
      </trkpt>
      <trkpt lat="45.38888401351869" lon="22.201311886310577">
        <ele>298.06</ele>
      </trkpt>
      <trkpt lat="45.38887772709131" lon="22.201277017593384">
        <ele>298.34</ele>
      </trkpt>
      <trkpt lat="45.38887948729098" lon="22.201257655397058">
        <ele>298.61</ele>
      </trkpt>
      <trkpt lat="45.38887697272003" lon="22.201242735609412">
        <ele>298.88</ele>
      </trkpt>
      <trkpt lat="45.388871943578124" lon="22.2012260556221">
        <ele>299.16</ele>
      </trkpt>
      <trkpt lat="45.3888713568449" lon="22.201209040358663">
        <ele>299.43</ele>
      </trkpt>
      <trkpt lat="45.388872027397156" lon="22.20118012279272">
        <ele>299.71</ele>
      </trkpt>
      <trkpt lat="45.38886833935976" lon="22.201153300702572">
        <ele>300.0</ele>
      </trkpt>
      <trkpt lat="45.38885937072337" lon="22.20112144947052">
        <ele>300.29</ele>
      </trkpt>
      <trkpt lat="45.388854341581464" lon="22.201106697320938">
        <ele>300.57</ele>
      </trkpt>
      <trkpt lat="45.38884495384991" lon="22.201086413115263">
        <ele>300.85</ele>
      </trkpt>
      <trkpt lat="45.38883799687028" lon="22.20107107423246">
        <ele>301.13</ele>
      </trkpt>
      <trkpt lat="45.38883313536644" lon="22.20105984248221">
        <ele>301.41</ele>
      </trkpt>
      <trkpt lat="45.38882492110133" lon="22.20104467123747">
        <ele>301.69</ele>
      </trkpt>
      <trkpt lat="45.38881846703589" lon="22.201027991250157">
        <ele>301.97</ele>
      </trkpt>
      <trkpt lat="45.38881503045559" lon="22.201011395081878">
        <ele>302.26</ele>
      </trkpt>
      <trkpt lat="45.38880958221853" lon="22.200988344848156">
        <ele>302.54</ele>
      </trkpt>
      <trkpt lat="45.38880438543856" lon="22.200967306271195">
        <ele>302.83</ele>
      </trkpt>
      <trkpt lat="45.388796757906675" lon="22.200944172218442">
        <ele>303.11</ele>
      </trkpt>
      <trkpt lat="45.38878217339516" lon="22.200921960175037">
        <ele>303.39</ele>
      </trkpt>
      <trkpt lat="45.38877312093973" lon="22.200895557180047">
        <ele>303.68</ele>
      </trkpt>
      <trkpt lat="45.3887643199414" lon="22.200867729261518">
        <ele>303.96</ele>
      </trkpt>
      <trkpt lat="45.388759123161435" lon="22.200842667371035">
        <ele>304.24</ele>
      </trkpt>
      <trkpt lat="45.388755183666945" lon="22.200811319053173">
        <ele>304.52</ele>
      </trkpt>
      <trkpt lat="45.38875350728631" lon="22.20078667625785">
        <ele>304.8</ele>
      </trkpt>
      <trkpt lat="45.38875333964825" lon="22.200769241899252">
        <ele>305.07</ele>
      </trkpt>
      <trkpt lat="45.38874847814441" lon="22.200744347646832">
        <ele>305.35</ele>
      </trkpt>
      <trkpt lat="45.3887418564409" lon="22.200712747871876">
        <ele>305.62</ele>
      </trkpt>
      <trkpt lat="45.38873431272805" lon="22.200684333220124">
        <ele>305.89</ele>
      </trkpt>
      <trkpt lat="45.38872769102454" lon="22.20065432600677">
        <ele>306.15</ele>
      </trkpt>
      <trkpt lat="45.38872157223523" lon="22.20061526633799">
        <ele>306.42</ele>
      </trkpt>
      <trkpt lat="45.38871897384524" lon="22.200587773695588">
        <ele>306.67</ele>
      </trkpt>
      <trkpt lat="45.38871260359883" lon="22.200561789795756">
        <ele>306.92</ele>
      </trkpt>
      <trkpt lat="45.38869139738381" lon="22.20052197575569">
        <ele>307.17</ele>
      </trkpt>
      <trkpt lat="45.38867044262588" lon="22.200489453971386">
        <ele>307.42</ele>
      </trkpt>
      <trkpt lat="45.38864202797413" lon="22.20044025219977">
        <ele>307.66</ele>
      </trkpt>
      <trkpt lat="45.388621827587485" lon="22.200416615232825">
        <ele>307.89</ele>
      </trkpt>
      <trkpt lat="45.388611014932394" lon="22.200384428724647">
        <ele>308.12</ele>
      </trkpt>
      <trkpt lat="45.38861176930368" lon="22.200357858091593">
        <ele>308.35</ele>
      </trkpt>
      <trkpt lat="45.388591988012195" lon="22.200312428176403">
        <ele>308.58</ele>
      </trkpt>
      <trkpt lat="45.388587629422545" lon="22.200297340750694">
        <ele>308.8</ele>
      </trkpt>
      <trkpt lat="45.388578828424215" lon="22.200278230011463">
        <ele>309.01</ele>
      </trkpt>
      <trkpt lat="45.38856935687363" lon="22.20025266520679">
        <ele>309.22</ele>
      </trkpt>
      <trkpt lat="45.38855644874275" lon="22.200226681306958">
        <ele>309.43</ele>
      </trkpt>
      <trkpt lat="45.388549491763115" lon="22.20020337961614">
        <ele>309.64</ele>
      </trkpt>
      <trkpt lat="45.38854136131704" lon="22.200178150087595">
        <ele>309.85</ele>
      </trkpt>
      <trkpt lat="45.38853155449033" lon="22.20016121864319">
        <ele>310.05</ele>
      </trkpt>
      <trkpt lat="45.38852007128298" lon="22.200144873932004">
        <ele>310.25</ele>
      </trkpt>
      <trkpt lat="45.38851370103657" lon="22.200135234743357">
        <ele>310.45</ele>
      </trkpt>
      <trkpt lat="45.388500625267625" lon="22.20013095997274">
        <ele>310.64</ele>
      </trkpt>
      <trkpt lat="45.38849852979183" lon="22.20012861303985">
        <ele>310.84</ele>
      </trkpt>
      <trkpt lat="45.38849827833474" lon="22.200123500078917">
        <ele>311.03</ele>
      </trkpt>
      <trkpt lat="45.38849744014442" lon="22.200119476765394">
        <ele>311.22</ele>
      </trkpt>
      <trkpt lat="45.38849417120218" lon="22.20010992139578">
        <ele>311.41</ele>
      </trkpt>
      <trkpt lat="45.38849165663123" lon="22.20009625889361">
        <ele>311.61</ele>
      </trkpt>
      <trkpt lat="45.38849023170769" lon="22.20008318312466">
        <ele>311.8</ele>
      </trkpt>
      <trkpt lat="45.388486040756106" lon="22.200064910575747">
        <ele>312.0</ele>
      </trkpt>
      <trkpt lat="45.38848243653774" lon="22.200049739331007">
        <ele>312.2</ele>
      </trkpt>
      <trkpt lat="45.388477239757776" lon="22.200033562257886">
        <ele>312.41</ele>
      </trkpt>
      <trkpt lat="45.38846969604492" lon="22.200018307194114">
        <ele>312.61</ele>
      </trkpt>
      <trkpt lat="45.38846684619784" lon="22.20001369714737">
        <ele>312.81</ele>
      </trkpt>
      <trkpt lat="45.38846089504659" lon="22.20000338740647">
        <ele>313.02</ele>
      </trkpt>
      <trkpt lat="45.38845259696245" lon="22.19998880289495">
        <ele>313.23</ele>
      </trkpt>
      <trkpt lat="45.388446394354105" lon="22.199972374364734">
        <ele>313.45</ele>
      </trkpt>
      <trkpt lat="45.38843968883157" lon="22.19995904713869">
        <ele>313.66</ele>
      </trkpt>
      <trkpt lat="45.38843298330903" lon="22.19994488172233">
        <ele>313.88</ele>
      </trkpt>
      <trkpt lat="45.388430804014206" lon="22.199926022440195">
        <ele>314.11</ele>
      </trkpt>
      <trkpt lat="45.388423008844256" lon="22.19990582205355">
        <ele>314.34</ele>
      </trkpt>
      <trkpt lat="45.388405825942755" lon="22.199877491220832">
        <ele>314.58</ele>
      </trkpt>
      <trkpt lat="45.38839727640152" lon="22.199862152338028">
        <ele>314.82</ele>
      </trkpt>
      <trkpt lat="45.3883863799274" lon="22.199844466522336">
        <ele>315.06</ele>
      </trkpt>
      <trkpt lat="45.3883707895875" lon="22.199822003021836">
        <ele>315.31</ele>
      </trkpt>
      <trkpt lat="45.38836123421788" lon="22.199800545349717">
        <ele>315.56</ele>
      </trkpt>
      <trkpt lat="45.38835218176246" lon="22.199782859534025">
        <ele>315.82</ele>
      </trkpt>
      <trkpt lat="45.38834924809635" lon="22.199778500944376">
        <ele>316.07</ele>
      </trkpt>
      <trkpt lat="45.388346649706364" lon="22.199768777936697">
        <ele>316.33</ele>
      </trkpt>
      <trkpt lat="45.388341788202524" lon="22.199747320264578">
        <ele>316.6</ele>
      </trkpt>
      <trkpt lat="45.38833667524159" lon="22.199725192040205">
        <ele>316.87</ele>
      </trkpt>
      <trkpt lat="45.38832535967231" lon="22.19970205798745">
        <ele>317.15</ele>
      </trkpt>
      <trkpt lat="45.38831161335111" lon="22.199681354686618">
        <ele>317.43</ele>
      </trkpt>
      <trkpt lat="45.3882965259254" lon="22.199662663042545">
        <ele>317.72</ele>
      </trkpt>
      <trkpt lat="45.38827758282423" lon="22.19964095391333">
        <ele>318.01</ele>
      </trkpt>
      <trkpt lat="45.38826685398817" lon="22.199620669707656">
        <ele>318.31</ele>
      </trkpt>
      <trkpt lat="45.38825813680887" lon="22.199606588110328">
        <ele>318.6</ele>
      </trkpt>
      <trkpt lat="45.38823458366096" lon="22.199580520391464">
        <ele>318.91</ele>
      </trkpt>
      <trkpt lat="45.388220585882664" lon="22.19956023618579">
        <ele>319.22</ele>
      </trkpt>
      <trkpt lat="45.38821639493108" lon="22.1995562966913">
        <ele>319.52</ele>
      </trkpt>
      <trkpt lat="45.38821371272206" lon="22.19954372383654">
        <ele>319.82</ele>
      </trkpt>
      <trkpt lat="45.3881997987628" lon="22.19952553510666">
        <ele>320.13</ele>
      </trkpt>
      <trkpt lat="45.38819367997348" lon="22.19951329752803">
        <ele>320.44</ele>
      </trkpt>
      <trkpt lat="45.38818068802357" lon="22.199499970301986">
        <ele>320.76</ele>
      </trkpt>
      <trkpt lat="45.38817582651973" lon="22.19949770718813">
        <ele>321.06</ele>
      </trkpt>
      <trkpt lat="45.38817104883492" lon="22.19948840327561">
        <ele>321.38</ele>
      </trkpt>
      <trkpt lat="45.38815948180854" lon="22.199475914239883">
        <ele>321.7</ele>
      </trkpt>
      <trkpt lat="45.3881495911628" lon="22.199459904804826">
        <ele>322.02</ele>
      </trkpt>
      <trkpt lat="45.38813651539385" lon="22.199440961703658">
        <ele>322.34</ele>
      </trkpt>
      <trkpt lat="45.38812419399619" lon="22.19942486844957">
        <ele>322.66</ele>
      </trkpt>
      <trkpt lat="45.38811388425529" lon="22.199406260624528">
        <ele>322.99</ele>
      </trkpt>
      <trkpt lat="45.388098545372486" lon="22.199389580637217">
        <ele>323.31</ele>
      </trkpt>
      <trkpt lat="45.388081865385175" lon="22.199372900649905">
        <ele>323.63</ele>
      </trkpt>
      <trkpt lat="45.38806560449302" lon="22.19935806468129">
        <ele>323.95</ele>
      </trkpt>
      <trkpt lat="45.38805319927633" lon="22.19933987595141">
        <ele>324.27</ele>
      </trkpt>
      <trkpt lat="45.38804054260254" lon="22.199323195964098">
        <ele>324.59</ele>
      </trkpt>
      <trkpt lat="45.38802922703326" lon="22.19930366612971">
        <ele>324.91</ele>
      </trkpt>
      <trkpt lat="45.38801372051239" lon="22.199285058304667">
        <ele>325.23</ele>
      </trkpt>
      <trkpt lat="45.38799821399152" lon="22.199265277013183">
        <ele>325.54</ele>
      </trkpt>
      <trkpt lat="45.387982707470655" lon="22.19925002194941">
        <ele>325.85</ele>
      </trkpt>
      <trkpt lat="45.38797323592007" lon="22.19923091121018">
        <ele>326.16</ele>
      </trkpt>
      <trkpt lat="45.38796736858785" lon="22.199215153232217">
        <ele>326.46</ele>
      </trkpt>
      <trkpt lat="45.387946581467986" lon="22.19919327646494">
        <ele>326.77</ele>
      </trkpt>
      <trkpt lat="45.38793744519353" lon="22.19917919486761">
        <ele>327.07</ele>
      </trkpt>
      <trkpt lat="45.38792369887233" lon="22.199159497395158">
        <ele>327.36</ele>
      </trkpt>
      <trkpt lat="45.38790676742792" lon="22.199139297008514">
        <ele>327.65</ele>
      </trkpt>
      <trkpt lat="45.387890338897705" lon="22.19912345521152">
        <ele>327.94</ele>
      </trkpt>
      <trkpt lat="45.38788313046098" lon="22.199105517938733">
        <ele>328.22</ele>
      </trkpt>
      <trkpt lat="45.38786661811173" lon="22.199094453826547">
        <ele>328.49</ele>
      </trkpt>
      <trkpt lat="45.38784717209637" lon="22.199078192934394">
        <ele>328.77</ele>
      </trkpt>
      <trkpt lat="45.387832168489695" lon="22.199063105508685">
        <ele>329.03</ele>
      </trkpt>
      <trkpt lat="45.38782177492976" lon="22.1990501973778">
        <ele>329.29</ele>
      </trkpt>
      <trkpt lat="45.38780543021858" lon="22.19903737306595">
        <ele>329.55</ele>
      </trkpt>
      <trkpt lat="45.38779637776315" lon="22.19902127981186">
        <ele>329.8</ele>
      </trkpt>
      <trkpt lat="45.387786235660315" lon="22.199010215699673">
        <ele>330.04</ele>
      </trkpt>
      <trkpt lat="45.38776259869337" lon="22.19899403862655">
        <ele>330.28</ele>
      </trkpt>
      <trkpt lat="45.387755054980516" lon="22.198989763855934">
        <ele>330.5</ele>
      </trkpt>
      <trkpt lat="45.387738794088364" lon="22.198978448286653">
        <ele>330.72</ele>
      </trkpt>
      <trkpt lat="45.38773125037551" lon="22.198969898745418">
        <ele>330.93</ele>
      </trkpt>
      <trkpt lat="45.38771901279688" lon="22.198962438851595">
        <ele>331.13</ele>
      </trkpt>
      <trkpt lat="45.38770484738052" lon="22.19895430840552">
        <ele>331.33</ele>
      </trkpt>
      <trkpt lat="45.38769235834479" lon="22.198942741379142">
        <ele>331.52</ele>
      </trkpt>
      <trkpt lat="45.38768129423261" lon="22.198931509628892">
        <ele>331.71</ele>
      </trkpt>
      <trkpt lat="45.387671487405896" lon="22.198919439688325">
        <ele>331.89</ele>
      </trkpt>
      <trkpt lat="45.38765614852309" lon="22.198904436081648">
        <ele>332.06</ele>
      </trkpt>
      <trkpt lat="45.387646090239286" lon="22.198889600113034">
        <ele>332.23</ele>
      </trkpt>
      <trkpt lat="45.38763192482293" lon="22.198875015601516">
        <ele>332.39</ele>
      </trkpt>
      <trkpt lat="45.38761172443628" lon="22.19885758124292">
        <ele>332.55</ele>
      </trkpt>
      <trkpt lat="45.38759579882026" lon="22.198841655626893">
        <ele>332.7</ele>
      </trkpt>
      <trkpt lat="45.38758381269872" lon="22.19882681965828">
        <ele>332.84</ele>
      </trkpt>
      <trkpt lat="45.387570234015584" lon="22.198807960376143">
        <ele>332.98</ele>
      </trkpt>
      <trkpt lat="45.38755841553211" lon="22.19878491014242">
        <ele>333.11</ele>
      </trkpt>
      <trkpt lat="45.387543831020594" lon="22.198763620108366">
        <ele>333.23</ele>
      </trkpt>
      <trkpt lat="45.38751541636884" lon="22.198735373094678">
        <ele>333.35</ele>
      </trkpt>
      <trkpt lat="45.38749513216317" lon="22.19871450215578">
        <ele>333.46</ele>
      </trkpt>
      <trkpt lat="45.38748314604163" lon="22.198698241263628">
        <ele>333.57</ele>
      </trkpt>
      <trkpt lat="45.3874693159014" lon="22.198683992028236">
        <ele>333.67</ele>
      </trkpt>
      <trkpt lat="45.38744056597352" lon="22.19867007806897">
        <ele>333.77</ele>
      </trkpt>
      <trkpt lat="45.387419359758496" lon="22.19865976832807">
        <ele>333.86</ele>
      </trkpt>
      <trkpt lat="45.387396393343806" lon="22.198646860197186">
        <ele>333.96</ele>
      </trkpt>
      <trkpt lat="45.38736931979656" lon="22.198633030056953">
        <ele>334.04</ele>
      </trkpt>
      <trkpt lat="45.38734006695449" lon="22.19862355850637">
        <ele>334.13</ele>
      </trkpt>
      <trkpt lat="45.38731073029339" lon="22.198614589869976">
        <ele>334.21</ele>
      </trkpt>
      <trkpt lat="45.38729153573513" lon="22.198607800528407">
        <ele>334.29</ele>
      </trkpt>
      <trkpt lat="45.387269826605916" lon="22.198598999530077">
        <ele>334.37</ele>
      </trkpt>
      <trkpt lat="45.38724107667804" lon="22.198589025065303">
        <ele>334.45</ele>
      </trkpt>
      <trkpt lat="45.387213164940476" lon="22.198583241552114">
        <ele>334.53</ele>
      </trkpt>
      <trkpt lat="45.38718458265066" lon="22.198580894619226">
        <ele>334.61</ele>
      </trkpt>
      <trkpt lat="45.387164214625955" lon="22.198574440553784">
        <ele>334.69</ele>
      </trkpt>
      <trkpt lat="45.387143176048994" lon="22.198567148298025">
        <ele>334.77</ele>
      </trkpt>
      <trkpt lat="45.38713068701327" lon="22.19856195151806">
        <ele>334.85</ele>
      </trkpt>
      <trkpt lat="45.38712037727237" lon="22.19855817966163">
        <ele>334.93</ele>
      </trkpt>
      <trkpt lat="45.38709933869541" lon="22.198549127206206">
        <ele>335.01</ele>
      </trkpt>
      <trkpt lat="45.38706874474883" lon="22.198540912941098">
        <ele>335.1</ele>
      </trkpt>
      <trkpt lat="45.3870356362313" lon="22.198536721989512">
        <ele>335.19</ele>
      </trkpt>
      <trkpt lat="45.38700529374182" lon="22.19853261485696">
        <ele>335.28</ele>
      </trkpt>
      <trkpt lat="45.386982411146164" lon="22.198526998981833">
        <ele>335.37</ele>
      </trkpt>
      <trkpt lat="45.38696547970176" lon="22.198524149134755">
        <ele>335.46</ele>
      </trkpt>
      <trkpt lat="45.38694553077221" lon="22.19852976500988">
        <ele>335.55</ele>
      </trkpt>
      <trkpt lat="45.38692952133715" lon="22.198528172448277">
        <ele>335.64</ele>
      </trkpt>
      <trkpt lat="45.38690663874149" lon="22.198521718382835">
        <ele>335.74</ele>
      </trkpt>
      <trkpt lat="45.38688886910677" lon="22.198517695069313">
        <ele>335.83</ele>
      </trkpt>
      <trkpt lat="45.386873027309775" lon="22.198513755574822">
        <ele>335.93</ele>
      </trkpt>
      <trkpt lat="45.38685550913215" lon="22.198510821908712">
        <ele>336.03</ele>
      </trkpt>
      <trkpt lat="45.386833967640996" lon="22.198508642613888">
        <ele>336.13</ele>
      </trkpt>
      <trkpt lat="45.386811001226306" lon="22.198504451662302">
        <ele>336.24</ele>
      </trkpt>
      <trkpt lat="45.38678132928908" lon="22.198502523824573">
        <ele>336.35</ele>
      </trkpt>
      <trkpt lat="45.38675224408507" lon="22.19850579276681">
        <ele>336.46</ele>
      </trkpt>
      <trkpt lat="45.38673070259392" lon="22.19851124100387">
        <ele>336.58</ele>
      </trkpt>
      <trkpt lat="45.386704383417964" lon="22.198512917384505">
        <ele>336.69</ele>
      </trkpt>
      <trkpt lat="45.38667772896588" lon="22.198512833565474">
        <ele>336.82</ele>
      </trkpt>
      <trkpt lat="45.3866524156183" lon="22.198509899899364">
        <ele>336.94</ele>
      </trkpt>
      <trkpt lat="45.38663397543132" lon="22.19850721769035">
        <ele>337.07</ele>
      </trkpt>
      <trkpt lat="45.38661327213049" lon="22.19850679859519">
        <ele>337.21</ele>
      </trkpt>
      <trkpt lat="45.38658795878291" lon="22.198496740311384">
        <ele>337.35</ele>
      </trkpt>
      <trkpt lat="45.38656633347273" lon="22.198489950969815">
        <ele>337.49</ele>
      </trkpt>
      <trkpt lat="45.38654428906739" lon="22.19847645610571">
        <ele>337.64</ele>
      </trkpt>
      <trkpt lat="45.3865245077759" lon="22.198464050889015">
        <ele>337.8</ele>
      </trkpt>
      <trkpt lat="45.38650514557958" lon="22.198453908786178">
        <ele>337.95</ele>
      </trkpt>
      <trkpt lat="45.3864917345345" lon="22.198439491912723">
        <ele>338.12</ele>
      </trkpt>
      <trkpt lat="45.38647396489978" lon="22.198420213535428">
        <ele>338.28</ele>
      </trkpt>
      <trkpt lat="45.3864623978734" lon="22.198400516062975">
        <ele>338.45</ele>
      </trkpt>
      <trkpt lat="45.386452339589596" lon="22.19838408753276">
        <ele>338.62</ele>
      </trkpt>
      <trkpt lat="45.38642627187073" lon="22.198366904631257">
        <ele>338.8</ele>
      </trkpt>
      <trkpt lat="45.38640950806439" lon="22.198347793892026">
        <ele>338.98</ele>
      </trkpt>
      <trkpt lat="45.38638897240162" lon="22.1983249951154">
        <ele>339.17</ele>
      </trkpt>
      <trkpt lat="45.386371202766895" lon="22.198300687596202">
        <ele>339.36</ele>
      </trkpt>
      <trkpt lat="45.38634270429611" lon="22.198274116963148">
        <ele>339.56</ele>
      </trkpt>
      <trkpt lat="45.38633532822132" lon="22.198262298479676">
        <ele>339.75</ele>
      </trkpt>
      <trkpt lat="45.386323761194944" lon="22.198246540501714">
        <ele>339.95</ele>
      </trkpt>
      <trkpt lat="45.38630557246506" lon="22.198221562430263">
        <ele>340.15</ele>
      </trkpt>
      <trkpt lat="45.38629383780062" lon="22.19819121994078">
        <ele>340.36</ele>
      </trkpt>
      <trkpt lat="45.38626408204436" lon="22.19817009754479">
        <ele>340.57</ele>
      </trkpt>
      <trkpt lat="45.38623424246907" lon="22.198149897158146">
        <ele>340.78</ele>
      </trkpt>
      <trkpt lat="45.38620289415121" lon="22.198129948228598">
        <ele>341.0</ele>
      </trkpt>
      <trkpt lat="45.38617104291916" lon="22.198117962107062">
        <ele>341.22</ele>
      </trkpt>
      <trkpt lat="45.38615050725639" lon="22.198097677901387">
        <ele>341.45</ele>
      </trkpt>
      <trkpt lat="45.38612108677626" lon="22.198075717315078">
        <ele>341.68</ele>
      </trkpt>
      <trkpt lat="45.38610063493252" lon="22.198053589090705">
        <ele>341.92</ele>
      </trkpt>
      <trkpt lat="45.38607724942267" lon="22.19802215695381">
        <ele>342.16</ele>
      </trkpt>
      <trkpt lat="45.38604757748544" lon="22.19799080863595">
        <ele>342.41</ele>
      </trkpt>
      <trkpt lat="45.38602704182267" lon="22.197963315993547">
        <ele>342.66</ele>
      </trkpt>
      <trkpt lat="45.386014468967915" lon="22.197938170284033">
        <ele>342.92</ele>
      </trkpt>
      <trkpt lat="45.38599913008511" lon="22.19792040064931">
        <ele>343.18</ele>
      </trkpt>
      <trkpt lat="45.385980270802975" lon="22.19790866598487">
        <ele>343.44</ele>
      </trkpt>
      <trkpt lat="45.385951437056065" lon="22.197879161685705">
        <ele>343.71</ele>
      </trkpt>
      <trkpt lat="45.38592369295657" lon="22.19784613698721">
        <ele>343.99</ele>
      </trkpt>
      <trkpt lat="45.38590148091316" lon="22.1978154592216">
        <ele>344.27</ele>
      </trkpt>
      <trkpt lat="45.38587298244238" lon="22.19778419472277">
        <ele>344.56</ele>
      </trkpt>
      <trkpt lat="45.385841969400644" lon="22.19775033183396">
        <ele>344.85</ele>
      </trkpt>
      <trkpt lat="45.38580022752285" lon="22.197715798392892">
        <ele>345.15</ele>
      </trkpt>
      <trkpt lat="45.385763766244054" lon="22.197691407054663">
        <ele>345.45</ele>
      </trkpt>
      <trkpt lat="45.385746750980616" lon="22.197661818936467">
        <ele>345.77</ele>
      </trkpt>
      <trkpt lat="45.38571515120566" lon="22.19762577675283">
        <ele>346.09</ele>
      </trkpt>
      <trkpt lat="45.38570836186409" lon="22.19761060550809">
        <ele>346.4</ele>
      </trkpt>
      <trkpt lat="45.38569319061935" lon="22.19758671708405">
        <ele>346.73</ele>
      </trkpt>
      <trkpt lat="45.385675337165594" lon="22.197567522525787">
        <ele>347.05</ele>
      </trkpt>
      <trkpt lat="45.385645581409335" lon="22.197549752891064">
        <ele>347.37</ele>
      </trkpt>
      <trkpt lat="45.385630493983626" lon="22.19754036515951">
        <ele>347.69</ele>
      </trkpt>
      <trkpt lat="45.385607946664095" lon="22.197520583868027">
        <ele>348.02</ele>
      </trkpt>
      <trkpt lat="45.38557391613722" lon="22.197492001578212">
        <ele>348.36</ele>
      </trkpt>
      <trkpt lat="45.38554809987545" lon="22.197474064305425">
        <ele>348.69</ele>
      </trkpt>
      <trkpt lat="45.3855162486434" lon="22.197455372661352">
        <ele>349.02</ele>
      </trkpt>
      <trkpt lat="45.385497976094484" lon="22.197453025728464">
        <ele>349.35</ele>
      </trkpt>
      <trkpt lat="45.38548213429749" lon="22.197439949959517">
        <ele>349.69</ele>
      </trkpt>
      <trkpt lat="45.385476518422365" lon="22.197438441216946">
        <ele>350.02</ele>
      </trkpt>
      <trkpt lat="45.38547350093722" lon="22.197433076798916">
        <ele>350.34</ele>
      </trkpt>
      <trkpt lat="45.38547140546143" lon="22.197431148961186">
        <ele>350.67</ele>
      </trkpt>
      <trkpt lat="45.385467214509845" lon="22.19742938876152">
        <ele>350.99</ele>
      </trkpt>
      <trkpt lat="45.38546503521502" lon="22.197428634390235">
        <ele>351.31</ele>
      </trkpt>
      <trkpt lat="45.385451037436724" lon="22.197425700724125">
        <ele>351.63</ele>
      </trkpt>
      <trkpt lat="45.3854367043823" lon="22.197419917210937">
        <ele>351.96</ele>
      </trkpt>
      <trkpt lat="45.38542052730918" lon="22.19740935601294">
        <ele>352.29</ele>
      </trkpt>
      <trkpt lat="45.38541725836694" lon="22.19740734435618">
        <ele>352.61</ele>
      </trkpt>
      <trkpt lat="45.385397812351584" lon="22.19739711843431">
        <ele>352.94</ele>
      </trkpt>
      <trkpt lat="45.38537903688848" lon="22.19738923944533">
        <ele>353.26</ele>
      </trkpt>
      <trkpt lat="45.38536386564374" lon="22.19738245010376">
        <ele>353.58</ele>
      </trkpt>
      <trkpt lat="45.38534835912287" lon="22.19737507402897">
        <ele>353.89</ele>
      </trkpt>
      <trkpt lat="45.38532447069883" lon="22.19736677594483">
        <ele>354.21</ele>
      </trkpt>
      <trkpt lat="45.385302593931556" lon="22.19736292026937">
        <ele>354.51</ele>
      </trkpt>
      <trkpt lat="45.38528373464942" lon="22.19736007042229">
        <ele>354.81</ele>
      </trkpt>
      <trkpt lat="45.38526822812855" lon="22.197358142584562">
        <ele>355.1</ele>
      </trkpt>
      <trkpt lat="45.385251212865114" lon="22.197357220575213">
        <ele>355.39</ele>
      </trkpt>
      <trkpt lat="45.38522841408849" lon="22.197359148412943">
        <ele>355.66</ele>
      </trkpt>
      <trkpt lat="45.3852260671556" lon="22.197360154241323">
        <ele>355.93</ele>
      </trkpt>
      <trkpt lat="45.38521877489984" lon="22.19735755585134">
        <ele>356.19</ele>
      </trkpt>
      <trkpt lat="45.38521525450051" lon="22.1973561309278">
        <ele>356.45</ele>
      </trkpt>
      <trkpt lat="45.38520226255059" lon="22.197353867813945">
        <ele>356.71</ele>
      </trkpt>
      <trkpt lat="45.3851827327162" lon="22.197351939976215">
        <ele>356.96</ele>
      </trkpt>
      <trkpt lat="45.38515507243574" lon="22.197354454547167">
        <ele>357.21</ele>
      </trkpt>
      <trkpt lat="45.385150043293834" lon="22.197353867813945">
        <ele>357.44</ele>
      </trkpt>
      <trkpt lat="45.38512883707881" lon="22.19736149534583">
        <ele>357.67</ele>
      </trkpt>
      <trkpt lat="45.385104697197676" lon="22.197363171726465">
        <ele>357.9</ele>
      </trkpt>
      <trkpt lat="45.38508634082973" lon="22.197363004088402">
        <ele>358.13</ele>
      </trkpt>
      <trkpt lat="45.38507645018399" lon="22.19736384227872">
        <ele>358.34</ele>
      </trkpt>
      <trkpt lat="45.38506488315761" lon="22.197364764288068">
        <ele>358.55</ele>
      </trkpt>
      <trkpt lat="45.38504811935127" lon="22.197365937754512">
        <ele>358.75</ele>
      </trkpt>
      <trkpt lat="45.3850238956511" lon="22.197363758459687">
        <ele>358.95</ele>
      </trkpt>
      <trkpt lat="45.38500084541738" lon="22.197372475638986">
        <ele>359.14</ele>
      </trkpt>
      <trkpt lat="45.38498190231621" lon="22.19738580286503">
        <ele>359.32</ele>
      </trkpt>
      <trkpt lat="45.38497947156429" lon="22.197389407083392">
        <ele>359.49</ele>
      </trkpt>
      <trkpt lat="45.38497243076563" lon="22.19738882035017">
        <ele>359.66</ele>
      </trkpt>
      <trkpt lat="45.38496220484376" lon="22.197388149797916">
        <ele>359.83</ele>
      </trkpt>
      <trkpt lat="45.38495684042573" lon="22.19738873653114">
        <ele>359.98</ele>
      </trkpt>
      <trkpt lat="45.38495482876897" lon="22.197388065978885">
        <ele>360.13</ele>
      </trkpt>
      <trkpt lat="45.38493881933391" lon="22.19738873653114">
        <ele>360.28</ele>
      </trkpt>
      <trkpt lat="45.38492415100336" lon="22.197388652712107">
        <ele>360.43</ele>
      </trkpt>
      <trkpt lat="45.38491099141538" lon="22.197382701560855">
        <ele>360.57</ele>
      </trkpt>
      <trkpt lat="45.3848962392658" lon="22.197372810915112">
        <ele>360.72</ele>
      </trkpt>
      <trkpt lat="45.38487704470754" lon="22.19736241735518">
        <ele>360.86</ele>
      </trkpt>
      <trkpt lat="45.38486396893859" lon="22.197349844500422">
        <ele>361.0</ele>
      </trkpt>
      <trkpt lat="45.384854497388005" lon="22.197340289130807">
        <ele>361.13</ele>
      </trkpt>
      <trkpt lat="45.384839829057455" lon="22.197327045723796">
        <ele>361.27</ele>
      </trkpt>
      <trkpt lat="45.384821807965636" lon="22.197313383221626">
        <ele>361.41</ele>
      </trkpt>
      <trkpt lat="45.38479850627482" lon="22.197296116501093">
        <ele>361.54</ele>
      </trkpt>
      <trkpt lat="45.38478199392557" lon="22.197279268875718">
        <ele>361.67</ele>
      </trkpt>
      <trkpt lat="45.384755339473486" lon="22.197263343259692">
        <ele>361.8</ele>
      </trkpt>
      <trkpt lat="45.38473304361105" lon="22.19725060276687">
        <ele>361.93</ele>
      </trkpt>
      <trkpt lat="45.38471535779536" lon="22.197234760969877">
        <ele>362.06</ele>
      </trkpt>
      <trkpt lat="45.38470387458801" lon="22.197218416258693">
        <ele>362.19</ele>
      </trkpt>
      <trkpt lat="45.38469071500003" lon="22.19720408320427">
        <ele>362.32</ele>
      </trkpt>
      <trkpt lat="45.38466481491923" lon="22.197179440408945">
        <ele>362.43</ele>
      </trkpt>
      <trkpt lat="45.38465048186481" lon="22.19715622253716">
        <ele>362.55</ele>
      </trkpt>
      <trkpt lat="45.384636064991355" lon="22.19713568687439">
        <ele>362.67</ele>
      </trkpt>
      <trkpt lat="45.384619468823075" lon="22.1971127204597">
        <ele>362.78</ele>
      </trkpt>
      <trkpt lat="45.384611170738935" lon="22.19709327444434">
        <ele>362.9</ele>
      </trkpt>
      <trkpt lat="45.384603794664145" lon="22.197069888934493">
        <ele>363.03</ele>
      </trkpt>
      <trkpt lat="45.38459658622742" lon="22.197053376585245">
        <ele>363.16</ele>
      </trkpt>
      <trkpt lat="45.38458158262074" lon="22.197041641920805">
        <ele>363.28</ele>
      </trkpt>
      <trkpt lat="45.384571021422744" lon="22.197022950276732">
        <ele>363.4</ele>
      </trkpt>
      <trkpt lat="45.38455911912024" lon="22.19700090587139">
        <ele>363.54</ele>
      </trkpt>
      <trkpt lat="45.38454947993159" lon="22.196971317753196">
        <ele>363.68</ele>
      </trkpt>
      <trkpt lat="45.38455065339804" lon="22.196951117366552">
        <ele>363.83</ele>
      </trkpt>
      <trkpt lat="45.384550066664815" lon="22.19692161306739">
        <ele>363.98</ele>
      </trkpt>
      <trkpt lat="45.3845370747149" lon="22.19688506796956">
        <ele>364.14</ele>
      </trkpt>
      <trkpt lat="45.38454445078969" lon="22.19685564748943">
        <ele>364.3</ele>
      </trkpt>
      <trkpt lat="45.38454696536064" lon="22.196838967502117">
        <ele>364.47</ele>
      </trkpt>
      <trkpt lat="45.38454461842775" lon="22.19682790338993">
        <ele>364.63</ele>
      </trkpt>
      <trkpt lat="45.384538332000375" lon="22.196810133755207">
        <ele>364.79</ele>
      </trkpt>
      <trkpt lat="45.38453464396298" lon="22.196785574778914">
        <ele>364.96</ele>
      </trkpt>
      <trkpt lat="45.384532464668155" lon="22.196772750467062">
        <ele>365.13</ele>
      </trkpt>
      <trkpt lat="45.38453187793493" lon="22.196759339421988">
        <ele>365.31</ele>
      </trkpt>
      <trkpt lat="45.38453045301139" lon="22.196744168177247">
        <ele>365.49</ele>
      </trkpt>
      <trkpt lat="45.38452894426882" lon="22.196729416027665">
        <ele>365.68</ele>
      </trkpt>
      <trkpt lat="45.38452936336398" lon="22.196714831516147">
        <ele>365.87</ele>
      </trkpt>
      <trkpt lat="45.38453238084912" lon="22.196695050224662">
        <ele>366.07</ele>
      </trkpt>
      <trkpt lat="45.38452978245914" lon="22.19667392782867">
        <ele>366.26</ele>
      </trkpt>
      <trkpt lat="45.38452827371657" lon="22.19665054231882">
        <ele>366.47</ele>
      </trkpt>
      <trkpt lat="45.3845317941159" lon="22.196630593389273">
        <ele>366.68</ele>
      </trkpt>
      <trkpt lat="45.38453162647784" lon="22.196615589782596">
        <ele>366.88</ele>
      </trkpt>
      <trkpt lat="45.38452944718301" lon="22.19659773632884">
        <ele>367.09</ele>
      </trkpt>
      <trkpt lat="45.384528106078506" lon="22.196576530113816">
        <ele>367.31</ele>
      </trkpt>
      <trkpt lat="45.38453129120171" lon="22.19655130058527">
        <ele>367.53</ele>
      </trkpt>
      <trkpt lat="45.38453221321106" lon="22.196526573970914">
        <ele>367.75</ele>
      </trkpt>
      <trkpt lat="45.38453372195363" lon="22.196510061621666">
        <ele>367.97</ele>
      </trkpt>
      <trkpt lat="45.384532548487186" lon="22.196494974195957">
        <ele>368.19</ele>
      </trkpt>
      <trkpt lat="45.38452877663076" lon="22.196482317522168">
        <ele>368.41</ele>
      </trkpt>
      <trkpt lat="45.38452827371657" lon="22.19646287150681">
        <ele>368.64</ele>
      </trkpt>
      <trkpt lat="45.38453171029687" lon="22.196447113528848">
        <ele>368.88</ele>
      </trkpt>
      <trkpt lat="45.38453606888652" lon="22.196429930627346">
        <ele>369.11</ele>
      </trkpt>
      <trkpt lat="45.38454445078969" lon="22.196414172649384">
        <ele>369.35</ele>
      </trkpt>
      <trkpt lat="45.384550569579005" lon="22.1964047010988">
        <ele>369.6</ele>
      </trkpt>
      <trkpt lat="45.38455568253994" lon="22.19639145769179">
        <ele>369.84</ele>
      </trkpt>
      <trkpt lat="45.38456062786281" lon="22.19637444242835">
        <ele>370.09</ele>
      </trkpt>
      <trkpt lat="45.38456364534795" lon="22.19636170193553">
        <ele>370.34</ele>
      </trkpt>
      <trkpt lat="45.384565154090524" lon="22.19634502194822">
        <ele>370.59</ele>
      </trkpt>
      <trkpt lat="45.38456532172859" lon="22.19632507301867">
        <ele>370.84</ele>
      </trkpt>
      <trkpt lat="45.38456389680505" lon="22.196306297555566">
        <ele>371.09</ele>
      </trkpt>
      <trkpt lat="45.384564734995365" lon="22.196288108825684">
        <ele>371.35</ele>
      </trkpt>
      <trkpt lat="45.38456490263343" lon="22.196265142410994">
        <ele>371.61</ele>
      </trkpt>
      <trkpt lat="45.384564734995365" lon="22.196245193481445">
        <ele>371.88</ele>
      </trkpt>
      <trkpt lat="45.384568590670824" lon="22.196225747466087">
        <ele>372.14</ele>
      </trkpt>
      <trkpt lat="45.38457294926047" lon="22.19620185904205">
        <ele>372.42</ele>
      </trkpt>
      <trkpt lat="45.38457764312625" lon="22.196179311722517">
        <ele>372.69</ele>
      </trkpt>
      <trkpt lat="45.38458501920104" lon="22.1961560100317">
        <ele>372.97</ele>
      </trkpt>
      <trkpt lat="45.38458946160972" lon="22.1961301099509">
        <ele>373.24</ele>
      </trkpt>
      <trkpt lat="45.38459423929453" lon="22.19610379077494">
        <ele>373.52</ele>
      </trkpt>
      <trkpt lat="45.38460060954094" lon="22.196076130494475">
        <ele>373.8</ele>
      </trkpt>
      <trkpt lat="45.38460454903543" lon="22.196055511012673">
        <ele>374.09</ele>
      </trkpt>
      <trkpt lat="45.384606812149286" lon="22.196035897359252">
        <ele>374.37</ele>
      </trkpt>
      <trkpt lat="45.38461075164378" lon="22.196016870439053">
        <ele>374.66</ele>
      </trkpt>
      <trkpt lat="45.38461376912892" lon="22.195997424423695">
        <ele>374.96</ele>
      </trkpt>
      <trkpt lat="45.384615529328585" lon="22.19597714021802">
        <ele>375.26</ele>
      </trkpt>
      <trkpt lat="45.38461787626147" lon="22.195949982851744">
        <ele>375.57</ele>
      </trkpt>
      <trkpt lat="45.38461913354695" lon="22.19591905362904">
        <ele>375.87</ele>
      </trkpt>
      <trkpt lat="45.384622905403376" lon="22.195887034758925">
        <ele>376.18</ele>
      </trkpt>
      <trkpt lat="45.38462617434561" lon="22.19586130231619">
        <ele>376.5</ele>
      </trkpt>
      <trkpt lat="45.384629275649786" lon="22.19583699479699">
        <ele>376.81</ele>
      </trkpt>
      <trkpt lat="45.38463095203042" lon="22.195810759440064">
        <ele>377.13</ele>
      </trkpt>
      <trkpt lat="45.38463003002107" lon="22.19578905031085">
        <ele>377.45</ele>
      </trkpt>
      <trkpt lat="45.38462994620204" lon="22.19576809555292">
        <ele>377.77</ele>
      </trkpt>
      <trkpt lat="45.38462550379336" lon="22.195742866024375">
        <ele>378.09</ele>
      </trkpt>
      <trkpt lat="45.38462810218334" lon="22.19571964815259">
        <ele>378.42</ele>
      </trkpt>
      <trkpt lat="45.38463531062007" lon="22.195693077519536">
        <ele>378.75</ele>
      </trkpt>
      <trkpt lat="45.38464369252324" lon="22.1956620644778">
        <ele>379.09</ele>
      </trkpt>
      <trkpt lat="45.38465199060738" lon="22.19562828540802">
        <ele>379.44</ele>
      </trkpt>
      <trkpt lat="45.38465492427349" lon="22.19559509307146">
        <ele>379.78</ele>
      </trkpt>
      <trkpt lat="45.384655594825745" lon="22.195567097514868">
        <ele>380.12</ele>
      </trkpt>
      <trkpt lat="45.38465936668217" lon="22.195536252111197">
        <ele>380.47</ele>
      </trkpt>
      <trkpt lat="45.38466447964311" lon="22.195487469434738">
        <ele>380.82</ele>
      </trkpt>
      <trkpt lat="45.384662970900536" lon="22.195446901023388">
        <ele>381.17</ele>
      </trkpt>
      <trkpt lat="45.38466213271022" lon="22.19540105201304">
        <ele>381.52</ele>
      </trkpt>
      <trkpt lat="45.38465450517833" lon="22.195357885211706">
        <ele>381.86</ele>
      </trkpt>
      <trkpt lat="45.38465584628284" lon="22.195329051464796">
        <ele>382.2</ele>
      </trkpt>
      <trkpt lat="45.38465735502541" lon="22.195322765037417">
        <ele>382.53</ele>
      </trkpt>
      <trkpt lat="45.384654588997364" lon="22.19531019218266">
        <ele>382.86</ele>
      </trkpt>
      <trkpt lat="45.38465676829219" lon="22.19528714194894">
        <ele>383.18</ele>
      </trkpt>
      <trkpt lat="45.38466255180538" lon="22.195262415334582">
        <ele>383.52</ele>
      </trkpt>
      <trkpt lat="45.38466942496598" lon="22.19523685052991">
        <ele>383.85</ele>
      </trkpt>
      <trkpt lat="45.38467772305012" lon="22.195218075066805">
        <ele>384.17</ele>
      </trkpt>
      <trkpt lat="45.38468870334327" lon="22.19519787468016">
        <ele>384.49</ele>
      </trkpt>
      <trkpt lat="45.38469633087516" lon="22.195172561332583">
        <ele>384.79</ele>
      </trkpt>
      <trkpt lat="45.38470513187349" lon="22.19515487551689">
        <ele>385.09</ele>
      </trkpt>
      <trkpt lat="45.38471259176731" lon="22.19514112919569">
        <ele>385.38</ele>
      </trkpt>
      <trkpt lat="45.38471896201372" lon="22.19512838870287">
        <ele>385.66</ele>
      </trkpt>
      <trkpt lat="45.384724996984005" lon="22.195101650431752">
        <ele>385.94</ele>
      </trkpt>
      <trkpt lat="45.384735306724906" lon="22.19507273286581">
        <ele>386.22</ele>
      </trkpt>
      <trkpt lat="45.38474570028484" lon="22.195044150575995">
        <ele>386.49</ele>
      </trkpt>
      <trkpt lat="45.38475450128317" lon="22.19501942396164">
        <ele>386.75</ele>
      </trkpt>
      <trkpt lat="45.38476690649986" lon="22.19498874619603">
        <ele>387.0</ele>
      </trkpt>
      <trkpt lat="45.38477470166981" lon="22.19495597295463">
        <ele>387.24</ele>
      </trkpt>
      <trkpt lat="45.38478241302073" lon="22.1949247084558">
        <ele>387.48</ele>
      </trkpt>
      <trkpt lat="45.38478693924844" lon="22.19489830546081">
        <ele>387.71</ele>
      </trkpt>
      <trkpt lat="45.384791465476155" lon="22.194877099245787">
        <ele>387.93</ele>
      </trkpt>
      <trkpt lat="45.384794902056456" lon="22.19484801404178">
        <ele>388.14</ele>
      </trkpt>
      <trkpt lat="45.38479942828417" lon="22.19482555054128">
        <ele>388.34</ele>
      </trkpt>
      <trkpt lat="45.38480881601572" lon="22.19479914754629">
        <ele>388.54</ele>
      </trkpt>
      <trkpt lat="45.384820131585" lon="22.194772996008396">
        <ele>388.74</ele>
      </trkpt>
      <trkpt lat="45.38482557982206" lon="22.19474089331925">
        <ele>388.91</ele>
      </trkpt>
      <trkpt lat="45.38481988012791" lon="22.19469018280506">
        <ele>389.08</ele>
      </trkpt>
      <trkpt lat="45.38482750765979" lon="22.194658080115914">
        <ele>389.25</ele>
      </trkpt>
      <trkpt lat="45.38482784293592" lon="22.194623295217752">
        <ele>389.41</ele>
      </trkpt>
      <trkpt lat="45.38482549600303" lon="22.194596054032445">
        <ele>389.58</ele>
      </trkpt>
      <trkpt lat="45.384826082736254" lon="22.194585911929607">
        <ele>389.74</ele>
      </trkpt>
      <trkpt lat="45.38483421318233" lon="22.194547690451145">
        <ele>389.9</ele>
      </trkpt>
      <trkpt lat="45.38484301418066" lon="22.19450888223946">
        <ele>390.05</ele>
      </trkpt>
      <trkpt lat="45.38484435528517" lon="22.194499829784036">
        <ele>390.2</ele>
      </trkpt>
      <trkpt lat="45.38484779186547" lon="22.194473762065172">
        <ele>390.35</ele>
      </trkpt>
      <trkpt lat="45.38483974523842" lon="22.194431433454156">
        <ele>390.5</ele>
      </trkpt>
      <trkpt lat="45.3848444391042" lon="22.194388434290886">
        <ele>390.65</ele>
      </trkpt>
      <trkpt lat="45.38484686985612" lon="22.194383488968015">
        <ele>390.79</ele>
      </trkpt>
      <trkpt lat="45.38484829477966" lon="22.19437938183546">
        <ele>390.92</ele>
      </trkpt>
      <trkpt lat="45.384852988645434" lon="22.19436412677169">
        <ele>391.06</ele>
      </trkpt>
      <trkpt lat="45.384856425225735" lon="22.194345770403743">
        <ele>391.2</ele>
      </trkpt>
      <trkpt lat="45.38485944271088" lon="22.194323977455497">
        <ele>391.35</ele>
      </trkpt>
      <trkpt lat="45.38486556150019" lon="22.19430168159306">
        <ele>391.49</ele>
      </trkpt>
      <trkpt lat="45.38486891426146" lon="22.194287348538637">
        <ele>391.63</ele>
      </trkpt>
      <trkpt lat="45.384868662804365" lon="22.194269578903913">
        <ele>391.77</ele>
      </trkpt>
      <trkpt lat="45.384873608127236" lon="22.19425189308822">
        <ele>391.91</ele>
      </trkpt>
      <trkpt lat="45.384877463802695" lon="22.19423479400575">
        <ele>392.06</ele>
      </trkpt>
      <trkpt lat="45.384885258972645" lon="22.194218952208757">
        <ele>392.2</ele>
      </trkpt>
      <trkpt lat="45.3848909586668" lon="22.194199254736304">
        <ele>392.34</ele>
      </trkpt>
      <trkpt lat="45.38489959202707" lon="22.194178635254502">
        <ele>392.49</ele>
      </trkpt>
      <trkpt lat="45.38491082377732" lon="22.194155836477876">
        <ele>392.63</ele>
      </trkpt>
      <trkpt lat="45.38491928949952" lon="22.194139743223786">
        <ele>392.78</ele>
      </trkpt>
      <trkpt lat="45.384930269792676" lon="22.194126499816775">
        <ele>392.93</ele>
      </trkpt>
      <trkpt lat="45.38493915461004" lon="22.194103365764022">
        <ele>393.08</ele>
      </trkpt>
      <trkpt lat="45.38494351319969" lon="22.194081991910934">
        <ele>393.23</ele>
      </trkpt>
      <trkpt lat="45.384945357218385" lon="22.194060115143657">
        <ele>393.39</ele>
      </trkpt>
      <trkpt lat="45.38495063781738" lon="22.19404653646052">
        <ele>393.55</ele>
      </trkpt>
      <trkpt lat="45.38496010936797" lon="22.19402859918773">
        <ele>393.71</ele>
      </trkpt>
      <trkpt lat="45.38497293367982" lon="22.19400462694466">
        <ele>393.88</ele>
      </trkpt>
      <trkpt lat="45.384986428543925" lon="22.193974368274212">
        <ele>394.04</ele>
      </trkpt>
      <trkpt lat="45.38499204441905" lon="22.193942768499255">
        <ele>394.22</ele>
      </trkpt>
      <trkpt lat="45.38499933667481" lon="22.1939180418849">
        <ele>394.39</ele>
      </trkpt>
      <trkpt lat="45.385007886216044" lon="22.193898931145668">
        <ele>394.56</ele>
      </trkpt>
      <trkpt lat="45.38501903414726" lon="22.19387697055936">
        <ele>394.74</ele>
      </trkpt>
      <trkpt lat="45.385030852630734" lon="22.19385693781078">
        <ele>394.91</ele>
      </trkpt>
      <trkpt lat="45.38505130447447" lon="22.193842520937324">
        <ele>395.08</ele>
      </trkpt>
      <trkpt lat="45.38506781682372" lon="22.19381846487522">
        <ele>395.26</ele>
      </trkpt>
      <trkpt lat="45.38508080877364" lon="22.193798515945673">
        <ele>395.44</ele>
      </trkpt>
      <trkpt lat="45.38509463891387" lon="22.193779069930315">
        <ele>395.63</ele>
      </trkpt>
      <trkpt lat="45.38509765639901" lon="22.193756019696593">
        <ele>395.82</ele>
      </trkpt>
      <trkpt lat="45.385085167363286" lon="22.193734142929316">
        <ele>396.03</ele>
      </trkpt>
      <trkpt lat="45.38510352373123" lon="22.1937142778188">
        <ele>396.22</ele>
      </trkpt>
      <trkpt lat="45.3851052839309" lon="22.193709667772055">
        <ele>396.41</ele>
      </trkpt>
      <trkpt lat="45.38510721176863" lon="22.19370547682047">
        <ele>396.62</ele>
      </trkpt>
      <trkpt lat="45.38510981015861" lon="22.1936952508986">
        <ele>396.83</ele>
      </trkpt>
      <trkpt lat="45.38511115126312" lon="22.193678906187415">
        <ele>397.04</ele>
      </trkpt>
      <trkpt lat="45.38511014543474" lon="22.193658789619803">
        <ele>397.27</ele>
      </trkpt>
      <trkpt lat="45.38510989397764" lon="22.19363808631897">
        <ele>397.5</ele>
      </trkpt>
      <trkpt lat="45.385106625035405" lon="22.193615036085248">
        <ele>397.73</ele>
      </trkpt>
      <trkpt lat="45.38510134443641" lon="22.193596847355366">
        <ele>397.97</ele>
      </trkpt>
      <trkpt lat="45.38510235026479" lon="22.193576227873564">
        <ele>398.21</ele>
      </trkpt>
      <trkpt lat="45.385095896199346" lon="22.19355602748692">
        <ele>398.46</ele>
      </trkpt>
      <trkpt lat="45.385089945048094" lon="22.193539012223482">
        <ele>398.71</ele>
      </trkpt>
      <trkpt lat="45.385084664449096" lon="22.193526858463883">
        <ele>398.97</ele>
      </trkpt>
      <trkpt lat="45.385079719126225" lon="22.193515542894602">
        <ele>399.22</ele>
      </trkpt>
      <trkpt lat="45.385078210383654" lon="22.193501545116305">
        <ele>399.48</ele>
      </trkpt>
      <trkpt lat="45.38507460616529" lon="22.19349006190896">
        <ele>399.75</ele>
      </trkpt>
      <trkpt lat="45.385066978633404" lon="22.193478997796774">
        <ele>400.02</ele>
      </trkpt>
      <trkpt lat="45.38506236858666" lon="22.193471621721983">
        <ele>400.28</ele>
      </trkpt>
      <trkpt lat="45.385055746883154" lon="22.19346164725721">
        <ele>400.56</ele>
      </trkpt>
      <trkpt lat="45.385047951713204" lon="22.193445302546024">
        <ele>400.84</ele>
      </trkpt>
      <trkpt lat="45.38502364419401" lon="22.193430550396442">
        <ele>401.13</ele>
      </trkpt>
      <trkpt lat="45.385015262290835" lon="22.193420911207795">
        <ele>401.42</ele>
      </trkpt>
      <trkpt lat="45.38500428199768" lon="22.19341093674302">
        <ele>401.7</ele>
      </trkpt>
      <trkpt lat="45.384991792961955" lon="22.193416384980083">
        <ele>401.99</ele>
      </trkpt>
      <trkpt lat="45.38499011658132" lon="22.19340071082115">
        <ele>402.27</ele>
      </trkpt>
      <trkpt lat="45.384972263127565" lon="22.193388305604458">
        <ele>402.57</ele>
      </trkpt>
      <trkpt lat="45.38494820706546" lon="22.193372463807464">
        <ele>402.86</ele>
      </trkpt>
      <trkpt lat="45.384936640039086" lon="22.193361315876245">
        <ele>403.15</ele>
      </trkpt>
      <trkpt lat="45.38492909632623" lon="22.193345054984093">
        <ele>403.44</ele>
      </trkpt>
      <trkpt lat="45.38492364808917" lon="22.193336337804794">
        <ele>403.72</ele>
      </trkpt>
      <trkpt lat="45.38490889593959" lon="22.19332242384553">
        <ele>404.01</ele>
      </trkpt>
      <trkpt lat="45.384889617562294" lon="22.1933014690876">
        <ele>404.3</ele>
      </trkpt>
      <trkpt lat="45.384881822392344" lon="22.193283615633845">
        <ele>404.58</ele>
      </trkpt>
      <trkpt lat="45.384878469631076" lon="22.193280179053545">
        <ele>404.85</ele>
      </trkpt>
      <trkpt lat="45.38487268611789" lon="22.193278335034847">
        <ele>405.11</ele>
      </trkpt>
      <trkpt lat="45.384865226224065" lon="22.193269534036517">
        <ele>405.38</ele>
      </trkpt>
      <trkpt lat="45.3848600294441" lon="22.19326333142817">
        <ele>405.64</ele>
      </trkpt>
      <trkpt lat="45.38484938442707" lon="22.19325888901949">
        <ele>405.89</ele>
      </trkpt>
      <trkpt lat="45.38484142161906" lon="22.193253776058555">
        <ele>406.14</ele>
      </trkpt>
      <trkpt lat="45.384825160726905" lon="22.193247405812144">
        <ele>406.39</ele>
      </trkpt>
      <trkpt lat="45.38480881601572" lon="22.193240616470575">
        <ele>406.63</ele>
      </trkpt>
      <trkpt lat="45.384793393313885" lon="22.19323399476707">
        <ele>406.86</ele>
      </trkpt>
      <trkpt lat="45.38478140719235" lon="22.193226870149374">
        <ele>407.09</ele>
      </trkpt>
      <trkpt lat="45.38476129062474" lon="22.193217230960727">
        <ele>407.3</ele>
      </trkpt>
      <trkpt lat="45.3847493045032" lon="22.193206418305635">
        <ele>407.51</ele>
      </trkpt>
      <trkpt lat="45.384733797982335" lon="22.193193761631846">
        <ele>407.71</ele>
      </trkpt>
      <trkpt lat="45.384723572060466" lon="22.19318118877709">
        <ele>407.9</ele>
      </trkpt>
      <trkpt lat="45.384713765233755" lon="22.1931719686836">
        <ele>408.07</ele>
      </trkpt>
      <trkpt lat="45.38469674997032" lon="22.193154534325004">
        <ele>408.24</ele>
      </trkpt>
      <trkpt lat="45.38467596285045" lon="22.19313341192901">
        <ele>408.4</ele>
      </trkpt>
      <trkpt lat="45.384665317833424" lon="22.193123186007142">
        <ele>408.54</ele>
      </trkpt>
      <trkpt lat="45.38466079160571" lon="22.193109104409814">
        <ele>408.66</ele>
      </trkpt>
      <trkpt lat="45.38465634919703" lon="22.193097537383437">
        <ele>408.78</ele>
      </trkpt>
      <trkpt lat="45.38463983684778" lon="22.19308446161449">
        <ele>408.88</ele>
      </trkpt>
      <trkpt lat="45.384632125496864" lon="22.19306199811399">
        <ele>408.97</ele>
      </trkpt>
      <trkpt lat="45.38462198339403" lon="22.193035259842873">
        <ele>409.05</ele>
      </trkpt>
      <trkpt lat="45.38460731506348" lon="22.193022100254893">
        <ele>409.11</ele>
      </trkpt>
      <trkpt lat="45.38459901697934" lon="22.193003660067916">
        <ele>409.16</ele>
      </trkpt>
      <trkpt lat="45.38459667004645" lon="22.192987482994795">
        <ele>409.2</ele>
      </trkpt>
      <trkpt lat="45.384589210152626" lon="22.19296719878912">
        <ele>409.22</ele>
      </trkpt>
      <trkpt lat="45.384566662833095" lon="22.192947417497635">
        <ele>409.23</ele>
      </trkpt>
      <trkpt lat="45.384562723338604" lon="22.192924115806818">
        <ele>409.23</ele>
      </trkpt>
      <trkpt lat="45.38454889319837" lon="22.19288664869964">
        <ele>409.21</ele>
      </trkpt>
      <trkpt lat="45.38453749381006" lon="22.192852282896638">
        <ele>409.18</ele>
      </trkpt>
      <trkpt lat="45.38453171029687" lon="22.192830070853233">
        <ele>409.14</ele>
      </trkpt>
      <trkpt lat="45.38452383130789" lon="22.192801404744387">
        <ele>409.09</ele>
      </trkpt>
      <trkpt lat="45.384510923177004" lon="22.192775923758745">
        <ele>409.02</ele>
      </trkpt>
      <trkpt lat="45.38449667394161" lon="22.192747425287962">
        <ele>408.95</ele>
      </trkpt>
      <trkpt lat="45.384479742497206" lon="22.192715825513005">
        <ele>408.87</ele>
      </trkpt>
      <trkpt lat="45.38445979356766" lon="22.192684644833207">
        <ele>408.78</ele>
      </trkpt>
      <trkpt lat="45.38444294594228" lon="22.192652877420187">
        <ele>408.68</ele>
      </trkpt>
      <trkpt lat="45.384424421936274" lon="22.192618511617184">
        <ele>408.58</ele>
      </trkpt>
      <trkpt lat="45.38440271280706" lon="22.192575177177787">
        <ele>408.46</ele>
      </trkpt>
      <trkpt lat="45.38437840528786" lon="22.192527735605836">
        <ele>408.34</ele>
      </trkpt>
      <trkpt lat="45.38435745052993" lon="22.19247719272971">
        <ele>408.21</ele>
      </trkpt>
      <trkpt lat="45.38433381356299" lon="22.192417597398162">
        <ele>408.08</ele>
      </trkpt>
      <trkpt lat="45.384314032271504" lon="22.19235104508698">
        <ele>407.94</ele>
      </trkpt>
      <trkpt lat="45.38429902866483" lon="22.19228214584291">
        <ele>407.8</ele>
      </trkpt>
      <trkpt lat="45.38428293541074" lon="22.192203858867288">
        <ele>407.67</ele>
      </trkpt>
      <trkpt lat="45.38427681662142" lon="22.19212096184492">
        <ele>407.54</ele>
      </trkpt>
      <trkpt lat="45.38427815772593" lon="22.192038986831903">
        <ele>407.42</ele>
      </trkpt>
      <trkpt lat="45.384271536022425" lon="22.19196941703558">
        <ele>407.31</ele>
      </trkpt>
      <trkpt lat="45.38427128456533" lon="22.19186975620687">
        <ele>407.19</ele>
      </trkpt>
      <trkpt lat="45.38426952436566" lon="22.191771855577826">
        <ele>407.09</ele>
      </trkpt>
      <trkpt lat="45.384246641770005" lon="22.19151260331273">
        <ele>406.93</ele>
      </trkpt>
      <trkpt lat="45.38422300480306" lon="22.19124572351575">
        <ele>406.85</ele>
      </trkpt>
      <trkpt lat="45.38419785909355" lon="22.190966941416264">
        <ele>406.82</ele>
      </trkpt>
      <trkpt lat="45.38419643417001" lon="22.190886391326785">
        <ele>406.8</ele>
      </trkpt>
      <trkpt lat="45.384188052266836" lon="22.19080751761794">
        <ele>406.8</ele>
      </trkpt>
      <trkpt lat="45.38417983800173" lon="22.190732834860682">
        <ele>406.82</ele>
      </trkpt>
      <trkpt lat="45.38416659459472" lon="22.190660247579217">
        <ele>406.85</ele>
      </trkpt>
      <trkpt lat="45.38415309973061" lon="22.19059587456286">
        <ele>406.89</ele>
      </trkpt>
      <trkpt lat="45.38413885049522" lon="22.19053376466036">
        <ele>406.94</ele>
      </trkpt>
      <trkpt lat="45.38412761874497" lon="22.190474420785904">
        <ele>407.01</ele>
      </trkpt>
      <trkpt lat="45.38411588408053" lon="22.190420106053352">
        <ele>407.11</ele>
      </trkpt>
      <trkpt lat="45.384106412529945" lon="22.190373251214623">
        <ele>407.22</ele>
      </trkpt>
      <trkpt lat="45.3841002099216" lon="22.190333688631654">
        <ele>407.34</ele>
      </trkpt>
      <trkpt lat="45.38409065455198" lon="22.190295299515128">
        <ele>407.47</ele>
      </trkpt>
      <trkpt lat="45.38408311083913" lon="22.190261017531157">
        <ele>407.62</ele>
      </trkpt>
      <trkpt lat="45.38407623767853" lon="22.19022648409009">
        <ele>407.78</ele>
      </trkpt>
      <trkpt lat="45.38406576029956" lon="22.19016781076789">
        <ele>407.96</ele>
      </trkpt>
      <trkpt lat="45.38406349718571" lon="22.190139815211296">
        <ele>408.14</ele>
      </trkpt>
      <trkpt lat="45.384058970957994" lon="22.190110813826323">
        <ele>408.33</ele>
      </trkpt>
      <trkpt lat="45.38405151106417" lon="22.19008340500295">
        <ele>408.52</ele>
      </trkpt>
      <trkpt lat="45.3840447217226" lon="22.1900584269315">
        <ele>408.72</ele>
      </trkpt>
      <trkpt lat="45.38403952494264" lon="22.1900290902704">
        <ele>408.93</ele>
      </trkpt>
      <trkpt lat="45.3840153850615" lon="22.18994895927608">
        <ele>409.16</ele>
      </trkpt>
      <trkpt lat="45.384010104462504" lon="22.18992557376623">
        <ele>409.37</ele>
      </trkpt>
      <trkpt lat="45.3840053267777" lon="22.189881652593613">
        <ele>409.61</ele>
      </trkpt>
      <trkpt lat="45.38400264456868" lon="22.189861871302128">
        <ele>409.83</ele>
      </trkpt>
      <trkpt lat="45.38400054909289" lon="22.189839659258723">
        <ele>410.05</ele>
      </trkpt>
      <trkpt lat="45.38399375975132" lon="22.189818369224668">
        <ele>410.28</ele>
      </trkpt>
      <trkpt lat="45.38398705422878" lon="22.18979649245739">
        <ele>410.5</ele>
      </trkpt>
      <trkpt lat="45.3839791752398" lon="22.18976967036724">
        <ele>410.72</ele>
      </trkpt>
      <trkpt lat="45.383973475545645" lon="22.189743518829346">
        <ele>410.95</ele>
      </trkpt>
      <trkpt lat="45.38395905867219" lon="22.189715774729848">
        <ele>411.16</ele>
      </trkpt>
      <trkpt lat="45.383948581293225" lon="22.189693730324507">
        <ele>411.38</ele>
      </trkpt>
      <trkpt lat="45.38393659517169" lon="22.18966891989112">
        <ele>411.59</ele>
      </trkpt>
      <trkpt lat="45.38392201066017" lon="22.18964352272451">
        <ele>411.79</ele>
      </trkpt>
      <trkpt lat="45.38390977308154" lon="22.189618293195963">
        <ele>411.99</ele>
      </trkpt>
      <trkpt lat="45.38389904424548" lon="22.18958937563002">
        <ele>412.19</ele>
      </trkpt>
      <trkpt lat="45.38388093933463" lon="22.189565068110824">
        <ele>412.38</ele>
      </trkpt>
      <trkpt lat="45.38386316969991" lon="22.189539670944214">
        <ele>412.57</ele>
      </trkpt>
      <trkpt lat="45.38385068066418" lon="22.189513687044382">
        <ele>412.75</ele>
      </trkpt>
      <trkpt lat="45.38382796570659" lon="22.189477728679776">
        <ele>412.92</ele>
      </trkpt>
      <trkpt lat="45.38381556048989" lon="22.189447889104486">
        <ele>413.09</ele>
      </trkpt>
      <trkpt lat="45.383808268234134" lon="22.18941679224372">
        <ele>413.27</ele>
      </trkpt>
      <trkpt lat="45.3837962821126" lon="22.18938997015357">
        <ele>413.43</ele>
      </trkpt>
      <trkpt lat="45.38377935066819" lon="22.18936650082469">
        <ele>413.58</ele>
      </trkpt>
      <trkpt lat="45.38376552052796" lon="22.18933624215424">
        <ele>413.73</ele>
      </trkpt>
      <trkpt lat="45.38374565541744" lon="22.189306234940886">
        <ele>413.88</ele>
      </trkpt>
      <trkpt lat="45.38373978808522" lon="22.189279915764928">
        <ele>414.02</ele>
      </trkpt>
      <trkpt lat="45.38373182527721" lon="22.18925166875124">
        <ele>414.16</ele>
      </trkpt>
      <trkpt lat="45.38371422328055" lon="22.189216213300824">
        <ele>414.3</ele>
      </trkpt>
      <trkpt lat="45.38369846530259" lon="22.189185032621026">
        <ele>414.43</ele>
      </trkpt>
      <trkpt lat="45.38369284942746" lon="22.18915594741702">
        <ele>414.56</ele>
      </trkpt>
      <trkpt lat="45.383685221895576" lon="22.18912267126143">
        <ele>414.68</ele>
      </trkpt>
      <trkpt lat="45.383683713153005" lon="22.189080845564604">
        <ele>414.8</ele>
      </trkpt>
      <trkpt lat="45.38367466069758" lon="22.18903969042003">
        <ele>414.93</ele>
      </trkpt>
      <trkpt lat="45.383667619898915" lon="22.189002139493823">
        <ele>415.06</ele>
      </trkpt>
      <trkpt lat="45.38366158492863" lon="22.188963666558266">
        <ele>415.19</ele>
      </trkpt>
      <trkpt lat="45.383652951568365" lon="22.18891848810017">
        <ele>415.31</ele>
      </trkpt>
      <trkpt lat="45.38364683277905" lon="22.18887984752655">
        <ele>415.43</ele>
      </trkpt>
      <trkpt lat="45.38364498876035" lon="22.188840368762612">
        <ele>415.54</ele>
      </trkpt>
      <trkpt lat="45.3836390376091" lon="22.188798878341913">
        <ele>415.66</ele>
      </trkpt>
      <trkpt lat="45.38362931460142" lon="22.188758058473468">
        <ele>415.77</ele>
      </trkpt>
      <trkpt lat="45.38362135179341" lon="22.18871715478599">
        <ele>415.88</ele>
      </trkpt>
      <trkpt lat="45.38361405953765" lon="22.188676334917545">
        <ele>415.98</ele>
      </trkpt>
      <trkpt lat="45.38360835984349" lon="22.188630988821387">
        <ele>416.09</ele>
      </trkpt>
      <trkpt lat="45.38360173813999" lon="22.188582960516214">
        <ele>416.19</ele>
      </trkpt>
      <trkpt lat="45.383592853322625" lon="22.188535602763295">
        <ele>416.29</ele>
      </trkpt>
      <trkpt lat="45.38358673453331" lon="22.18848690390587">
        <ele>416.39</ele>
      </trkpt>
      <trkpt lat="45.383583046495914" lon="22.188438456505537">
        <ele>416.48</ele>
      </trkpt>
      <trkpt lat="45.38358095102012" lon="22.188389087095857">
        <ele>416.58</ele>
      </trkpt>
      <trkpt lat="45.383579107001424" lon="22.188341645523906">
        <ele>416.66</ele>
      </trkpt>
      <trkpt lat="45.383575251325965" lon="22.18829445540905">
        <ele>416.75</ele>
      </trkpt>
      <trkpt lat="45.383569383993745" lon="22.188250366598368">
        <ele>416.83</ele>
      </trkpt>
      <trkpt lat="45.383561505004764" lon="22.188206193968654">
        <ele>416.89</ele>
      </trkpt>
      <trkpt lat="45.38355438038707" lon="22.188163781538606">
        <ele>416.95</ele>
      </trkpt>
      <trkpt lat="45.38354868069291" lon="22.18812145292759">
        <ele>417.01</ele>
      </trkpt>
      <trkpt lat="45.383543986827135" lon="22.188077783212066">
        <ele>417.06</ele>
      </trkpt>
      <trkpt lat="45.383538538590074" lon="22.18803654424846">
        <ele>417.11</ele>
      </trkpt>
      <trkpt lat="45.38353501819074" lon="22.18799832277">
        <ele>417.15</ele>
      </trkpt>
      <trkpt lat="45.38353292271495" lon="22.187960017472506">
        <ele>417.19</ele>
      </trkpt>
      <trkpt lat="45.38353233598173" lon="22.187922885641456">
        <ele>417.24</ele>
      </trkpt>
      <trkpt lat="45.38352814503014" lon="22.18788357451558">
        <ele>417.28</ele>
      </trkpt>
      <trkpt lat="45.38352311588824" lon="22.187843676656485">
        <ele>417.32</ele>
      </trkpt>
      <trkpt lat="45.38351884111762" lon="22.187799839302897">
        <ele>417.36</ele>
      </trkpt>
      <trkpt lat="45.38351356051862" lon="22.187756588682532">
        <ele>417.4</ele>
      </trkpt>
      <trkpt lat="45.38350643590093" lon="22.18771392479539">
        <ele>417.44</ele>
      </trkpt>
      <trkpt lat="45.383499059826136" lon="22.187669249251485">
        <ele>417.48</ele>
      </trkpt>
      <trkpt lat="45.383491683751345" lon="22.1876270044595">
        <ele>417.52</ele>
      </trkpt>
      <trkpt lat="45.383484307676554" lon="22.187582161277533">
        <ele>417.57</ele>
      </trkpt>
      <trkpt lat="45.38347642868757" lon="22.187538156285882">
        <ele>417.61</ele>
      </trkpt>
      <trkpt lat="45.38346888497472" lon="22.187492391094565">
        <ele>417.65</ele>
      </trkpt>
      <trkpt lat="45.383461844176054" lon="22.187445955350995">
        <ele>417.7</ele>
      </trkpt>
      <trkpt lat="45.38345513865352" lon="22.18739935196936">
        <ele>417.74</ele>
      </trkpt>
      <trkpt lat="45.38344315253198" lon="22.18735191039741">
        <ele>417.79</ele>
      </trkpt>
      <trkpt lat="45.38343233987689" lon="22.187305558472872">
        <ele>417.85</ele>
      </trkpt>
      <trkpt lat="45.3834233712405" lon="22.187258955091238">
        <ele>417.9</ele>
      </trkpt>
      <trkpt lat="45.383415492251515" lon="22.187215872108936">
        <ele>417.96</ele>
      </trkpt>
      <trkpt lat="45.38340736180544" lon="22.187173292040825">
        <ele>418.03</ele>
      </trkpt>
      <trkpt lat="45.38339470513165" lon="22.187122413888574">
        <ele>418.1</ele>
      </trkpt>
      <trkpt lat="45.38338062353432" lon="22.18706851825118">
        <ele>418.18</ele>
      </trkpt>
      <trkpt lat="45.38336939178407" lon="22.187011186033487">
        <ele>418.26</ele>
      </trkpt>
      <trkpt lat="45.38335748948157" lon="22.18694773502648">
        <ele>418.34</ele>
      </trkpt>
      <trkpt lat="45.38334483280778" lon="22.18688570894301">
        <ele>418.44</ele>
      </trkpt>
      <trkpt lat="45.383333433419466" lon="22.186825275421143">
        <ele>418.53</ele>
      </trkpt>
      <trkpt lat="45.383324632421136" lon="22.186767859384418">
        <ele>418.63</ele>
      </trkpt>
      <trkpt lat="45.38331759162247" lon="22.186710108071566">
        <ele>418.74</ele>
      </trkpt>
      <trkpt lat="45.383312311023474" lon="22.186653278768063">
        <ele>418.85</ele>
      </trkpt>
      <trkpt lat="45.38330778479576" lon="22.186597706750035">
        <ele>418.97</ele>
      </trkpt>
      <trkpt lat="45.38330283947289" lon="22.186545487493277">
        <ele>419.11</ele>
      </trkpt>
      <trkpt lat="45.38329688832164" lon="22.18649284914136">
        <ele>419.25</ele>
      </trkpt>
      <trkpt lat="45.38329252973199" lon="22.186440797522664">
        <ele>419.41</ele>
      </trkpt>
      <trkpt lat="45.383287919685245" lon="22.18638824298978">
        <ele>419.57</ele>
      </trkpt>
      <trkpt lat="45.38328414782882" lon="22.186340047046542">
        <ele>419.75</ele>
      </trkpt>
      <trkpt lat="45.38328247144818" lon="22.18629310838878">
        <ele>419.93</ele>
      </trkpt>
      <trkpt lat="45.383283058181405" lon="22.18619587831199">
        <ele>420.15</ele>
      </trkpt>
      <trkpt lat="45.383281633257866" lon="22.186150196939707">
        <ele>420.37</ele>
      </trkpt>
      <trkpt lat="45.383280543610454" lon="22.18610686250031">
        <ele>420.6</ele>
      </trkpt>
      <trkpt lat="45.38327945396304" lon="22.18606537207961">
        <ele>420.84</ele>
      </trkpt>
      <trkpt lat="45.38327593356371" lon="22.186024971306324">
        <ele>421.08</ele>
      </trkpt>
      <trkpt lat="45.38327123969793" lon="22.185987336561084">
        <ele>421.33</ele>
      </trkpt>
      <trkpt lat="45.38326621055603" lon="22.185951629653573">
        <ele>421.59</ele>
      </trkpt>
      <trkpt lat="45.383263444527984" lon="22.185918018221855">
        <ele>421.85</ele>
      </trkpt>
      <trkpt lat="45.38326294161379" lon="22.185885161161423">
        <ele>422.13</ele>
      </trkpt>
      <trkpt lat="45.383265959098935" lon="22.185852639377117">
        <ele>422.41</ele>
      </trkpt>
      <trkpt lat="45.3832764364779" lon="22.18571894802153">
        <ele>422.72</ele>
      </trkpt>
      <trkpt lat="45.3832780290395" lon="22.1856876835227">
        <ele>423.02</ele>
      </trkpt>
      <trkpt lat="45.38327727466822" lon="22.185660861432552">
        <ele>423.33</ele>
      </trkpt>
      <trkpt lat="45.38327744230628" lon="22.185623310506344">
        <ele>423.64</ele>
      </trkpt>
      <trkpt lat="45.38327794522047" lon="22.185590285807848">
        <ele>423.96</ele>
      </trkpt>
      <trkpt lat="45.38328121416271" lon="22.185558769851923">
        <ele>424.29</ele>
      </trkpt>
      <trkpt lat="45.38328381255269" lon="22.18552691861987">
        <ele>424.62</ele>
      </trkpt>
      <trkpt lat="45.38328540511429" lon="22.185495821759105">
        <ele>424.96</ele>
      </trkpt>
      <trkpt lat="45.38328817114234" lon="22.185467826202512">
        <ele>425.3</ele>
      </trkpt>
      <trkpt lat="45.38329009898007" lon="22.18543455004692">
        <ele>425.64</ele>
      </trkpt>
      <trkpt lat="45.383293787017465" lon="22.18540219590068">
        <ele>425.99</ele>
      </trkpt>
      <trkpt lat="45.38329881615937" lon="22.185371266677976">
        <ele>426.34</ele>
      </trkpt>
      <trkpt lat="45.38330292329192" lon="22.18534025363624">
        <ele>426.7</ele>
      </trkpt>
      <trkpt lat="45.38330853916705" lon="22.1853060554713">
        <ele>427.06</ele>
      </trkpt>
      <trkpt lat="45.3833142388612" lon="22.185271605849266">
        <ele>427.43</ele>
      </trkpt>
      <trkpt lat="45.38331935182214" lon="22.185236234217882">
        <ele>427.79</ele>
      </trkpt>
      <trkpt lat="45.38332429714501" lon="22.185204215347767">
        <ele>428.16</ele>
      </trkpt>
      <trkpt lat="45.383330499753356" lon="22.185173118487">
        <ele>428.52</ele>
      </trkpt>
      <trkpt lat="45.38333603180945" lon="22.185141518712044">
        <ele>428.88</ele>
      </trkpt>
      <trkpt lat="45.38334290497005" lon="22.185110421851277">
        <ele>429.24</ele>
      </trkpt>
      <trkpt lat="45.38334969431162" lon="22.185078486800194">
        <ele>429.6</ele>
      </trkpt>
      <trkpt lat="45.38335748948157" lon="22.185046384111047">
        <ele>429.97</ele>
      </trkpt>
      <trkpt lat="45.383361680433154" lon="22.18501436524093">
        <ele>430.34</ele>
      </trkpt>
      <trkpt lat="45.38336746394634" lon="22.184983771294355">
        <ele>430.7</ele>
      </trkpt>
      <trkpt lat="45.38337743841112" lon="22.184954937547445">
        <ele>431.09</ele>
      </trkpt>
      <trkpt lat="45.38338498212397" lon="22.184923756867647">
        <ele>431.47</ele>
      </trkpt>
      <trkpt lat="45.38339319638908" lon="22.184894839301705">
        <ele>431.86</ele>
      </trkpt>
      <trkpt lat="45.38340141065419" lon="22.184867095202208">
        <ele>432.26</ele>
      </trkpt>
      <trkpt lat="45.38340635597706" lon="22.184838093817234">
        <ele>432.66</ele>
      </trkpt>
      <trkpt lat="45.38341230712831" lon="22.184808673337102">
        <ele>433.06</ele>
      </trkpt>
      <trkpt lat="45.38341322913766" lon="22.18477631919086">
        <ele>433.46</ele>
      </trkpt>
      <trkpt lat="45.38341524079442" lon="22.18474455177784">
        <ele>433.86</ele>
      </trkpt>
      <trkpt lat="45.38341758772731" lon="22.184715969488025">
        <ele>434.25</ele>
      </trkpt>
      <trkpt lat="45.38341750390828" lon="22.184685543179512">
        <ele>434.65</ele>
      </trkpt>
      <trkpt lat="45.38341716863215" lon="22.18465914018452">
        <ele>435.04</ele>
      </trkpt>
      <trkpt lat="45.38341582752764" lon="22.18463064171374">
        <ele>435.44</ele>
      </trkpt>
      <trkpt lat="45.38341482169926" lon="22.18460138887167">
        <ele>435.86</ele>
      </trkpt>
      <trkpt lat="45.38341423496604" lon="22.18457205221057">
        <ele>436.27</ele>
      </trkpt>
      <trkpt lat="45.38341524079442" lon="22.184547493234277">
        <ele>436.69</ele>
      </trkpt>
      <trkpt lat="45.383415492251515" lon="22.184523604810238">
        <ele>437.1</ele>
      </trkpt>
      <trkpt lat="45.38341490551829" lon="22.18450072221458">
        <ele>437.52</ele>
      </trkpt>
      <trkpt lat="45.38341188803315" lon="22.18447674997151">
        <ele>437.94</ele>
      </trkpt>
      <trkpt lat="45.383407697081566" lon="22.184453532099724">
        <ele>438.36</ele>
      </trkpt>
      <trkpt lat="45.383402751758695" lon="22.184432158246636">
        <ele>438.77</ele>
      </trkpt>
      <trkpt lat="45.38339805789292" lon="22.184410030022264">
        <ele>439.19</ele>
      </trkpt>
      <trkpt lat="45.38339269347489" lon="22.184384800493717">
        <ele>439.61</ele>
      </trkpt>
      <trkpt lat="45.383388167247176" lon="22.18436351045966">
        <ele>440.03</ele>
      </trkpt>
      <trkpt lat="45.383382719010115" lon="22.184340208768845">
        <ele>440.45</ele>
      </trkpt>
      <trkpt lat="45.383376851677895" lon="22.184318834915757">
        <ele>440.88</ele>
      </trkpt>
      <trkpt lat="45.383370481431484" lon="22.184297628700733">
        <ele>441.31</ele>
      </trkpt>
      <trkpt lat="45.383361680433154" lon="22.184275584295392">
        <ele>441.74</ele>
      </trkpt>
      <trkpt lat="45.38335220888257" lon="22.18425588682294">
        <ele>442.16</ele>
      </trkpt>
      <trkpt lat="45.38334282115102" lon="22.184238955378532">
        <ele>442.59</ele>
      </trkpt>
      <trkpt lat="45.3833335172385" lon="22.184222945943475">
        <ele>443.0</ele>
      </trkpt>
      <trkpt lat="45.38332387804985" lon="22.184204924851656">
        <ele>443.42</ele>
      </trkpt>
      <trkpt lat="45.3833126462996" lon="22.18419042415917">
        <ele>443.83</ele>
      </trkpt>
      <trkpt lat="45.38330317474902" lon="22.184178857132792">
        <ele>444.24</ele>
      </trkpt>
      <trkpt lat="45.38329646922648" lon="22.184166619554162">
        <ele>444.65</ele>
      </trkpt>
      <trkpt lat="45.38329294882715" lon="22.184149688109756">
        <ele>445.05</ele>
      </trkpt>
      <trkpt lat="45.38328900933266" lon="22.184134600684047">
        <ele>445.45</ele>
      </trkpt>
      <trkpt lat="45.38328532129526" lon="22.184118004515767">
        <ele>445.84</ele>
      </trkpt>
      <trkpt lat="45.383275765925646" lon="22.18409704975784">
        <ele>446.23</ele>
      </trkpt>
      <trkpt lat="45.38326143287122" lon="22.184075424447656">
        <ele>446.62</ele>
      </trkpt>
      <trkpt lat="45.383246848359704" lon="22.18405799008906">
        <ele>447.01</ele>
      </trkpt>
      <trkpt lat="45.38323729299009" lon="22.184039633721113">
        <ele>447.38</ele>
      </trkpt>
      <trkpt lat="45.383224971592426" lon="22.184020606800914">
        <ele>447.75</ele>
      </trkpt>
      <trkpt lat="45.38321156054735" lon="22.18400384299457">
        <ele>448.11</ele>
      </trkpt>
      <trkpt lat="45.38318985141814" lon="22.183984396979213">
        <ele>448.47</ele>
      </trkpt>
      <trkpt lat="45.38316562771797" lon="22.183970399200916">
        <ele>448.81</ele>
      </trkpt>
      <trkpt lat="45.383144253864884" lon="22.183961095288396">
        <ele>449.14</ele>
      </trkpt>
      <trkpt lat="45.38312891498208" lon="22.18395061790943">
        <ele>449.46</ele>
      </trkpt>
      <trkpt lat="45.383114498108625" lon="22.183940559625626">
        <ele>449.77</ele>
      </trkpt>
      <trkpt lat="45.383095890283585" lon="22.18393100425601">
        <ele>450.08</ele>
      </trkpt>
      <trkpt lat="45.383078372105956" lon="22.18392178416252">
        <ele>450.37</ele>
      </trkpt>
      <trkpt lat="45.383057752624154" lon="22.18391390517354">
        <ele>450.66</ele>
      </trkpt>
      <trkpt lat="45.38304300047457" lon="22.183898901566863">
        <ele>450.94</ele>
      </trkpt>
      <trkpt lat="45.38303126581013" lon="22.18387920409441">
        <ele>451.22</ele>
      </trkpt>
      <trkpt lat="45.38302179425955" lon="22.183863446116447">
        <ele>451.49</ele>
      </trkpt>
      <trkpt lat="45.38300779648125" lon="22.18385087326169">
        <ele>451.74</ele>
      </trkpt>
      <trkpt lat="45.3829846624285" lon="22.18382455408573">
        <ele>452.0</ele>
      </trkpt>
      <trkpt lat="45.38296848535538" lon="22.18381281942129">
        <ele>452.23</ele>
      </trkpt>
      <trkpt lat="45.38294870406389" lon="22.183801252394915">
        <ele>452.45</ele>
      </trkpt>
      <trkpt lat="45.382931772619486" lon="22.18378691934049">
        <ele>452.66</ele>
      </trkpt>
      <trkpt lat="45.38290721364319" lon="22.183773843571544">
        <ele>452.86</ele>
      </trkpt>
      <trkpt lat="45.38289195857942" lon="22.18376445583999">
        <ele>453.05</ele>
      </trkpt>
      <trkpt lat="45.3828792180866" lon="22.183752972632647">
        <ele>453.23</ele>
      </trkpt>
      <trkpt lat="45.382868656888604" lon="22.18373754993081">
        <ele>453.41</ele>
      </trkpt>
      <trkpt lat="45.382857006043196" lon="22.183729084208608">
        <ele>453.57</ele>
      </trkpt>
      <trkpt lat="45.382832027971745" lon="22.183729335665703">
        <ele>453.71</ele>
      </trkpt>
      <trkpt lat="45.38280537351966" lon="22.183724222704768">
        <ele>453.85</ele>
      </trkpt>
      <trkpt lat="45.3827980812639" lon="22.183717601001263">
        <ele>453.99</ele>
      </trkpt>
      <trkpt lat="45.382779221981764" lon="22.183694718405604">
        <ele>454.13</ele>
      </trkpt>
      <trkpt lat="45.3827581834048" lon="22.183679966256022">
        <ele>454.26</ele>
      </trkpt>
      <trkpt lat="45.38273840211332" lon="22.183666471391916">
        <ele>454.38</ele>
      </trkpt>
      <trkpt lat="45.38271828554571" lon="22.18365197069943">
        <ele>454.49</ele>
      </trkpt>
      <trkpt lat="45.38270437158644" lon="22.18364367261529">
        <ele>454.59</ele>
      </trkpt>
      <trkpt lat="45.38269707933068" lon="22.183629758656025">
        <ele>454.69</ele>
      </trkpt>
      <trkpt lat="45.382682578638196" lon="22.183609809726477">
        <ele>454.79</ele>
      </trkpt>
      <trkpt lat="45.38266070187092" lon="22.183599835261703">
        <ele>454.88</ele>
      </trkpt>
      <trkpt lat="45.38265693001449" lon="22.18358986079693">
        <ele>454.96</ele>
      </trkpt>
      <trkpt lat="45.382651733234525" lon="22.183575863018632">
        <ele>455.04</ele>
      </trkpt>
      <trkpt lat="45.38264988921583" lon="22.18357334844768">
        <ele>455.12</ele>
      </trkpt>
      <trkpt lat="45.38264469243586" lon="22.183569995686412">
        <ele>455.18</ele>
      </trkpt>
      <trkpt lat="45.38263597525656" lon="22.183560524135828">
        <ele>455.25</ele>
      </trkpt>
      <trkpt lat="45.382624911144376" lon="22.183549711480737">
        <ele>455.31</ele>
      </trkpt>
      <trkpt lat="45.382618959993124" lon="22.183544682338834">
        <ele>455.36</ele>
      </trkpt>
      <trkpt lat="45.38261041045189" lon="22.18353906646371">
        <ele>455.42</ele>
      </trkpt>
      <trkpt lat="45.38259976543486" lon="22.183529511094093">
        <ele>455.47</ele>
      </trkpt>
      <trkpt lat="45.38259171880782" lon="22.18352146446705">
        <ele>455.52</ele>
      </trkpt>
      <trkpt lat="45.38258501328528" lon="22.183516351506114">
        <ele>455.57</ele>
      </trkpt>
      <trkpt lat="45.38257319480181" lon="22.183507718145847">
        <ele>455.62</ele>
      </trkpt>
      <trkpt lat="45.382559448480606" lon="22.18349615111947">
        <ele>455.66</ele>
      </trkpt>
      <trkpt lat="45.38255559280515" lon="22.183492463082075">
        <ele>455.71</ele>
      </trkpt>
      <trkpt lat="45.382552994415164" lon="22.183489613234997">
        <ele>455.75</ele>
      </trkpt>
      <trkpt lat="45.382544696331024" lon="22.18348198570311">
        <ele>455.8</ele>
      </trkpt>
      <trkpt lat="45.38253572769463" lon="22.183476453647017">
        <ele>455.84</ele>
      </trkpt>
      <trkpt lat="45.38252483122051" lon="22.183469412848353">
        <ele>455.89</ele>
      </trkpt>
      <trkpt lat="45.3825113363564" lon="22.183458348736167">
        <ele>455.94</ele>
      </trkpt>
      <trkpt lat="45.382500272244215" lon="22.18345222994685">
        <ele>455.99</ele>
      </trkpt>
      <trkpt lat="45.38248426280916" lon="22.183443596586585">
        <ele>456.05</ele>
      </trkpt>
      <trkpt lat="45.38247504271567" lon="22.1834375616163">
        <ele>456.1</ele>
      </trkpt>
      <trkpt lat="45.38245903328061" lon="22.183427587151527">
        <ele>456.16</ele>
      </trkpt>
      <trkpt lat="45.382446460425854" lon="22.183421468362212">
        <ele>456.22</ele>
      </trkpt>
      <trkpt lat="45.38244319148362" lon="22.183422138914466">
        <ele>456.28</ele>
      </trkpt>
      <trkpt lat="45.382437240332365" lon="22.183420043438673">
        <ele>456.35</ele>
      </trkpt>
      <trkpt lat="45.382428355515" lon="22.183412667363882">
        <ele>456.43</ele>
      </trkpt>
      <trkpt lat="45.38241687230766" lon="22.183402106165886">
        <ele>456.51</ele>
      </trkpt>
      <trkpt lat="45.38239977322519" lon="22.183387856930494">
        <ele>456.6</ele>
      </trkpt>
      <trkpt lat="45.38238518871367" lon="22.183376038447022">
        <ele>456.69</ele>
      </trkpt>
      <trkpt lat="45.38236909545958" lon="22.18336413614452">
        <ele>456.79</ele>
      </trkpt>
      <trkpt lat="45.3823405969888" lon="22.183350641280413">
        <ele>456.89</ele>
      </trkpt>
      <trkpt lat="45.382323917001486" lon="22.183336559683084">
        <ele>457.0</ele>
      </trkpt>
      <trkpt lat="45.38230648264289" lon="22.183323483914137">
        <ele>457.11</ele>
      </trkpt>
      <trkpt lat="45.38228795863688" lon="22.183308145031333">
        <ele>457.24</ele>
      </trkpt>
      <trkpt lat="45.38227471522987" lon="22.183291045948863">
        <ele>457.37</ele>
      </trkpt>
      <trkpt lat="45.38226700387895" lon="22.183275623247027">
        <ele>457.51</ele>
      </trkpt>
      <trkpt lat="45.38225686177611" lon="22.183257769793272">
        <ele>457.65</ele>
      </trkpt>
      <trkpt lat="45.382247138768435" lon="22.183238826692104">
        <ele>457.81</ele>
      </trkpt>
      <trkpt lat="45.382245713844895" lon="22.18321426771581">
        <ele>457.96</ele>
      </trkpt>
      <trkpt lat="45.38224537856877" lon="22.183193061500788">
        <ele>458.12</ele>
      </trkpt>
      <trkpt lat="45.38223993033171" lon="22.183175878599286">
        <ele>458.28</ele>
      </trkpt>
      <trkpt lat="45.38223071023822" lon="22.18315500766039">
        <ele>458.45</ele>
      </trkpt>
      <trkpt lat="45.38222970440984" lon="22.183132460340858">
        <ele>458.63</ele>
      </trkpt>
      <trkpt lat="45.382220316678286" lon="22.18310186639428">
        <ele>458.81</ele>
      </trkpt>
      <trkpt lat="45.38221822120249" lon="22.18307387083769">
        <ele>459.01</ele>
      </trkpt>
      <trkpt lat="45.38221319206059" lon="22.183042438700795">
        <ele>459.21</ele>
      </trkpt>
      <trkpt lat="45.38221528753638" lon="22.183015532791615">
        <ele>459.41</ele>
      </trkpt>
      <trkpt lat="45.382217885926366" lon="22.182990135625005">
        <ele>459.63</ele>
      </trkpt>
      <trkpt lat="45.382223669439554" lon="22.182963145896792">
        <ele>459.85</ele>
      </trkpt>
      <trkpt lat="45.38223364390433" lon="22.182938922196627">
        <ele>460.08</ele>
      </trkpt>
      <trkpt lat="45.38223825395107" lon="22.182915871962905">
        <ele>460.31</ele>
      </trkpt>
      <trkpt lat="45.3822473064065" lon="22.18288980424404">
        <ele>460.55</ele>
      </trkpt>
      <trkpt lat="45.38225535303354" lon="22.182863233610988">
        <ele>460.79</ele>
      </trkpt>
      <trkpt lat="45.38225753232837" lon="22.182841608300805">
        <ele>461.04</ele>
      </trkpt>
      <trkpt lat="45.38226306438446" lon="22.182824928313494">
        <ele>461.29</ele>
      </trkpt>
      <trkpt lat="45.382268596440554" lon="22.182810846716166">
        <ele>461.54</ele>
      </trkpt>
      <trkpt lat="45.38227396085858" lon="22.182793579995632">
        <ele>461.8</ele>
      </trkpt>
      <trkpt lat="45.3822851087898" lon="22.18277589417994">
        <ele>462.08</ele>
      </trkpt>
      <trkpt lat="45.38229365833104" lon="22.182760974392295">
        <ele>462.35</ele>
      </trkpt>
      <trkpt lat="45.38230396807194" lon="22.182748401537538">
        <ele>462.64</ele>
      </trkpt>
      <trkpt lat="45.38231595419347" lon="22.182738007977605">
        <ele>462.93</ele>
      </trkpt>
      <trkpt lat="45.38232550956309" lon="22.182730715721846">
        <ele>463.21</ele>
      </trkpt>
      <trkpt lat="45.382330287247896" lon="22.18272401019931">
        <ele>463.5</ele>
      </trkpt>
      <trkpt lat="45.38233665749431" lon="22.182713700458407">
        <ele>463.8</ele>
      </trkpt>
      <trkpt lat="45.38234545849264" lon="22.182708168402314">
        <ele>464.1</ele>
      </trkpt>
      <trkpt lat="45.38235208019614" lon="22.182699032127857">
        <ele>464.4</ele>
      </trkpt>
      <trkpt lat="45.38235987536609" lon="22.182685201987624">
        <ele>464.7</ele>
      </trkpt>
      <trkpt lat="45.3823680896312" lon="22.18267514370382">
        <ele>465.01</ele>
      </trkpt>
      <trkpt lat="45.38237672299147" lon="22.182665085420012">
        <ele>465.31</ele>
      </trkpt>
      <trkpt lat="45.38238560780883" lon="22.18265276402235">
        <ele>465.62</ele>
      </trkpt>
      <trkpt lat="45.38239499554038" lon="22.182639855891466">
        <ele>465.94</ele>
      </trkpt>
      <trkpt lat="45.3824061434716" lon="22.182627115398645">
        <ele>466.25</ele>
      </trkpt>
      <trkpt lat="45.38241737522185" lon="22.182614374905825">
        <ele>466.57</ele>
      </trkpt>
      <trkpt lat="45.38242734968662" lon="22.182593755424023">
        <ele>466.9</ele>
      </trkpt>
      <trkpt lat="45.382432881742716" lon="22.182572381570935">
        <ele>467.21</ele>
      </trkpt>
      <trkpt lat="45.38244729861617" lon="22.182550756260753">
        <ele>467.55</ele>
      </trkpt>
      <trkpt lat="45.38245760835707" lon="22.18253357335925">
        <ele>467.87</ele>
      </trkpt>
      <trkpt lat="45.38246733136475" lon="22.18251488171518">
        <ele>468.2</ele>
      </trkpt>
      <trkpt lat="45.38247847929597" lon="22.18249778263271">
        <ele>468.52</ele>
      </trkpt>
      <trkpt lat="45.38248820230365" lon="22.18248412013054">
        <ele>468.85</ele>
      </trkpt>
      <trkpt lat="45.38250035606325" lon="22.182468697428703">
        <ele>469.17</ele>
      </trkpt>
      <trkpt lat="45.38251309655607" lon="22.182449083775282">
        <ele>469.5</ele>
      </trkpt>
      <trkpt lat="45.382528183981776" lon="22.182433661073446">
        <ele>469.82</ele>
      </trkpt>
      <trkpt lat="45.382542349398136" lon="22.18241723254323">
        <ele>470.15</ele>
      </trkpt>
      <trkpt lat="45.38255902938545" lon="22.182393427938223">
        <ele>470.47</ele>
      </trkpt>
      <trkpt lat="45.382573697716" lon="22.182372389361262">
        <ele>470.79</ele>
      </trkpt>
      <trkpt lat="45.382582414895296" lon="22.182359732687473">
        <ele>471.1</ele>
      </trkpt>
      <trkpt lat="45.38259197026491" lon="22.182346992194653">
        <ele>471.42</ele>
      </trkpt>
      <trkpt lat="45.38260060362518" lon="22.18232830055058">
        <ele>471.73</ele>
      </trkpt>
      <trkpt lat="45.38260906934738" lon="22.182311536744237">
        <ele>472.04</ele>
      </trkpt>
      <trkpt lat="45.382624408230186" lon="22.182297203689814">
        <ele>472.35</ele>
      </trkpt>
      <trkpt lat="45.38264410570264" lon="22.182284547016025">
        <ele>472.66</ele>
      </trkpt>
      <trkpt lat="45.38266019895673" lon="22.182280691340566">
        <ele>472.97</ele>
      </trkpt>
      <trkpt lat="45.38267822004855" lon="22.18227507546544">
        <ele>473.28</ele>
      </trkpt>
      <trkpt lat="45.38268852978945" lon="22.1822720579803">
        <ele>473.58</ele>
      </trkpt>
      <trkpt lat="45.382710322737694" lon="22.182260993868113">
        <ele>473.89</ele>
      </trkpt>
      <trkpt lat="45.382729936391115" lon="22.18225009739399">
        <ele>474.19</ele>
      </trkpt>
      <trkpt lat="45.38274385035038" lon="22.182248756289482">
        <ele>474.49</ele>
      </trkpt>
      <trkpt lat="45.38275952450931" lon="22.182226795703173">
        <ele>474.78</ele>
      </trkpt>
      <trkpt lat="45.38278349675238" lon="22.1821959502995">
        <ele>475.07</ele>
      </trkpt>
      <trkpt lat="45.382801769301295" lon="22.182182455435395">
        <ele>475.36</ele>
      </trkpt>
      <trkpt lat="45.38282121531665" lon="22.18217298388481">
        <ele>475.65</ele>
      </trkpt>
      <trkpt lat="45.38283730857074" lon="22.18216175213456">
        <ele>475.94</ele>
      </trkpt>
      <trkpt lat="45.382849127054214" lon="22.18215236440301">
        <ele>476.22</ele>
      </trkpt>
      <trkpt lat="45.382861364632845" lon="22.182136522606015">
        <ele>476.49</ele>
      </trkpt>
      <trkpt lat="45.38287385366857" lon="22.182114394381642">
        <ele>476.76</ele>
      </trkpt>
      <trkpt lat="45.38288516923785" lon="22.182094193995">
        <ele>477.03</ele>
      </trkpt>
      <trkpt lat="45.38289472460747" lon="22.182077849283814">
        <ele>477.3</ele>
      </trkpt>
      <trkpt lat="45.38290453143418" lon="22.182064102962613">
        <ele>477.56</ele>
      </trkpt>
      <trkpt lat="45.38291576318443" lon="22.182048428803682">
        <ele>477.82</ele>
      </trkpt>
      <trkpt lat="45.38292481563985" lon="22.18202973715961">
        <ele>478.07</ele>
      </trkpt>
      <trkpt lat="45.382934119552374" lon="22.18201020732522">
        <ele>478.33</ele>
      </trkpt>
      <trkpt lat="45.38294711150229" lon="22.181987911462784">
        <ele>478.58</ele>
      </trkpt>
      <trkpt lat="45.38295976817608" lon="22.181966034695506">
        <ele>478.84</ele>
      </trkpt>
      <trkpt lat="45.38297737017274" lon="22.181939631700516">
        <ele>479.09</ele>
      </trkpt>
      <trkpt lat="45.382992792874575" lon="22.18191498890519">
        <ele>479.33</ele>
      </trkpt>
      <trkpt lat="45.38300637155771" lon="22.1818885859102">
        <ele>479.58</ele>
      </trkpt>
      <trkpt lat="45.38301936350763" lon="22.181867714971304">
        <ele>479.81</ele>
      </trkpt>
      <trkpt lat="45.38303319364786" lon="22.181850783526897">
        <ele>480.04</ele>
      </trkpt>
      <trkpt lat="45.38305087946355" lon="22.18182848766446">
        <ele>480.27</ele>
      </trkpt>
      <trkpt lat="45.38306772708893" lon="22.181812562048435">
        <ele>480.5</ele>
      </trkpt>
      <trkpt lat="45.3830813895911" lon="22.181792864575982">
        <ele>480.71</ele>
      </trkpt>
      <trkpt lat="45.383092034608126" lon="22.181775933131576">
        <ele>480.92</ele>
      </trkpt>
      <trkpt lat="45.38310737349093" lon="22.181754810735583">
        <ele>481.13</ele>
      </trkpt>
      <trkpt lat="45.383121874183416" lon="22.18173310160637">
        <ele>481.33</ele>
      </trkpt>
      <trkpt lat="45.383142326027155" lon="22.181698568165302">
        <ele>481.53</ele>
      </trkpt>
      <trkpt lat="45.38316403515637" lon="22.18167895451188">
        <ele>481.73</ele>
      </trkpt>
      <trkpt lat="45.383187755942345" lon="22.181653808802366">
        <ele>481.91</ele>
      </trkpt>
      <trkpt lat="45.38320250809193" lon="22.181632602587342">
        <ele>482.09</ele>
      </trkpt>
      <trkpt lat="45.38321885280311" lon="22.181620448827744">
        <ele>482.26</ele>
      </trkpt>
      <trkpt lat="45.383241483941674" lon="22.181597566232085">
        <ele>482.43</ele>
      </trkpt>
      <trkpt lat="45.383261013776064" lon="22.1815777849406">
        <ele>482.59</ele>
      </trkpt>
      <trkpt lat="45.383282555267215" lon="22.18156990595162">
        <ele>482.75</ele>
      </trkpt>
      <trkpt lat="45.38330853916705" lon="22.181546604260802">
        <ele>482.9</ele>
      </trkpt>
      <trkpt lat="45.3833179268986" lon="22.181526822969317">
        <ele>483.04</ele>
      </trkpt>
      <trkpt lat="45.383338797837496" lon="22.181499497964978">
        <ele>483.18</ele>
      </trkpt>
      <trkpt lat="45.38335380144417" lon="22.181474436074495">
        <ele>483.3</ele>
      </trkpt>
      <trkpt lat="45.38337215781212" lon="22.181464713066816">
        <ele>483.42</ele>
      </trkpt>
      <trkpt lat="45.383398896083236" lon="22.18144820071757">
        <ele>483.54</ele>
      </trkpt>
      <trkpt lat="45.38341565988958" lon="22.181445937603712">
        <ele>483.65</ele>
      </trkpt>
      <trkpt lat="45.38343384861946" lon="22.1814326941967">
        <ele>483.75</ele>
      </trkpt>
      <trkpt lat="45.38346695713699" lon="22.18141400255263">
        <ele>483.84</ele>
      </trkpt>
      <trkpt lat="45.38350056856871" lon="22.181401597335935">
        <ele>483.92</ele>
      </trkpt>
      <trkpt lat="45.38351842202246" lon="22.18140084296465">
        <ele>483.99</ele>
      </trkpt>
      <trkpt lat="45.383541472256184" lon="22.1813827380538">
        <ele>484.06</ele>
      </trkpt>
      <trkpt lat="45.38355387747288" lon="22.18137552961707">
        <ele>484.12</ele>
      </trkpt>
      <trkpt lat="45.38356536068022" lon="22.181372679769993">
        <ele>484.17</ele>
      </trkpt>
      <trkpt lat="45.383585561066866" lon="22.181388437747955">
        <ele>484.22</ele>
      </trkpt>
      <trkpt lat="45.38360224105418" lon="22.181401094421744">
        <ele>484.26</ele>
      </trkpt>
      <trkpt lat="45.383618753403425" lon="22.18139698728919">
        <ele>484.29</ele>
      </trkpt>
      <trkpt lat="45.3836340084672" lon="22.181397657841444">
        <ele>484.32</ele>
      </trkpt>
      <trkpt lat="45.38365169428289" lon="22.18139749020338">
        <ele>484.34</ele>
      </trkpt>
      <trkpt lat="45.38366870954633" lon="22.181396819651127">
        <ele>484.35</ele>
      </trkpt>
      <trkpt lat="45.38368388079107" lon="22.18139740638435">
        <ele>484.35</ele>
      </trkpt>
      <trkpt lat="45.38369578309357" lon="22.18140226788819">
        <ele>484.35</ele>
      </trkpt>
      <trkpt lat="45.383706260472536" lon="22.181408051401377">
        <ele>484.34</ele>
      </trkpt>
      <trkpt lat="45.38372159935534" lon="22.18141215853393">
        <ele>484.32</ele>
      </trkpt>
      <trkpt lat="45.38374439813197" lon="22.181418277323246">
        <ele>484.3</ele>
      </trkpt>
      <trkpt lat="45.38377423770726" lon="22.181421127170324">
        <ele>484.27</ele>
      </trkpt>
      <trkpt lat="45.38382712751627" lon="22.18140478245914">
        <ele>484.23</ele>
      </trkpt>
      <trkpt lat="45.383858727291226" lon="22.18139011412859">
        <ele>484.19</ele>
      </trkpt>
      <trkpt lat="45.38389166817069" lon="22.181375697255135">
        <ele>484.14</ele>
      </trkpt>
      <trkpt lat="45.383915305137634" lon="22.18137100338936">
        <ele>484.08</ele>
      </trkpt>
      <trkpt lat="45.38393810391426" lon="22.181359101086855">
        <ele>484.03</ele>
      </trkpt>
      <trkpt lat="45.38397096097469" lon="22.18133982270956">
        <ele>483.97</ele>
      </trkpt>
      <trkpt lat="45.38400222547352" lon="22.181318951770663">
        <ele>483.9</ele>
      </trkpt>
      <trkpt lat="45.38403139449656" lon="22.181305456906557">
        <ele>483.84</ele>
      </trkpt>
      <trkpt lat="45.38405930623412" lon="22.18129539862275">
        <ele>483.77</ele>
      </trkpt>
      <trkpt lat="45.38409233093262" lon="22.181281987577677">
        <ele>483.7</ele>
      </trkpt>
      <trkpt lat="45.384133821353316" lon="22.181261368095875">
        <ele>483.62</ele>
      </trkpt>
      <trkpt lat="45.38417120464146" lon="22.181233456358314">
        <ele>483.53</ele>
      </trkpt>
      <trkpt lat="45.38420741446316" lon="22.181204706430435">
        <ele>483.44</ele>
      </trkpt>
      <trkpt lat="45.38423901423812" lon="22.181185679510236">
        <ele>483.35</ele>
      </trkpt>
      <trkpt lat="45.38429911248386" lon="22.18116874806583">
        <ele>483.25</ele>
      </trkpt>
      <trkpt lat="45.38434462621808" lon="22.18114578165114">
        <ele>483.17</ele>
      </trkpt>
      <trkpt lat="45.38439332507551" lon="22.18111644499004">
        <ele>483.09</ele>
      </trkpt>
      <trkpt lat="45.38445308804512" lon="22.181094652041793">
        <ele>483.01</ele>
      </trkpt>
      <trkpt lat="45.38450622931123" lon="22.181066488847136">
        <ele>482.94</ele>
      </trkpt>
      <trkpt lat="45.38457898423076" lon="22.18103053048253">
        <ele>482.88</ele>
      </trkpt>
      <trkpt lat="45.38465324789286" lon="22.180983927100897">
        <ele>482.83</ele>
      </trkpt>
      <trkpt lat="45.38472189567983" lon="22.180929025635123">
        <ele>482.78</ele>
      </trkpt>
      <trkpt lat="45.38478224538267" lon="22.18087797984481">
        <ele>482.74</ele>
      </trkpt>
      <trkpt lat="45.38492792285979" lon="22.180772116407752">
        <ele>482.71</ele>
      </trkpt>
      <trkpt lat="45.38498332723975" lon="22.180737163871527">
        <ele>482.7</ele>
      </trkpt>
      <trkpt lat="45.38504376076162" lon="22.18072165735066">
        <ele>482.7</ele>
      </trkpt>
      <trkpt lat="45.385101763531566" lon="22.180723920464516">
        <ele>482.71</ele>
      </trkpt>
      <trkpt lat="45.38514660671353" lon="22.180711263790727">
        <ele>482.73</ele>
      </trkpt>
      <trkpt lat="45.38518566638231" lon="22.18068754300475">
        <ele>482.77</ele>
      </trkpt>
      <trkpt lat="45.38521969690919" lon="22.180660301819444">
        <ele>482.82</ele>
      </trkpt>
      <trkpt lat="45.38525490090251" lon="22.180644376203418">
        <ele>482.88</ele>
      </trkpt>
      <trkpt lat="45.38528440520167" lon="22.180632976815104">
        <ele>482.96</ele>
      </trkpt>
      <trkpt lat="45.38531516678631" lon="22.180600622668862">
        <ele>483.05</ele>
      </trkpt>
      <trkpt lat="45.3853471018374" lon="22.18054873868823">
        <ele>483.15</ele>
      </trkpt>
      <trkpt lat="45.38537057116628" lon="22.180509762838483">
        <ele>483.27</ele>
      </trkpt>
      <trkpt lat="45.38540041074157" lon="22.180470786988735">
        <ele>483.4</ele>
      </trkpt>
      <trkpt lat="45.38542438298464" lon="22.18046274036169">
        <ele>483.53</ele>
      </trkpt>
      <trkpt lat="45.385468136519194" lon="22.18044077977538">
        <ele>483.68</ele>
      </trkpt>
      <trkpt lat="45.38550845347345" lon="22.18041630461812">
        <ele>483.83</ele>
      </trkpt>
      <trkpt lat="45.38554231636226" lon="22.180390236899257">
        <ele>483.99</ele>
      </trkpt>
      <trkpt lat="45.38557743653655" lon="22.180361738428473">
        <ele>484.15</ele>
      </trkpt>
      <trkpt lat="45.385592272505164" lon="22.180349584668875">
        <ele>484.32</ele>
      </trkpt>
      <trkpt lat="45.38560467772186" lon="22.180341873317957">
        <ele>484.48</ele>
      </trkpt>
      <trkpt lat="45.38560375571251" lon="22.18033365905285">
        <ele>484.65</ele>
      </trkpt>
      <trkpt lat="45.38561264052987" lon="22.180324271321297">
        <ele>484.83</ele>
      </trkpt>
      <trkpt lat="45.38563116453588" lon="22.18031471595168">
        <ele>485.01</ele>
      </trkpt>
      <trkpt lat="45.38565119728446" lon="22.180295772850513">
        <ele>485.2</ele>
      </trkpt>
      <trkpt lat="45.3856819588691" lon="22.18026040121913">
        <ele>485.41</ele>
      </trkpt>
      <trkpt lat="45.385695956647396" lon="22.180238608270884">
        <ele>485.61</ele>
      </trkpt>
      <trkpt lat="45.38570920005441" lon="22.18022335320711">
        <ele>485.81</ele>
      </trkpt>
      <trkpt lat="45.38572403602302" lon="22.180209942162037">
        <ele>486.02</ele>
      </trkpt>
      <trkpt lat="45.38573727943003" lon="22.18019938096404">
        <ele>486.22</ele>
      </trkpt>
      <trkpt lat="45.38574901409447" lon="22.180185047909617">
        <ele>486.43</ele>
      </trkpt>
      <trkpt lat="45.3857615031302" lon="22.180175157263875">
        <ele>486.63</ele>
      </trkpt>
      <trkpt lat="45.385764269158244" lon="22.180172810330987">
        <ele>486.83</ele>
      </trkpt>
      <trkpt lat="45.38577541708946" lon="22.180161830037832">
        <ele>487.04</ele>
      </trkpt>
      <trkpt lat="45.38578514009714" lon="22.180148670449853">
        <ele>487.25</ele>
      </trkpt>
      <trkpt lat="45.38579486310482" lon="22.18013626523316">
        <ele>487.47</ele>
      </trkpt>
      <trkpt lat="45.38580751977861" lon="22.180122267454863">
        <ele>487.68</ele>
      </trkpt>
      <trkpt lat="45.38582118228078" lon="22.18011137098074">
        <ele>487.89</ele>
      </trkpt>
      <trkpt lat="45.385834174230695" lon="22.180101480334997">
        <ele>488.1</ele>
      </trkpt>
      <trkpt lat="45.385852195322514" lon="22.180081950500607">
        <ele>488.32</ele>
      </trkpt>
      <trkpt lat="45.38587415590882" lon="22.180052027106285">
        <ele>488.54</ele>
      </trkpt>
      <trkpt lat="45.385893266648054" lon="22.180030904710293">
        <ele>488.76</ele>
      </trkpt>
      <trkpt lat="45.38590910844505" lon="22.180013470351696">
        <ele>488.98</ele>
      </trkpt>
      <trkpt lat="45.3859219327569" lon="22.179995365440845">
        <ele>489.22</ele>
      </trkpt>
      <trkpt lat="45.38593274541199" lon="22.179987905547023">
        <ele>489.45</ele>
      </trkpt>
      <trkpt lat="45.38594640791416" lon="22.179972901940346">
        <ele>489.69</ele>
      </trkpt>
      <trkpt lat="45.38596929050982" lon="22.179951947182417">
        <ele>489.94</ele>
      </trkpt>
      <trkpt lat="45.38598261773586" lon="22.17992906458676">
        <ele>490.19</ele>
      </trkpt>
      <trkpt lat="45.385996364057064" lon="22.179909199476242">
        <ele>490.44</ele>
      </trkpt>
      <trkpt lat="45.38601379841566" lon="22.17989394441247">
        <ele>490.7</ele>
      </trkpt>
      <trkpt lat="45.38602938875556" lon="22.179875755682588">
        <ele>490.95</ele>
      </trkpt>
      <trkpt lat="45.38604690693319" lon="22.179852202534676">
        <ele>491.21</ele>
      </trkpt>
      <trkpt lat="45.38606308400631" lon="22.179834181442857">
        <ele>491.48</ele>
      </trkpt>
      <trkpt lat="45.38608169183135" lon="22.17981825582683">
        <ele>491.75</ele>
      </trkpt>
      <trkpt lat="45.3860844578594" lon="22.17981574125588">
        <ele>492.01</ele>
      </trkpt>
      <trkpt lat="45.38609392940998" lon="22.179806688800454">
        <ele>492.29</ele>
      </trkpt>
      <trkpt lat="45.38610658608377" lon="22.179792020469904">
        <ele>492.57</ele>
      </trkpt>
      <trkpt lat="45.38612611591816" lon="22.179776849225163">
        <ele>492.85</ele>
      </trkpt>
      <trkpt lat="45.386139107868075" lon="22.179760420694947">
        <ele>493.15</ele>
      </trkpt>
      <trkpt lat="45.38615142926574" lon="22.179741812869906">
        <ele>493.45</ele>
      </trkpt>
      <trkpt lat="45.38616115227342" lon="22.179729994386435">
        <ele>493.76</ele>
      </trkpt>
      <trkpt lat="45.38616995327175" lon="22.179717337712646">
        <ele>494.09</ele>
      </trkpt>
      <trkpt lat="45.38618143647909" lon="22.17970342375338">
        <ele>494.43</ele>
      </trkpt>
      <trkpt lat="45.386190908029675" lon="22.17968774959445">
        <ele>494.78</ele>
      </trkpt>
      <trkpt lat="45.38620029576123" lon="22.179678864777088">
        <ele>495.14</ele>
      </trkpt>
      <trkpt lat="45.38620985113084" lon="22.179669896140695">
        <ele>495.51</ele>
      </trkpt>
      <trkpt lat="45.386224603280425" lon="22.179652797058225">
        <ele>495.9</ele>
      </trkpt>
      <trkpt lat="45.386227034032345" lon="22.179651372134686">
        <ele>496.29</ele>
      </trkpt>
      <trkpt lat="45.386236757040024" lon="22.179639134556055">
        <ele>496.69</ele>
      </trkpt>
      <trkpt lat="45.386249497532845" lon="22.179619437083602">
        <ele>497.11</ele>
      </trkpt>
      <trkpt lat="45.386265590786934" lon="22.179603511467576">
        <ele>497.54</ele>
      </trkpt>
      <trkpt lat="45.386279756203294" lon="22.179587250575423">
        <ele>497.98</ele>
      </trkpt>
      <trkpt lat="45.38628302514553" lon="22.17958222143352">
        <ele>498.42</ele>
      </trkpt>
      <trkpt lat="45.3862879704684" lon="22.179571157321334">
        <ele>498.88</ele>
      </trkpt>
      <trkpt lat="45.38629467599094" lon="22.17955246567726">
        <ele>499.36</ele>
      </trkpt>
      <trkpt lat="45.38630154915154" lon="22.17953385785222">
        <ele>499.85</ele>
      </trkpt>
      <trkpt lat="45.38630649447441" lon="22.179517094045877">
        <ele>500.35</ele>
      </trkpt>
      <trkpt lat="45.386309092864394" lon="22.17950058169663">
        <ele>500.85</ele>
      </trkpt>
      <trkpt lat="45.38631655275822" lon="22.179478788748384">
        <ele>501.37</ele>
      </trkpt>
      <trkpt lat="45.38632468320429" lon="22.17945615760982">
        <ele>501.9</ele>
      </trkpt>
      <trkpt lat="45.38632828742266" lon="22.17943419702351">
        <ele>502.43</ele>
      </trkpt>
      <trkpt lat="45.386332562193274" lon="22.179410979151726">
        <ele>502.97</ele>
      </trkpt>
      <trkpt lat="45.386334992945194" lon="22.17938583344221">
        <ele>503.51</ele>
      </trkpt>
      <trkpt lat="45.38633365184069" lon="22.179364962503314">
        <ele>504.05</ele>
      </trkpt>
      <trkpt lat="45.38633859716356" lon="22.17933688312769">
        <ele>504.6</ele>
      </trkpt>
      <trkpt lat="45.38634748198092" lon="22.179303523153067">
        <ele>505.15</ele>
      </trkpt>
      <trkpt lat="45.38635284639895" lon="22.17926848679781">
        <ele>505.7</ele>
      </trkpt>
      <trkpt lat="45.38636164739728" lon="22.179238982498646">
        <ele>506.24</ele>
      </trkpt>
      <trkpt lat="45.38636650890112" lon="22.179217524826527">
        <ele>506.77</ele>
      </trkpt>
      <trkpt lat="45.38636852055788" lon="22.179194977506995">
        <ele>507.3</ele>
      </trkpt>
      <trkpt lat="45.386374136433005" lon="22.179168071597815">
        <ele>507.82</ele>
      </trkpt>
      <trkpt lat="45.38637547753751" lon="22.179142087697983">
        <ele>508.33</ele>
      </trkpt>
      <trkpt lat="45.386372208595276" lon="22.17910780571401">
        <ele>508.83</ele>
      </trkpt>
      <trkpt lat="45.38637011311948" lon="22.179073942825198">
        <ele>509.32</ele>
      </trkpt>
      <trkpt lat="45.386369191110134" lon="22.179044522345066">
        <ele>509.78</ele>
      </trkpt>
      <trkpt lat="45.38637086749077" lon="22.179021472111344">
        <ele>510.22</ele>
      </trkpt>
      <trkpt lat="45.386380925774574" lon="22.178977634757757">
        <ele>510.65</ele>
      </trkpt>
      <trkpt lat="45.386391654610634" lon="22.178929690271616">
        <ele>511.06</ele>
      </trkpt>
      <trkpt lat="45.38639944978058" lon="22.178906556218863">
        <ele>511.44</ele>
      </trkpt>
      <trkpt lat="45.386413196101785" lon="22.178882248699665">
        <ele>511.79</ele>
      </trkpt>
      <trkpt lat="45.386424344033" lon="22.17885944992304">
        <ele>512.1</ele>
      </trkpt>
      <trkpt lat="45.386429289355874" lon="22.178835310041904">
        <ele>512.39</ele>
      </trkpt>
      <trkpt lat="45.38643641397357" lon="22.178807565942407">
        <ele>512.65</ele>
      </trkpt>
      <trkpt lat="45.38644018583" lon="22.17880186624825">
        <ele>512.86</ele>
      </trkpt>
      <trkpt lat="45.38644286803901" lon="22.178800106048584">
        <ele>513.03</ele>
      </trkpt>
      <trkpt lat="45.38645292632282" lon="22.178790802136064">
        <ele>513.17</ele>
      </trkpt>
      <trkpt lat="45.38646172732115" lon="22.178780157119036">
        <ele>513.27</ele>
      </trkpt>
      <trkpt lat="45.38647698238492" lon="22.178764985874295">
        <ele>513.32</ele>
      </trkpt>
      <trkpt lat="45.38649106398225" lon="22.178743444383144">
        <ele>513.33</ele>
      </trkpt>
      <trkpt lat="45.38650472648442" lon="22.17872274108231">
        <ele>513.3</ele>
      </trkpt>
      <trkpt lat="45.38651520386338" lon="22.178703043609858">
        <ele>513.22</ele>
      </trkpt>
      <trkpt lat="45.38652576506138" lon="22.17868267558515">
        <ele>513.08</ele>
      </trkpt>
      <trkpt lat="45.38653012365103" lon="22.17866649851203">
        <ele>512.9</ele>
      </trkpt>
      <trkpt lat="45.38653842173517" lon="22.178646298125386">
        <ele>512.66</ele>
      </trkpt>
      <trkpt lat="45.386552419513464" lon="22.17863271944225">
        <ele>512.37</ele>
      </trkpt>
      <trkpt lat="45.386572955176234" lon="22.17861813493073">
        <ele>512.02</ele>
      </trkpt>
      <trkpt lat="45.38659458048642" lon="22.178605645895004">
        <ele>511.63</ele>
      </trkpt>
      <trkpt lat="45.386619893833995" lon="22.178584272041917">
        <ele>511.18</ele>
      </trkpt>
      <trkpt lat="45.386652080342174" lon="22.17856289818883">
        <ele>510.66</ele>
      </trkpt>
      <trkpt lat="45.38669440895319" lon="22.17854429036379">
        <ele>510.08</ele>
      </trkpt>
      <trkpt lat="45.38673212751746" lon="22.178533393889666">
        <ele>509.44</ele>
      </trkpt>
      <trkpt lat="45.38676582276821" lon="22.178532052785158">
        <ele>508.76</ele>
      </trkpt>
      <trkpt lat="45.38679792545736" lon="22.178535405546427">
        <ele>508.01</ele>
      </trkpt>
      <trkpt lat="45.3868252504617" lon="22.178550492972136">
        <ele>507.22</ele>
      </trkpt>
      <trkpt lat="45.38685710169375" lon="22.178579410538077">
        <ele>506.38</ele>
      </trkpt>
      <trkpt lat="45.38689783774316" lon="22.17861427925527">
        <ele>505.47</ele>
      </trkpt>
      <trkpt lat="45.386938489973545" lon="22.178647639229894">
        <ele>504.51</ele>
      </trkpt>
      <trkpt lat="45.38697989657521" lon="22.178682340309024">
        <ele>503.5</ele>
      </trkpt>
      <trkpt lat="45.38702239282429" lon="22.178718047216535">
        <ele>502.43</ele>
      </trkpt>
      <trkpt lat="45.38706279359758" lon="22.17874084599316">
        <ele>501.33</ele>
      </trkpt>
      <trkpt lat="45.38709330372512" lon="22.178766410797834">
        <ele>500.2</ele>
      </trkpt>
      <trkpt lat="45.38713864982128" lon="22.178804213181138">
        <ele>499.01</ele>
      </trkpt>
      <trkpt lat="45.38720897398889" lon="22.178851990029216">
        <ele>497.77</ele>
      </trkpt>
      <trkpt lat="45.38729061372578" lon="22.17891183681786">
        <ele>496.52</ele>
      </trkpt>
      <trkpt lat="45.387334786355495" lon="22.178941341117024">
        <ele>495.26</ele>
      </trkpt>
      <trkpt lat="45.38738155737519" lon="22.17898014932871">
        <ele>493.97</ele>
      </trkpt>
      <trkpt lat="45.38742698729038" lon="22.17901200056076">
        <ele>492.65</ele>
      </trkpt>
      <trkpt lat="45.387528324499726" lon="22.179086348041892">
        <ele>491.29</ele>
      </trkpt>
      <trkpt lat="45.387587333098054" lon="22.179118366912007">
        <ele>489.92</ele>
      </trkpt>
      <trkpt lat="45.38764131255448" lon="22.179129011929035">
        <ele>488.55</ele>
      </trkpt>
      <trkpt lat="45.38770040497184" lon="22.179131777957082">
        <ele>487.18</ele>
      </trkpt>
      <trkpt lat="45.38775614462793" lon="22.179127167910337">
        <ele>485.8</ele>
      </trkpt>
      <trkpt lat="45.38781833834946" lon="22.17912825755775">
        <ele>484.42</ele>
      </trkpt>
      <trkpt lat="45.387889835983515" lon="22.17913311906159">
        <ele>483.02</ele>
      </trkpt>
      <trkpt lat="45.387923531234264" lon="22.179139405488968">
        <ele>481.67</ele>
      </trkpt>
      <trkpt lat="45.387952364981174" lon="22.17915222980082">
        <ele>480.34</ele>
      </trkpt>
      <trkpt lat="45.387994442135096" lon="22.17914049513638">
        <ele>479.02</ele>
      </trkpt>
      <trkpt lat="45.38804339244962" lon="22.179129011929035">
        <ele>477.7</ele>
      </trkpt>
      <trkpt lat="45.38811204023659" lon="22.179133370518684">
        <ele>476.4</ele>
      </trkpt>
      <trkpt lat="45.38818730972707" lon="22.17914192005992">
        <ele>475.13</ele>
      </trkpt>
      <trkpt lat="45.38827163167298" lon="22.17915608547628">
        <ele>473.87</ele>
      </trkpt>
      <trkpt lat="45.38833214901388" lon="22.17917913571">
        <ele>472.67</ele>
      </trkpt>
      <trkpt lat="45.38838277570903" lon="22.179214172065258">
        <ele>471.52</ele>
      </trkpt>
      <trkpt lat="45.388434240594506" lon="22.179246190935373">
        <ele>470.4</ele>
      </trkpt>
      <trkpt lat="45.388495763763785" lon="22.179266894236207">
        <ele>469.32</ele>
      </trkpt>
      <trkpt lat="45.38856114260852" lon="22.179285418242216">
        <ele>468.29</ele>
      </trkpt>
      <trkpt lat="45.38862727582455" lon="22.17929773963988">
        <ele>467.31</ele>
      </trkpt>
      <trkpt lat="45.3887090831995" lon="22.1792983263731">
        <ele>466.36</ele>
      </trkpt>
      <trkpt lat="45.388805475085974" lon="22.179292542859912">
        <ele>465.46</ele>
      </trkpt>
      <trkpt lat="45.38889231160283" lon="22.17928558588028">
        <ele>464.63</ele>
      </trkpt>
      <trkpt lat="45.388968251645565" lon="22.179263792932034">
        <ele>463.88</ele>
      </trkpt>
      <trkpt lat="45.389038575813174" lon="22.179244346916676">
        <ele>463.17</ele>
      </trkpt>
      <trkpt lat="45.38920269347727" lon="22.17922104522586">
        <ele>462.5</ele>
      </trkpt>
      <trkpt lat="45.38936706259847" lon="22.179197827354074">
        <ele>461.92</ele>
      </trkpt>
      <trkpt lat="45.38945113308728" lon="22.17917469330132">
        <ele>461.37</ele>
      </trkpt>
      <trkpt lat="45.38953076116741" lon="22.179152481257915">
        <ele>460.88</ele>
      </trkpt>
      <trkpt lat="45.38961139507592" lon="22.17914007604122">
        <ele>460.44</ele>
      </trkpt>
      <trkpt lat="45.38969621993601" lon="22.17915457673371">
        <ele>460.04</ele>
      </trkpt>
      <trkpt lat="45.389763275161386" lon="22.179164635017514">
        <ele>459.66</ele>
      </trkpt>
      <trkpt lat="45.38982421159744" lon="22.179174525663257">
        <ele>459.33</ele>
      </trkpt>
      <trkpt lat="45.389894703403115" lon="22.17919422313571">
        <ele>459.04</ele>
      </trkpt>
      <trkpt lat="45.38996494375169" lon="22.179176369681954">
        <ele>458.81</ele>
      </trkpt>
      <trkpt lat="45.39018128067255" lon="22.179146949201822">
        <ele>458.6</ele>
      </trkpt>
      <trkpt lat="45.39032134227455" lon="22.179118366912007">
        <ele>458.43</ele>
      </trkpt>
      <trkpt lat="45.39040566422045" lon="22.179103950038552">
        <ele>458.29</ele>
      </trkpt>
      <trkpt lat="45.390471797436476" lon="22.179103950038552">
        <ele>458.2</ele>
      </trkpt>
      <trkpt lat="45.39060154929757" lon="22.17907645739615">
        <ele>458.15</ele>
      </trkpt>
      <trkpt lat="45.39066785015166" lon="22.1790842525661">
        <ele>458.13</ele>
      </trkpt>
      <trkpt lat="45.39072652347386" lon="22.17909950762987">
        <ele>458.15</ele>
      </trkpt>
      <trkpt lat="45.39077723398805" lon="22.179104033857584">
        <ele>458.2</ele>
      </trkpt>
      <trkpt lat="45.39082350209355" lon="22.1791048720479">
        <ele>458.28</ele>
      </trkpt>
      <trkpt lat="45.390873961150646" lon="22.179091461002827">
        <ele>458.4</ele>
      </trkpt>
      <trkpt lat="45.39092198945582" lon="22.17905541881919">
        <ele>458.56</ele>
      </trkpt>
      <trkpt lat="45.39096021093428" lon="22.179037733003497">
        <ele>458.72</ele>
      </trkpt>
      <trkpt lat="45.39111980237067" lon="22.17907352373004">
        <ele>458.89</ele>
      </trkpt>
      <trkpt lat="45.39118048734963" lon="22.179079223424196">
        <ele>459.08</ele>
      </trkpt>
      <trkpt lat="45.39123346097767" lon="22.17907654121518">
        <ele>459.29</ele>
      </trkpt>
      <trkpt lat="45.391289703547955" lon="22.179083414375782">
        <ele>459.51</ele>
      </trkpt>
      <trkpt lat="45.39134711958468" lon="22.179082157090306">
        <ele>459.73</ele>
      </trkpt>
      <trkpt lat="45.391397662460804" lon="22.179072182625532">
        <ele>459.96</ele>
      </trkpt>
      <trkpt lat="45.39143982343376" lon="22.179067907854915">
        <ele>460.19</ele>
      </trkpt>
      <trkpt lat="45.39149078540504" lon="22.17905005440116">
        <ele>460.42</ele>
      </trkpt>
      <trkpt lat="45.39153973571956" lon="22.179045109078288">
        <ele>460.65</ele>
      </trkpt>
      <trkpt lat="45.39158466272056" lon="22.179046450182796">
        <ele>460.86</ele>
      </trkpt>
      <trkpt lat="45.39170812815428" lon="22.17904033139348">
        <ele>461.07</ele>
      </trkpt>
      <trkpt lat="45.39174769073725" lon="22.17905064113438">
        <ele>461.26</ele>
      </trkpt>
      <trkpt lat="45.391877610236406" lon="22.179065980017185">
        <ele>461.45</ele>
      </trkpt>
      <trkpt lat="45.391922537237406" lon="22.179067907854915">
        <ele>461.61</ele>
      </trkpt>
      <trkpt lat="45.39206746034324" lon="22.179087605327368">
        <ele>461.76</ele>
      </trkpt>
      <trkpt lat="45.392115991562605" lon="22.17909791506827">
        <ele>461.87</ele>
      </trkpt>
      <trkpt lat="45.3922129701823" lon="22.17911803163588">
        <ele>461.97</ele>
      </trkpt>
      <trkpt lat="45.392406173050404" lon="22.179140578955412">
        <ele>462.04</ele>
      </trkpt>
      <trkpt lat="45.39250675588846" lon="22.179140243679285">
        <ele>462.06</ele>
      </trkpt>
      <trkpt lat="45.39276416413486" lon="22.179145272821188">
        <ele>462.05</ele>
      </trkpt>
      <trkpt lat="45.39296901784837" lon="22.179155331104994">
        <ele>461.96</ele>
      </trkpt>
      <trkpt lat="45.39301981218159" lon="22.179162204265594">
        <ele>461.88</ele>
      </trkpt>
      <trkpt lat="45.393068846315145" lon="22.179173352196813">
        <ele>461.74</ele>
      </trkpt>
      <trkpt lat="45.393119221553206" lon="22.179183326661587">
        <ele>461.58</ele>
      </trkpt>
      <trkpt lat="45.393168507143855" lon="22.17918642796576">
        <ele>461.37</ele>
      </trkpt>
      <trkpt lat="45.39326732978225" lon="22.17918877489865">
        <ele>461.11</ele>
      </trkpt>
      <trkpt lat="45.39336673915386" lon="22.179193468764424">
        <ele>460.82</ele>
      </trkpt>
      <trkpt lat="45.39357477799058" lon="22.17921475879848">
        <ele>460.5</ele>
      </trkpt>
      <trkpt lat="45.39362674579024" lon="22.17922213487327">
        <ele>460.13</ele>
      </trkpt>
      <trkpt lat="45.393671337515116" lon="22.179239317774773">
        <ele>459.72</ele>
      </trkpt>
      <trkpt lat="45.393708972260356" lon="22.179267648607492">
        <ele>459.28</ele>
      </trkpt>
      <trkpt lat="45.393737303093076" lon="22.17930469661951">
        <ele>458.8</ele>
      </trkpt>
      <trkpt lat="45.39375716820359" lon="22.179347779601812">
        <ele>458.29</ele>
      </trkpt>
      <trkpt lat="45.39376772940159" lon="22.179389856755733">
        <ele>457.74</ele>
      </trkpt>
      <trkpt lat="45.393756832927465" lon="22.17944048345089">
        <ele>457.16</ele>
      </trkpt>
      <trkpt lat="45.393743170425296" lon="22.179498402401805">
        <ele>456.54</ele>
      </trkpt>
      <trkpt lat="45.39373495616019" lon="22.17957576736808">
        <ele>455.87</ele>
      </trkpt>
      <trkpt lat="45.39373059757054" lon="22.179670985788107">
        <ele>455.16</ele>
      </trkpt>
      <trkpt lat="45.39372766390443" lon="22.17976159416139">
        <ele>454.41</ele>
      </trkpt>
      <trkpt lat="45.393720120191574" lon="22.179838540032506">
        <ele>453.63</ele>
      </trkpt>
      <trkpt lat="45.393716767430305" lon="22.179899476468563">
        <ele>452.81</ele>
      </trkpt>
      <trkpt lat="45.39371500723064" lon="22.17996921390295">
        <ele>451.96</ele>
      </trkpt>
      <trkpt lat="45.393729424104095" lon="22.18004104681313">
        <ele>451.07</ele>
      </trkpt>
      <trkpt lat="45.39375314489007" lon="22.180146742612123">
        <ele>450.14</ele>
      </trkpt>
      <trkpt lat="45.39378684014082" lon="22.1802325733006">
        <ele>449.16</ele>
      </trkpt>
      <trkpt lat="45.393831012770534" lon="22.180309938266873">
        <ele>448.16</ele>
      </trkpt>
      <trkpt lat="45.39387476630509" lon="22.180393589660525">
        <ele>447.12</ele>
      </trkpt>
      <trkpt lat="45.39391298778355" lon="22.18049836345017">
        <ele>446.06</ele>
      </trkpt>
      <trkpt lat="45.39394618012011" lon="22.18060833401978">
        <ele>444.96</ele>
      </trkpt>
      <trkpt lat="45.393977696076035" lon="22.180714616551995">
        <ele>443.86</ele>
      </trkpt>
      <trkpt lat="45.39400585927069" lon="22.180815786123276">
        <ele>442.74</ele>
      </trkpt>
      <trkpt lat="45.39407123811543" lon="22.18104519881308">
        <ele>441.54</ele>
      </trkpt>
      <trkpt lat="45.394103256985545" lon="22.18116003088653">
        <ele>440.39</ele>
      </trkpt>
      <trkpt lat="45.39413276128471" lon="22.18128953129053">
        <ele>439.23</ele>
      </trkpt>
      <trkpt lat="45.394153548404574" lon="22.181409476324916">
        <ele>438.1</ele>
      </trkpt>
      <trkpt lat="45.39420467801392" lon="22.181654227897525">
        <ele>436.92</ele>
      </trkpt>
      <trkpt lat="45.3942350205034" lon="22.18177375383675">
        <ele>435.81</ele>
      </trkpt>
      <trkpt lat="45.39430936798453" lon="22.182004675269127">
        <ele>434.71</ele>
      </trkpt>
      <trkpt lat="45.394339794293046" lon="22.182111712172627">
        <ele>433.64</ele>
      </trkpt>
      <trkpt lat="45.39437499828637" lon="22.182209864258766">
        <ele>432.61</ele>
      </trkpt>
      <trkpt lat="45.39442587643862" lon="22.18229896388948">
        <ele>431.61</ele>
      </trkpt>
      <trkpt lat="45.39447289891541" lon="22.18237716704607">
        <ele>430.62</ele>
      </trkpt>
      <trkpt lat="45.394521094858646" lon="22.182443384081125">
        <ele>429.65</ele>
      </trkpt>
      <trkpt lat="45.39457121863961" lon="22.18250708654523">
        <ele>428.7</ele>
      </trkpt>
      <trkpt lat="45.39461555890739" lon="22.18257305212319">
        <ele>427.76</ele>
      </trkpt>
      <trkpt lat="45.39465067908168" lon="22.182628959417343">
        <ele>426.84</ele>
      </trkpt>
      <trkpt lat="45.3947014734149" lon="22.182715460658073">
        <ele>425.93</ele>
      </trkpt>
      <trkpt lat="45.394744388759136" lon="22.182785365730524">
        <ele>425.03</ele>
      </trkpt>
      <trkpt lat="45.394794177263975" lon="22.182849906384945">
        <ele>424.14</ele>
      </trkpt>
      <trkpt lat="45.394849916920066" lon="22.182908160611987">
        <ele>423.27</ele>
      </trkpt>
      <trkpt lat="45.39491085335612" lon="22.182962391525507">
        <ele>422.42</ele>
      </trkpt>
      <trkpt lat="45.39503959938884" lon="22.18305149115622">
        <ele>421.57</ele>
      </trkpt>
      <trkpt lat="45.39510061964393" lon="22.183075631037354">
        <ele>420.76</ele>
      </trkpt>
      <trkpt lat="45.39515778422356" lon="22.18309842981398">
        <ele>419.96</ele>
      </trkpt>
      <trkpt lat="45.395212015137076" lon="22.183122904971242">
        <ele>419.17</ele>
      </trkpt>
      <trkpt lat="45.39526649750769" lon="22.183147463947535">
        <ele>418.4</ele>
      </trkpt>
      <trkpt lat="45.395321901887655" lon="22.18317118473351">
        <ele>417.64</ele>
      </trkpt>
      <trkpt lat="45.39536221884191" lon="22.183195827528834">
        <ele>416.89</ele>
      </trkpt>
      <trkpt lat="45.39550814777613" lon="22.183313760906458">
        <ele>416.11</ele>
      </trkpt>
      <trkpt lat="45.395560283213854" lon="22.183355586603284">
        <ele>415.38</ele>
      </trkpt>
      <trkpt lat="45.395618453621864" lon="22.183409733697772">
        <ele>414.66</ele>
      </trkpt>
      <trkpt lat="45.39566723629832" lon="22.18344477005303">
        <ele>413.96</ele>
      </trkpt>
      <trkpt lat="45.39571417495608" lon="22.183473268523812">
        <ele>413.27</ele>
      </trkpt>
      <trkpt lat="45.39581433869898" lon="22.183522135019302">
        <ele>412.58</ele>
      </trkpt>
      <trkpt lat="45.39586555212736" lon="22.183548286557198">
        <ele>411.9</ele>
      </trkpt>
      <trkpt lat="45.39591182023287" lon="22.183575946837664">
        <ele>411.23</ele>
      </trkpt>
      <trkpt lat="45.39595574140549" lon="22.183596063405275">
        <ele>410.58</ele>
      </trkpt>
      <trkpt lat="45.39599580690265" lon="22.183607798069715">
        <ele>409.94</ele>
      </trkpt>
      <trkpt lat="45.39602438919246" lon="22.183618946000934">
        <ele>409.3</ele>
      </trkpt>
      <trkpt lat="45.396111980080605" lon="22.183657586574554">
        <ele>408.66</ele>
      </trkpt>
      <trkpt lat="45.39614902809262" lon="22.183685833588243">
        <ele>408.04</ele>
      </trkpt>
      <trkpt lat="45.39618004113436" lon="22.18371693044901">
        <ele>407.42</ele>
      </trkpt>
      <trkpt lat="45.39629269391298" lon="22.183831008151174">
        <ele>406.79</ele>
      </trkpt>
      <trkpt lat="45.39635513909161" lon="22.183887418359518">
        <ele>406.17</ele>
      </trkpt>
      <trkpt lat="45.39640727452934" lon="22.183953300118446">
        <ele>405.56</ele>
      </trkpt>
      <trkpt lat="45.39645270444453" lon="22.18401901423931">
        <ele>404.96</ele>
      </trkpt>
      <trkpt lat="45.39649771526456" lon="22.184090176597238">
        <ele>404.35</ele>
      </trkpt>
      <trkpt lat="45.39654850959778" lon="22.184178521856666">
        <ele>403.74</ele>
      </trkpt>
      <trkpt lat="45.39659318514168" lon="22.184241469949484">
        <ele>403.13</ele>
      </trkpt>
      <trkpt lat="45.39663081988692" lon="22.18428958207369">
        <ele>402.53</ele>
      </trkpt>
      <trkpt lat="45.39668630808592" lon="22.18434004113078">
        <ele>401.91</ele>
      </trkpt>
      <trkpt lat="45.39673961699009" lon="22.184381280094385">
        <ele>401.29</ele>
      </trkpt>
      <trkpt lat="45.39685159921646" lon="22.184492172673345">
        <ele>400.62</ele>
      </trkpt>
      <trkpt lat="45.39691655896604" lon="22.18457104638219">
        <ele>399.97</ele>
      </trkpt>
      <trkpt lat="45.396950421854854" lon="22.1846223436296">
        <ele>399.35</ele>
      </trkpt>
      <trkpt lat="45.396989062428474" lon="22.184695852920413">
        <ele>398.74</ele>
      </trkpt>
      <trkpt lat="45.39703675545752" lon="22.18476508744061">
        <ele>398.12</ele>
      </trkpt>
      <trkpt lat="45.39708210155368" lon="22.18481889925897">
        <ele>397.51</ele>
      </trkpt>
      <trkpt lat="45.397118562832475" lon="22.184870028868318">
        <ele>396.9</ele>
      </trkpt>
      <trkpt lat="45.39717589505017" lon="22.184998691082">
        <ele>396.28</ele>
      </trkpt>
      <trkpt lat="45.39720590226352" lon="22.185063734650612">
        <ele>395.68</ele>
      </trkpt>
      <trkpt lat="45.397223671898246" lon="22.18511302024126">
        <ele>395.07</ele>
      </trkpt>
      <trkpt lat="45.39728871546686" lon="22.18522734940052">
        <ele>394.46</ele>
      </trkpt>
      <trkpt lat="45.39732551202178" lon="22.18529909849167">
        <ele>393.83</ele>
      </trkpt>
      <trkpt lat="45.39736641570926" lon="22.18536900356412">
        <ele>393.2</ele>
      </trkpt>
      <trkpt lat="45.397403379902244" lon="22.185432706028223">
        <ele>392.55</ele>
      </trkpt>
      <trkpt lat="45.39743506349623" lon="22.18549070879817">
        <ele>391.89</ele>
      </trkpt>
      <trkpt lat="45.39745249785483" lon="22.185535887256265">
        <ele>391.22</ele>
      </trkpt>
      <trkpt lat="45.39749884977937" lon="22.185677541419864">
        <ele>390.52</ele>
      </trkpt>
      <trkpt lat="45.39754989556968" lon="22.185799665749073">
        <ele>389.79</ele>
      </trkpt>
      <trkpt lat="45.39757185615599" lon="22.185859344899654">
        <ele>389.06</ele>
      </trkpt>
      <trkpt lat="45.39758803322911" lon="22.18590854667127">
        <ele>388.31</ele>
      </trkpt>
      <trkpt lat="45.39760312065482" lon="22.185964956879616">
        <ele>387.54</ele>
      </trkpt>
      <trkpt lat="45.397614100947976" lon="22.18601399101317">
        <ele>386.75</ele>
      </trkpt>
      <trkpt lat="45.39762114174664" lon="22.186061516404152">
        <ele>385.94</ele>
      </trkpt>
      <trkpt lat="45.397625248879194" lon="22.18610007315874">
        <ele>385.11</ele>
      </trkpt>
      <trkpt lat="45.397625751793385" lon="22.186135863885283">
        <ele>384.26</ele>
      </trkpt>
      <trkpt lat="45.39762935601175" lon="22.186176516115665">
        <ele>383.39</ele>
      </trkpt>
      <trkpt lat="45.397641425952315" lon="22.186222281306982">
        <ele>382.5</ele>
      </trkpt>
      <trkpt lat="45.397657100111246" lon="22.186274081468582">
        <ele>381.59</ele>
      </trkpt>
      <trkpt lat="45.39766179397702" lon="22.18631892465055">
        <ele>380.65</ele>
      </trkpt>
      <trkpt lat="45.39766103960574" lon="22.186365444213152">
        <ele>379.69</ele>
      </trkpt>
      <trkpt lat="45.39765877649188" lon="22.186422357335687">
        <ele>378.7</ele>
      </trkpt>
      <trkpt lat="45.39766028523445" lon="22.186484718695283">
        <ele>377.68</ele>
      </trkpt>
      <trkpt lat="45.39767595939338" lon="22.186559569090605">
        <ele>376.65</ele>
      </trkpt>
      <trkpt lat="45.39769699797034" lon="22.18663609586656">
        <ele>375.61</ele>
      </trkpt>
      <trkpt lat="45.39772046729922" lon="22.186735002323985">
        <ele>374.55</ele>
      </trkpt>
      <trkpt lat="45.39774619974196" lon="22.186807757243514">
        <ele>373.49</ele>
      </trkpt>
      <trkpt lat="45.39776002988219" lon="22.186882607638836">
        <ele>372.4</ele>
      </trkpt>
      <trkpt lat="45.3977629635483" lon="22.186938682571054">
        <ele>371.3</ele>
      </trkpt>
      <trkpt lat="45.397763634100556" lon="22.187018981203437">
        <ele>370.17</ele>
      </trkpt>
      <trkpt lat="45.39775198325515" lon="22.187081258744">
        <ele>369.02</ele>
      </trkpt>
      <trkpt lat="45.39773505181074" lon="22.1871555224061">
        <ele>367.86</ele>
      </trkpt>
      <trkpt lat="45.39772951975465" lon="22.187196258455515">
        <ele>366.7</ele>
      </trkpt>
      <trkpt lat="45.39771895855665" lon="22.18724587932229">
        <ele>365.53</ele>
      </trkpt>
      <trkpt lat="45.39770764298737" lon="22.187303714454174">
        <ele>364.34</ele>
      </trkpt>
      <trkpt lat="45.397694651037455" lon="22.18736892566085">
        <ele>363.14</ele>
      </trkpt>
      <trkpt lat="45.39768408983946" lon="22.18743162229657">
        <ele>361.93</ele>
      </trkpt>
      <trkpt lat="45.39766958914697" lon="22.18749649822712">
        <ele>360.71</ele>
      </trkpt>
      <trkpt lat="45.3976596146822" lon="22.187571013346314">
        <ele>359.48</ele>
      </trkpt>
      <trkpt lat="45.397650729864836" lon="22.18764267861843">
        <ele>358.25</ele>
      </trkpt>
      <trkpt lat="45.397656010463834" lon="22.187818866223097">
        <ele>356.94</ele>
      </trkpt>
      <trkpt lat="45.39765500463545" lon="22.18789421953261">
        <ele>355.69</ele>
      </trkpt>
      <trkpt lat="45.397654166445136" lon="22.18798373825848">
        <ele>354.44</ele>
      </trkpt>
      <trkpt lat="45.39767302572727" lon="22.188072754070163">
        <ele>353.2</ele>
      </trkpt>
      <trkpt lat="45.39770068600774" lon="22.188149029389024">
        <ele>351.96</ele>
      </trkpt>
      <trkpt lat="45.39773144759238" lon="22.188212061300874">
        <ele>350.71</ele>
      </trkpt>
      <trkpt lat="45.3977544978261" lon="22.188263274729252">
        <ele>349.46</ele>
      </trkpt>
      <trkpt lat="45.39776422083378" lon="22.188307028263807">
        <ele>348.2</ele>
      </trkpt>
      <trkpt lat="45.39776924997568" lon="22.188340555876493">
        <ele>346.93</ele>
      </trkpt>
      <trkpt lat="45.39778333157301" lon="22.188352290540934">
        <ele>345.65</ele>
      </trkpt>
      <trkpt lat="45.3978010173887" lon="22.18837902881205">
        <ele>344.36</ele>
      </trkpt>
      <trkpt lat="45.39782130159438" lon="22.18839176930487">
        <ele>343.05</ele>
      </trkpt>
      <trkpt lat="45.39784820750356" lon="22.188397385179996">
        <ele>341.73</ele>
      </trkpt>
      <trkpt lat="45.39786932989955" lon="22.188409036025405">
        <ele>340.38</ele>
      </trkpt>
      <trkpt lat="45.39788299240172" lon="22.18842294998467">
        <ele>339.02</ele>
      </trkpt>
      <trkpt lat="45.39790403097868" lon="22.188424794003367">
        <ele>337.63</ele>
      </trkpt>
      <trkpt lat="45.397924818098545" lon="22.188429068773985">
        <ele>336.22</ele>
      </trkpt>
      <trkpt lat="45.397964883595705" lon="22.18844650313258">
        <ele>334.78</ele>
      </trkpt>
      <trkpt lat="45.39798868820071" lon="22.188463686034083">
        <ele>333.31</ele>
      </trkpt>
      <trkpt lat="45.39800905622542" lon="22.18846787698567">
        <ele>331.82</ele>
      </trkpt>
      <trkpt lat="45.398030849173665" lon="22.188474163413048">
        <ele>330.3</ele>
      </trkpt>
      <trkpt lat="45.39808834902942" lon="22.188521856442094">
        <ele>328.69</ele>
      </trkpt>
      <trkpt lat="45.398141238838434" lon="22.188561083748937">
        <ele>327.07</ele>
      </trkpt>
      <trkpt lat="45.39819806814194" lon="22.188613386824727">
        <ele>325.39</ele>
      </trkpt>
      <trkpt lat="45.3983052726835" lon="22.18871120363474">
        <ele>323.64</ele>
      </trkpt>
      <trkpt lat="45.39835933595896" lon="22.188747664913535">
        <ele>321.91</ele>
      </trkpt>
      <trkpt lat="45.39842069149017" lon="22.18878362327814">
        <ele>320.15</ele>
      </trkpt>
      <trkpt lat="45.39854030124843" lon="22.18886559829116">
        <ele>318.3</ele>
      </trkpt>
      <trkpt lat="45.39860115386546" lon="22.188900467008352">
        <ele>316.52</ele>
      </trkpt>
      <trkpt lat="45.39866762235761" lon="22.188942711800337">
        <ele>314.71</ele>
      </trkpt>
      <trkpt lat="45.398741299286485" lon="22.189017394557595">
        <ele>312.86</ele>
      </trkpt>
      <trkpt lat="45.3988042473793" lon="22.189055951312184">
        <ele>311.03</ele>
      </trkpt>
      <trkpt lat="45.3988803550601" lon="22.18909132294357">
        <ele>309.18</ele>
      </trkpt>
      <trkpt lat="45.398963168263435" lon="22.189141949638724">
        <ele>307.29</ele>
      </trkpt>
      <trkpt lat="45.39903810247779" lon="22.189189307391644">
        <ele>305.41</ele>
      </trkpt>
      <trkpt lat="45.399122005328536" lon="22.18925795517862">
        <ele>303.51</ele>
      </trkpt>
      <trkpt lat="45.39917992427945" lon="22.189305229112506">
        <ele>301.65</ele>
      </trkpt>
      <trkpt lat="45.39922384545207" lon="22.189347725361586">
        <ele>299.82</ele>
      </trkpt>
      <trkpt lat="45.39928017184138" lon="22.189413690939546">
        <ele>297.99</ele>
      </trkpt>
      <trkpt lat="45.39930942468345" lon="22.189492229372263">
        <ele>296.17</ele>
      </trkpt>
      <trkpt lat="45.39934001863003" lon="22.189581664279103">
        <ele>294.36</ele>
      </trkpt>
      <trkpt lat="45.399354603141546" lon="22.189680906012654">
        <ele>292.55</ele>
      </trkpt>
      <trkpt lat="45.39936608634889" lon="22.18975835479796">
        <ele>290.78</ele>
      </trkpt>
      <trkpt lat="45.399370193481445" lon="22.189826918765903">
        <ele>289.03</ele>
      </trkpt>
      <trkpt lat="45.39937715046108" lon="22.18993730843067">
        <ele>287.29</ele>
      </trkpt>
      <trkpt lat="45.39939349517226" lon="22.19008818268776">
        <ele>285.55</ele>
      </trkpt>
      <trkpt lat="45.399408331140876" lon="22.19020443968475">
        <ele>283.86</ele>
      </trkpt>
      <trkpt lat="45.39943942800164" lon="22.190309297293425">
        <ele>282.22</ele>
      </trkpt>
      <trkpt lat="45.39946080185473" lon="22.190408874303102">
        <ele>280.62</ele>
      </trkpt>
      <trkpt lat="45.39949600584805" lon="22.19049076549709">
        <ele>279.06</ele>
      </trkpt>
      <trkpt lat="45.39953590370715" lon="22.190543822944164">
        <ele>277.55</ele>
      </trkpt>
      <trkpt lat="45.399578819051385" lon="22.190570728853345">
        <ele>276.09</ele>
      </trkpt>
      <trkpt lat="45.39962399750948" lon="22.190589671954513">
        <ele>274.67</ele>
      </trkpt>
      <trkpt lat="45.39968124590814" lon="22.190620936453342">
        <ele>273.28</ele>
      </trkpt>
      <trkpt lat="45.39974662475288" lon="22.190658822655678">
        <ele>271.91</ele>
      </trkpt>
      <trkpt lat="45.39980806410313" lon="22.190691009163857">
        <ele>270.57</ele>
      </trkpt>
      <trkpt lat="45.399873945862055" lon="22.190733086317778">
        <ele>269.27</ele>
      </trkpt>
      <trkpt lat="45.399940917268395" lon="22.190780695527792">
        <ele>268.0</ele>
      </trkpt>
      <trkpt lat="45.40001090615988" lon="22.190817911177874">
        <ele>266.77</ele>
      </trkpt>
      <trkpt lat="45.40008240379393" lon="22.190847666934133">
        <ele>265.56</ele>
      </trkpt>
      <trkpt lat="45.400153985247016" lon="22.19088857062161">
        <ele>264.38</ele>
      </trkpt>
      <trkpt lat="45.400222884491086" lon="22.190937353298068">
        <ele>263.24</ele>
      </trkpt>
      <trkpt lat="45.40027812123299" lon="22.190988902002573">
        <ele>262.15</ele>
      </trkpt>
      <trkpt lat="45.400330759584904" lon="22.1910479106009">
        <ele>261.12</ele>
      </trkpt>
      <trkpt lat="45.40038155391812" lon="22.191118821501732">
        <ele>260.12</ele>
      </trkpt>
      <trkpt lat="45.40043335407972" lon="22.19120180234313">
        <ele>259.17</ele>
      </trkpt>
      <trkpt lat="45.40048096328974" lon="22.19128771685064">
        <ele>258.25</ele>
      </trkpt>
      <trkpt lat="45.40052664466202" lon="22.19138008542359">
        <ele>257.35</ele>
      </trkpt>
      <trkpt lat="45.4006330948323" lon="22.191587537527084">
        <ele>256.44</ele>
      </trkpt>
      <trkpt lat="45.40069327689707" lon="22.191682923585176">
        <ele>255.59</ele>
      </trkpt>
      <trkpt lat="45.40075144730508" lon="22.191767245531082">
        <ele>254.77</ele>
      </trkpt>
      <trkpt lat="45.400812132284045" lon="22.191832372918725">
        <ele>254.0</ele>
      </trkpt>
      <trkpt lat="45.40087407454848" lon="22.191875791177154">
        <ele>253.28</ele>
      </trkpt>
      <trkpt lat="45.40093601681292" lon="22.191903367638588">
        <ele>252.61</ele>
      </trkpt>
      <trkpt lat="45.40099988691509" lon="22.191922143101692">
        <ele>251.96</ele>
      </trkpt>
      <trkpt lat="45.401072055101395" lon="22.19193320721388">
        <ele>251.35</ele>
      </trkpt>
      <trkpt lat="45.401147324591875" lon="22.191938403993845">
        <ele>250.77</ele>
      </trkpt>
      <trkpt lat="45.401223516091704" lon="22.19194108620286">
        <ele>250.22</ele>
      </trkpt>
      <trkpt lat="45.401301719248295" lon="22.191947121173143">
        <ele>249.69</ele>
      </trkpt>
      <trkpt lat="45.401376066729426" lon="22.191972015425563">
        <ele>249.2</ele>
      </trkpt>
      <trkpt lat="45.401440439745784" lon="22.19201543368399">
        <ele>248.75</ele>
      </trkpt>
      <trkpt lat="45.40148654021323" lon="22.19207058660686">
        <ele>248.31</ele>
      </trkpt>
      <trkpt lat="45.401526438072324" lon="22.1921428386122">
        <ele>247.9</ele>
      </trkpt>
      <trkpt lat="45.40156088769436" lon="22.192220874130726">
        <ele>247.52</ele>
      </trkpt>
      <trkpt lat="45.40159030817449" lon="22.192301005125046">
        <ele>247.15</ele>
      </trkpt>
      <trkpt lat="45.401620315387845" lon="22.192378705367446">
        <ele>246.81</ele>
      </trkpt>
      <trkpt lat="45.40172173641622" lon="22.192620187997818">
        <ele>246.47</ele>
      </trkpt>
      <trkpt lat="45.40175534784794" lon="22.19270627014339">
        <ele>246.17</ele>
      </trkpt>
      <trkpt lat="45.40188107639551" lon="22.192992512136698">
        <ele>245.86</ele>
      </trkpt>
      <trkpt lat="45.40193656459451" lon="22.193085215985775">
        <ele>245.61</ele>
      </trkpt>
      <trkpt lat="45.40199339389801" lon="22.193172555416822">
        <ele>245.39</ele>
      </trkpt>
      <trkpt lat="45.40204511024058" lon="22.193254698067904">
        <ele>245.18</ele>
      </trkpt>
      <trkpt lat="45.40209012106061" lon="22.193337846547365">
        <ele>244.99</ele>
      </trkpt>
      <trkpt lat="45.402141166850924" lon="22.193533731624484">
        <ele>244.8</ele>
      </trkpt>
      <trkpt lat="45.40214384905994" lon="22.193636242300272">
        <ele>244.64</ele>
      </trkpt>
      <trkpt lat="45.4021371435374" lon="22.193742860108614">
        <ele>244.5</ele>
      </trkpt>
      <trkpt lat="45.40212515741587" lon="22.193853920325637">
        <ele>244.37</ele>
      </trkpt>
      <trkpt lat="45.402114847674966" lon="22.19394838437438">
        <ele>244.26</ele>
      </trkpt>
      <trkpt lat="45.40209540165961" lon="22.194226244464517">
        <ele>244.14</ele>
      </trkpt>
      <trkpt lat="45.40209162980318" lon="22.194332107901573">
        <ele>244.07</ele>
      </trkpt>
      <trkpt lat="45.402088863775134" lon="22.19445859082043">
        <ele>244.03</ele>
      </trkpt>
      <trkpt lat="45.40209322236478" lon="22.19459236599505">
        <ele>244.02</ele>
      </trkpt>
      <trkpt lat="45.40210856124759" lon="22.194682387635112">
        <ele>244.03</ele>
      </trkpt>
      <trkpt lat="45.4021286778152" lon="22.194752041250467">
        <ele>244.06</ele>
      </trkpt>
      <trkpt lat="45.40215516462922" lon="22.19480241648853">
        <ele>244.12</ele>
      </trkpt>
      <trkpt lat="45.40219338610768" lon="22.19482990913093">
        <ele>244.2</ele>
      </trkpt>
      <trkpt lat="45.402235463261604" lon="22.19484457746148">
        <ele>244.3</ele>
      </trkpt>
      <trkpt lat="45.4022753611207" lon="22.194854132831097">
        <ele>244.43</ele>
      </trkpt>
      <trkpt lat="45.40231592953205" lon="22.194861760362983">
        <ele>244.58</ele>
      </trkpt>
      <trkpt lat="45.40235691703856" lon="22.194870142266154">
        <ele>244.75</ele>
      </trkpt>
      <trkpt lat="45.402396311983466" lon="22.194875171408057">
        <ele>244.93</ele>
      </trkpt>
      <trkpt lat="45.40243185125291" lon="22.1948763448745">
        <ele>245.14</ele>
      </trkpt>
      <trkpt lat="45.40246387012303" lon="22.194873746484518">
        <ele>245.36</ele>
      </trkpt>
      <trkpt lat="45.40249329060316" lon="22.19486846588552">
        <ele>245.59</ele>
      </trkpt>
      <trkpt lat="45.40252095088363" lon="22.194860335439444">
        <ele>245.85</ele>
      </trkpt>
      <trkpt lat="45.402547772973776" lon="22.19485237263143">
        <ele>246.11</ele>
      </trkpt>
      <trkpt lat="45.402573170140386" lon="22.194846672937274">
        <ele>246.39</ele>
      </trkpt>
      <trkpt lat="45.4025964718312" lon="22.194838877767324">
        <ele>246.68</ele>
      </trkpt>
      <trkpt lat="45.40261994116008" lon="22.194834602996707">
        <ele>246.98</ele>
      </trkpt>
      <trkpt lat="45.40264290757477" lon="22.19483083114028">
        <ele>247.29</ele>
      </trkpt>
      <trkpt lat="45.402823789045215" lon="22.194789173081517">
        <ele>247.66</ele>
      </trkpt>
      <trkpt lat="45.40284809656441" lon="22.194785987958312">
        <ele>247.98</ele>
      </trkpt>
      <trkpt lat="45.402871649712324" lon="22.19477911479771">
        <ele>248.3</ele>
      </trkpt>
      <trkpt lat="45.40289428085089" lon="22.194770900532603">
        <ele>248.63</ele>
      </trkpt>
      <trkpt lat="45.40291875600815" lon="22.19476335681975">
        <ele>248.96</ele>
      </trkpt>
      <trkpt lat="45.40302235633135" lon="22.194739636033773">
        <ele>249.31</ele>
      </trkpt>
      <trkpt lat="45.40310106240213" lon="22.194725051522255">
        <ele>249.66</ele>
      </trkpt>
      <trkpt lat="45.40312813594937" lon="22.19471901655197">
        <ele>249.98</ele>
      </trkpt>
      <trkpt lat="45.403153616935015" lon="22.194712478667498">
        <ele>250.3</ele>
      </trkpt>
      <trkpt lat="45.40317792445421" lon="22.194703007116914">
        <ele>250.61</ele>
      </trkpt>
      <trkpt lat="45.40320164524019" lon="22.194691356271505">
        <ele>250.91</ele>
      </trkpt>
      <trkpt lat="45.40322712622583" lon="22.19468188472092">
        <ele>251.21</ele>
      </trkpt>
      <trkpt lat="45.40325495414436" lon="22.19467400573194">
        <ele>251.49</ele>
      </trkpt>
      <trkpt lat="45.40328470990062" lon="22.194667300209403">
        <ele>251.76</ele>
      </trkpt>
      <trkpt lat="45.40331404656172" lon="22.194659924134612">
        <ele>252.02</ele>
      </trkpt>
      <trkpt lat="45.40334388613701" lon="22.19465103931725">
        <ele>252.27</ele>
      </trkpt>
      <trkpt lat="45.40337322279811" lon="22.194644501432776">
        <ele>252.49</ele>
      </trkpt>
      <trkpt lat="45.40340540930629" lon="22.194633688777685">
        <ele>252.71</ele>
      </trkpt>
      <trkpt lat="45.403439523652196" lon="22.194618601351976">
        <ele>252.91</ele>
      </trkpt>
      <trkpt lat="45.40347330272198" lon="22.194601837545633">
        <ele>253.09</ele>
      </trkpt>
      <trkpt lat="45.40350951254368" lon="22.194581553339958">
        <ele>253.25</ele>
      </trkpt>
      <trkpt lat="45.40354488417506" lon="22.194559425115585">
        <ele>253.4</ele>
      </trkpt>
      <trkpt lat="45.40357958525419" lon="22.19453914090991">
        <ele>253.53</ele>
      </trkpt>
      <trkpt lat="45.40361311286688" lon="22.194520449265838">
        <ele>253.63</ele>
      </trkpt>
      <trkpt lat="45.40364638902247" lon="22.194500751793385">
        <ele>253.72</ele>
      </trkpt>
      <trkpt lat="45.40367949754" lon="22.194479294121265">
        <ele>253.78</ele>
      </trkpt>
      <trkpt lat="45.40371185168624" lon="22.19445557333529">
        <ele>253.82</ele>
      </trkpt>
      <trkpt lat="45.40374403819442" lon="22.194433361291885">
        <ele>253.83</ele>
      </trkpt>
      <trkpt lat="45.40377991273999" lon="22.19441106542945">
        <ele>253.82</ele>
      </trkpt>
      <trkpt lat="45.403818720951676" lon="22.194385500624776">
        <ele>253.78</ele>
      </trkpt>
      <trkpt lat="45.40385694243014" lon="22.194354319944978">
        <ele>253.72</ele>
      </trkpt>
      <trkpt lat="45.40389692410827" lon="22.19432070851326">
        <ele>253.64</ele>
      </trkpt>
      <trkpt lat="45.40393858216703" lon="22.19428952783346">
        <ele>253.54</ele>
      </trkpt>
      <trkpt lat="45.40398275479674" lon="22.194255413487554">
        <ele>253.42</ele>
      </trkpt>
      <trkpt lat="45.40402717888355" lon="22.19421618618071">
        <ele>253.27</ele>
      </trkpt>
      <trkpt lat="45.40407545864582" lon="22.19417125917971">
        <ele>253.09</ele>
      </trkpt>
      <trkpt lat="45.4041266720742" lon="22.19412725418806">
        <ele>252.9</ele>
      </trkpt>
      <trkpt lat="45.40417855605483" lon="22.19407880678773">
        <ele>252.68</ele>
      </trkpt>
      <trkpt lat="45.40423320606351" lon="22.194029688835144">
        <ele>252.45</ele>
      </trkpt>
      <trkpt lat="45.40428844280541" lon="22.193980822339654">
        <ele>252.2</ele>
      </trkpt>
      <trkpt lat="45.40434753522277" lon="22.193924747407436">
        <ele>251.94</ele>
      </trkpt>
      <trkpt lat="45.40440956130624" lon="22.19387160614133">
        <ele>251.65</ele>
      </trkpt>
      <trkpt lat="45.404472509399056" lon="22.193819135427475">
        <ele>251.37</ele>
      </trkpt>
      <trkpt lat="45.40453470312059" lon="22.193762389943004">
        <ele>251.07</ele>
      </trkpt>
      <trkpt lat="45.40459907613695" lon="22.193701956421137">
        <ele>250.77</ele>
      </trkpt>
      <trkpt lat="45.40466621518135" lon="22.19363909214735">
        <ele>250.45</ele>
      </trkpt>
      <trkpt lat="45.40486444719136" lon="22.193444967269897">
        <ele>250.1</ele>
      </trkpt>
      <trkpt lat="45.40500367060304" lon="22.19331320375204">
        <ele>249.76</ele>
      </trkpt>
      <trkpt lat="45.40505941025913" lon="22.193261152133346">
        <ele>249.4</ele>
      </trkpt>
      <trkpt lat="45.405140463262796" lon="22.193183870986104">
        <ele>249.01</ele>
      </trkpt>
      <trkpt lat="45.40527013130486" lon="22.193051353096962">
        <ele>248.59</ele>
      </trkpt>
      <trkpt lat="45.40532134473324" lon="22.192996200174093">
        <ele>248.19</ele>
      </trkpt>
      <trkpt lat="45.40539711713791" lon="22.19291204586625">
        <ele>247.76</ele>
      </trkpt>
      <trkpt lat="45.40545545518398" lon="22.192842811346054">
        <ele>247.34</ele>
      </trkpt>
      <trkpt lat="45.40550800971687" lon="22.192768212407827">
        <ele>246.92</ele>
      </trkpt>
      <trkpt lat="45.40555343963206" lon="22.19268816523254">
        <ele>246.49</ele>
      </trkpt>
      <trkpt lat="45.40559350512922" lon="22.19261004589498">
        <ele>246.05</ele>
      </trkpt>
      <trkpt lat="45.40562770329416" lon="22.192532178014517">
        <ele>245.62</ele>
      </trkpt>
      <trkpt lat="45.4056582134217" lon="22.192454729229212">
        <ele>245.18</ele>
      </trkpt>
      <trkpt lat="45.405684784054756" lon="22.192381052300334">
        <ele>244.75</ele>
      </trkpt>
      <trkpt lat="45.40570590645075" lon="22.192309135571122">
        <ele>244.32</ele>
      </trkpt>
      <trkpt lat="45.40572518482804" lon="22.1922411583364">
        <ele>243.88</ele>
      </trkpt>
      <trkpt lat="45.405744295567274" lon="22.192177372053266">
        <ele>243.45</ele>
      </trkpt>
      <trkpt lat="45.4057652503252" lon="22.192119536921382">
        <ele>243.01</ele>
      </trkpt>
      <trkpt lat="45.40579039603472" lon="22.192067904397845">
        <ele>242.56</ele>
      </trkpt>
      <trkpt lat="45.405859630554914" lon="22.19199330545962">
        <ele>242.09</ele>
      </trkpt>
      <trkpt lat="45.40590824559331" lon="22.191976960748434">
        <ele>241.65</ele>
      </trkpt>
      <trkpt lat="45.40596197359264" lon="22.19196991994977">
        <ele>241.21</ele>
      </trkpt>
      <trkpt lat="45.4060173779726" lon="22.191972183063626">
        <ele>240.77</ele>
      </trkpt>
      <trkpt lat="45.40607672184706" lon="22.191977631300688">
        <ele>240.35</ele>
      </trkpt>
      <trkpt lat="45.40614277124405" lon="22.19198844395578">
        <ele>239.95</ele>
      </trkpt>
      <trkpt lat="45.40628895163536" lon="22.19201291911304">
        <ele>239.54</ele>
      </trkpt>
      <trkpt lat="45.40636857971549" lon="22.192028677091002">
        <ele>239.15</ele>
      </trkpt>
      <trkpt lat="45.406537894159555" lon="22.192059103399515">
        <ele>238.76</ele>
      </trkpt>
      <trkpt lat="45.4067150875926" lon="22.192081650719047">
        <ele>238.39</ele>
      </trkpt>
      <trkpt lat="45.40680586360395" lon="22.192089362069964">
        <ele>238.06</ele>
      </trkpt>
      <trkpt lat="45.40689387358725" lon="22.192097241058946">
        <ele>237.74</ele>
      </trkpt>
      <trkpt lat="45.40697802789509" lon="22.19210813753307">
        <ele>237.44</ele>
      </trkpt>
      <trkpt lat="45.40706109255552" lon="22.192113837227225">
        <ele>237.16</ele>
      </trkpt>
      <trkpt lat="45.40714206174016" lon="22.19211400486529">
        <ele>236.9</ele>
      </trkpt>
      <trkpt lat="45.40721976198256" lon="22.192106125876307">
        <ele>236.67</ele>
      </trkpt>
      <trkpt lat="45.40727952495217" lon="22.19209841452539">
        <ele>236.46</ele>
      </trkpt>
      <trkpt lat="45.40736870840192" lon="22.192089864984155">
        <ele>236.28</ele>
      </trkpt>
      <trkpt lat="45.4074386972934" lon="22.192084416747093">
        <ele>236.11</ele>
      </trkpt>
      <trkpt lat="45.40750575251877" lon="22.19207603484392">
        <ele>235.98</ele>
      </trkpt>
      <trkpt lat="45.407567862421274" lon="22.19206622801721">
        <ele>235.86</ele>
      </trkpt>
      <trkpt lat="45.407623602077365" lon="22.192053236067295">
        <ele>235.77</ele>
      </trkpt>
      <trkpt lat="45.407673893496394" lon="22.19204661436379">
        <ele>235.7</ele>
      </trkpt>
      <trkpt lat="45.40771764703095" lon="22.192046027630568">
        <ele>235.65</ele>
      </trkpt>
      <trkpt lat="45.407754611223936" lon="22.192049464210868">
        <ele>235.62</ele>
      </trkpt>
      <trkpt lat="45.40778981521726" lon="22.192054241895676">
        <ele>235.61</ele>
      </trkpt>
      <trkpt lat="45.40782619267702" lon="22.19206036068499">
        <ele>235.62</ele>
      </trkpt>
      <trkpt lat="45.407862989231944" lon="22.192065976560116">
        <ele>235.65</ele>
      </trkpt>
      <trkpt lat="45.407903641462326" lon="22.19206723384559">
        <ele>235.7</ele>
      </trkpt>
      <trkpt lat="45.408028196543455" lon="22.1920202113688">
        <ele>235.77</ele>
      </trkpt>
      <trkpt lat="45.40818870998919" lon="22.191909486427903">
        <ele>235.86</ele>
      </trkpt>
      <trkpt lat="45.40823405608535" lon="22.191861625760794">
        <ele>235.95</ele>
      </trkpt>
      <trkpt lat="45.40826146490872" lon="22.191813848912716">
        <ele>236.07</ele>
      </trkpt>
      <trkpt lat="45.408264733850956" lon="22.191764060407877">
        <ele>236.2</ele>
      </trkpt>
      <trkpt lat="45.408248556777835" lon="22.19171871431172">
        <ele>236.35</ele>
      </trkpt>
      <trkpt lat="45.408221734687686" lon="22.191679822281003">
        <ele>236.51</ele>
      </trkpt>
      <trkpt lat="45.40819021873176" lon="22.191646797582507">
        <ele>236.69</ele>
      </trkpt>
      <trkpt lat="45.408156272023916" lon="22.19161813147366">
        <ele>236.87</ele>
      </trkpt>
      <trkpt lat="45.40812333114445" lon="22.191589549183846">
        <ele>237.07</ele>
      </trkpt>
      <trkpt lat="45.408093072474" lon="22.191557865589857">
        <ele>237.28</ele>
      </trkpt>
      <trkpt lat="45.40798293426633" lon="22.191419145092368">
        <ele>237.51</ele>
      </trkpt>
      <trkpt lat="45.407925518229604" lon="22.191333565860987">
        <ele>237.75</ele>
      </trkpt>
      <trkpt lat="45.40789752267301" lon="22.191283693537116">
        <ele>237.99</ele>
      </trkpt>
      <trkpt lat="45.40781881660223" lon="22.191129298880696">
        <ele>238.24</ele>
      </trkpt>
      <trkpt lat="45.407691579312086" lon="22.19087784178555">
        <ele>238.52</ele>
      </trkpt>
      <trkpt lat="45.40766090154648" lon="22.190813133493066">
        <ele>238.79</ele>
      </trkpt>
      <trkpt lat="45.40757934562862" lon="22.190644992515445">
        <ele>239.08</ele>
      </trkpt>
      <trkpt lat="45.40755352936685" lon="22.19059109687805">
        <ele>239.35</ele>
      </trkpt>
      <trkpt lat="45.4074524436146" lon="22.190372748300433">
        <ele>239.64</ele>
      </trkpt>
      <trkpt lat="45.4074265435338" lon="22.19031885266304">
        <ele>239.92</ele>
      </trkpt>
      <trkpt lat="45.407400308176875" lon="22.19026663340628">
        <ele>240.2</ele>
      </trkpt>
      <trkpt lat="45.40729260072112" lon="22.1900549903512">
        <ele>240.51</ele>
      </trkpt>
      <trkpt lat="45.407265946269035" lon="22.190002435818315">
        <ele>240.8</ele>
      </trkpt>
      <trkpt lat="45.40724088437855" lon="22.189949546009302">
        <ele>241.09</ele>
      </trkpt>
      <trkpt lat="45.407214565202594" lon="22.1898961532861">
        <ele>241.38</ele>
      </trkpt>
      <trkpt lat="45.407190173864365" lon="22.18984242528677">
        <ele>241.66</ele>
      </trkpt>
      <trkpt lat="45.40716586634517" lon="22.189788781106472">
        <ele>241.94</ele>
      </trkpt>
      <trkpt lat="45.40714700706303" lon="22.18974662013352">
        <ele>242.21</ele>
      </trkpt>
      <trkpt lat="45.40712412446737" lon="22.18969490379095">
        <ele>242.48</ele>
      </trkpt>
      <trkpt lat="45.407094871625304" lon="22.189631033688784">
        <ele>242.75</ele>
      </trkpt>
      <trkpt lat="45.40706972591579" lon="22.189576970413327">
        <ele>243.02</ele>
      </trkpt>
      <trkpt lat="45.40704575367272" lon="22.189526595175266">
        <ele>243.28</ele>
      </trkpt>
      <trkpt lat="45.40702178142965" lon="22.18947596848011">
        <ele>243.54</ele>
      </trkpt>
      <trkpt lat="45.40700132958591" lon="22.18942701816559">
        <ele>243.79</ele>
      </trkpt>
      <trkpt lat="45.40698221884668" lon="22.189377900213003">
        <ele>244.04</ele>
      </trkpt>
      <trkpt lat="45.40696310810745" lon="22.189329955726862">
        <ele>244.27</ele>
      </trkpt>
      <trkpt lat="45.406944416463375" lon="22.189283268526196">
        <ele>244.5</ele>
      </trkpt>
      <trkpt lat="45.40692907758057" lon="22.189238592982292">
        <ele>244.72</ele>
      </trkpt>
      <trkpt lat="45.406916504725814" lon="22.18920288607478">
        <ele>244.93</ele>
      </trkpt>
      <trkpt lat="45.40689529851079" lon="22.189152259379625">
        <ele>245.14</ele>
      </trkpt>
      <trkpt lat="45.40687861852348" lon="22.189108841121197">
        <ele>245.34</ele>
      </trkpt>
      <trkpt lat="45.406865291297436" lon="22.189073469489813">
        <ele>245.53</ele>
      </trkpt>
      <trkpt lat="45.406845677644014" lon="22.18902292661369">
        <ele>245.72</ele>
      </trkpt>
      <trkpt lat="45.406830590218306" lon="22.188980346545577">
        <ele>245.9</ele>
      </trkpt>
      <trkpt lat="45.40681466460228" lon="22.188934665173292">
        <ele>246.07</ele>
      </trkpt>
      <trkpt lat="45.40679890662432" lon="22.188887391239405">
        <ele>246.24</ele>
      </trkpt>
      <trkpt lat="45.40678482502699" lon="22.188840955495834">
        <ele>246.4</ele>
      </trkpt>
      <trkpt lat="45.406769905239344" lon="22.188797118142247">
        <ele>246.56</ele>
      </trkpt>
      <trkpt lat="45.406754817813635" lon="22.188753616064787">
        <ele>246.7</ele>
      </trkpt>
      <trkpt lat="45.40674132294953" lon="22.188711622729897">
        <ele>246.84</ele>
      </trkpt>
      <trkpt lat="45.40672732517123" lon="22.188670802861452">
        <ele>246.98</ele>
      </trkpt>
      <trkpt lat="45.40671299211681" lon="22.188629312440753">
        <ele>247.11</ele>
      </trkpt>
      <trkpt lat="45.40669849142432" lon="22.188590755686164">
        <ele>247.23</ele>
      </trkpt>
      <trkpt lat="45.40668516419828" lon="22.188552701845765">
        <ele>247.35</ele>
      </trkpt>
      <trkpt lat="45.40667141787708" lon="22.188513474538922">
        <ele>247.46</ele>
      </trkpt>
      <trkpt lat="45.40665993466973" lon="22.188481707125902">
        <ele>247.57</ele>
      </trkpt>
      <trkpt lat="45.40664182975888" lon="22.18843560665846">
        <ele>247.68</ele>
      </trkpt>
      <trkpt lat="45.40663034655154" lon="22.188405683264136">
        <ele>247.77</ele>
      </trkpt>
      <trkpt lat="45.4066133312881" lon="22.188362013548613">
        <ele>247.87</ele>
      </trkpt>
      <trkpt lat="45.406594052910805" lon="22.18832823447883">
        <ele>247.96</ele>
      </trkpt>
      <trkpt lat="45.40657754056156" lon="22.188304513692856">
        <ele>248.04</ele>
      </trkpt>
      <trkpt lat="45.406555915251374" lon="22.18828129582107">
        <ele>248.12</ele>
      </trkpt>
      <trkpt lat="45.40653068572283" lon="22.188269393518567">
        <ele>248.19</ele>
      </trkpt>
      <trkpt lat="45.40649690665305" lon="22.188266292214394">
        <ele>248.26</ele>
      </trkpt>
      <trkpt lat="45.40646731853485" lon="22.18826905824244">
        <ele>248.32</ele>
      </trkpt>
      <trkpt lat="45.406436724588275" lon="22.18827391974628">
        <ele>248.37</ele>
      </trkpt>
      <trkpt lat="45.40640537627041" lon="22.188282469287515">
        <ele>248.42</ele>
      </trkpt>
      <trkpt lat="45.406374111771584" lon="22.18829101882875">
        <ele>248.47</ele>
      </trkpt>
      <trkpt lat="45.40634569711983" lon="22.18830132856965">
        <ele>248.5</ele>
      </trkpt>
      <trkpt lat="45.406318958848715" lon="22.18831163831055">
        <ele>248.53</ele>
      </trkpt>
      <trkpt lat="45.40629129856825" lon="22.18831884674728">
        <ele>248.55</ele>
      </trkpt>
      <trkpt lat="45.40626682341099" lon="22.188326558098197">
        <ele>248.57</ele>
      </trkpt>
      <trkpt lat="45.40624595247209" lon="22.188334185630083">
        <ele>248.59</ele>
      </trkpt>
      <trkpt lat="45.40622449479997" lon="22.188338041305542">
        <ele>248.6</ele>
      </trkpt>
      <trkpt lat="45.40619951672852" lon="22.18834231607616">
        <ele>248.6</ele>
      </trkpt>
      <trkpt lat="45.406175795942545" lon="22.188347512856126">
        <ele>248.61</ele>
      </trkpt>
      <trkpt lat="45.406149476766586" lon="22.188354888930917">
        <ele>248.61</ele>
      </trkpt>
      <trkpt lat="45.40611997246742" lon="22.188363522291183">
        <ele>248.6</ele>
      </trkpt>
      <trkpt lat="45.40608912706375" lon="22.188372910022736">
        <ele>248.6</ele>
      </trkpt>
      <trkpt lat="45.406057527288795" lon="22.188381124287844">
        <ele>248.59</ele>
      </trkpt>
      <trkpt lat="45.40602743625641" lon="22.188385985791683">
        <ele>248.57</ele>
      </trkpt>
      <trkpt lat="45.40596113540232" lon="22.188396211713552">
        <ele>248.55</ele>
      </trkpt>
      <trkpt lat="45.40588938631117" lon="22.188409538939595">
        <ele>248.53</ele>
      </trkpt>
      <trkpt lat="45.40585200302303" lon="22.18842244707048">
        <ele>248.52</ele>
      </trkpt>
      <trkpt lat="45.40581009350717" lon="22.188442815095186">
        <ele>248.5</ele>
      </trkpt>
      <trkpt lat="45.40571923367679" lon="22.188477516174316">
        <ele>248.49</ele>
      </trkpt>
      <trkpt lat="45.40563466027379" lon="22.188497968018055">
        <ele>248.48</ele>
      </trkpt>
      <trkpt lat="45.40558981709182" lon="22.188502410426736">
        <ele>248.48</ele>
      </trkpt>
      <trkpt lat="45.405547907575965" lon="22.188498051837087">
        <ele>248.48</ele>
      </trkpt>
      <trkpt lat="45.405507842078805" lon="22.188487323001027">
        <ele>248.49</ele>
      </trkpt>
      <trkpt lat="45.405470207333565" lon="22.188468212261796">
        <ele>248.5</ele>
      </trkpt>
      <trkpt lat="45.4054407030344" lon="22.188442312180996">
        <ele>248.52</ele>
      </trkpt>
      <trkpt lat="45.40541773661971" lon="22.18841213732958">
        <ele>248.55</ele>
      </trkpt>
      <trkpt lat="45.405394434928894" lon="22.188376933336258">
        <ele>248.58</ele>
      </trkpt>
      <trkpt lat="45.405370546504855" lon="22.18833837658167">
        <ele>248.62</ele>
      </trkpt>
      <trkpt lat="45.40534934028983" lon="22.188299568369985">
        <ele>248.66</ele>
      </trkpt>
      <trkpt lat="45.40532645769417" lon="22.18825430609286">
        <ele>248.71</ele>
      </trkpt>
      <trkpt lat="45.40530676022172" lon="22.188216168433428">
        <ele>248.77</ele>
      </trkpt>
      <trkpt lat="45.40528446435928" lon="22.188177360221744">
        <ele>248.83</ele>
      </trkpt>
      <trkpt lat="45.40526770055294" lon="22.18814550898969">
        <ele>248.9</ele>
      </trkpt>
      <trkpt lat="45.4052472487092" lon="22.188107203692198">
        <ele>248.98</ele>
      </trkpt>
      <trkpt lat="45.405230820178986" lon="22.188069904223084">
        <ele>249.07</ele>
      </trkpt>
      <trkpt lat="45.405212212353945" lon="22.18803503550589">
        <ele>249.17</ele>
      </trkpt>
      <trkpt lat="45.40519670583308" lon="22.18800125643611">
        <ele>249.27</ele>
      </trkpt>
      <trkpt lat="45.405182372778654" lon="22.187958005815744">
        <ele>249.38</ele>
      </trkpt>
      <trkpt lat="45.405171643942595" lon="22.187923304736614">
        <ele>249.5</ele>
      </trkpt>
      <trkpt lat="45.405158903449774" lon="22.187892459332943">
        <ele>249.63</ele>
      </trkpt>
      <trkpt lat="45.40514465421438" lon="22.187864715233445">
        <ele>249.76</ele>
      </trkpt>
      <trkpt lat="45.40512906387448" lon="22.187840910628438">
        <ele>249.9</ele>
      </trkpt>
      <trkpt lat="45.40511079132557" lon="22.18781752511859">
        <ele>250.06</ele>
      </trkpt>
      <trkpt lat="45.405098805204034" lon="22.187797911465168">
        <ele>250.21</ele>
      </trkpt>
      <trkpt lat="45.405082292854786" lon="22.187779555097222">
        <ele>250.38</ele>
      </trkpt>
      <trkpt lat="45.405062260106206" lon="22.187756085768342">
        <ele>250.55</ele>
      </trkpt>
      <trkpt lat="45.405044658109546" lon="22.187737645581365">
        <ele>250.74</ele>
      </trkpt>
      <trkpt lat="45.40502663701773" lon="22.187722558155656">
        <ele>250.93</ele>
      </trkpt>
      <trkpt lat="45.40501004084945" lon="22.18770755454898">
        <ele>251.13</ele>
      </trkpt>
      <trkpt lat="45.404989924281836" lon="22.187695736065507">
        <ele>251.34</ele>
      </trkpt>
      <trkpt lat="45.40497056208551" lon="22.18768274411559">
        <ele>251.55</ele>
      </trkpt>
      <trkpt lat="45.40495304390788" lon="22.18766941688955">
        <ele>251.78</ele>
      </trkpt>
      <trkpt lat="45.40493653155863" lon="22.187653994187713">
        <ele>252.02</ele>
      </trkpt>
      <trkpt lat="45.40491716936231" lon="22.18763438053429">
        <ele>252.26</ele>
      </trkpt>
      <trkpt lat="45.4049018304795" lon="22.187616443261504">
        <ele>252.51</ele>
      </trkpt>
      <trkpt lat="45.404888754710555" lon="22.187602696940303">
        <ele>252.76</ele>
      </trkpt>
      <trkpt lat="45.40487525984645" lon="22.187588112428784">
        <ele>253.03</ele>
      </trkpt>
      <trkpt lat="45.40486595593393" lon="22.187571516260505">
        <ele>253.3</ele>
      </trkpt>
      <trkpt lat="45.404856065288186" lon="22.18755466863513">
        <ele>253.57</ele>
      </trkpt>
      <trkpt lat="45.40484793484211" lon="22.187539162114263">
        <ele>253.85</ele>
      </trkpt>
      <trkpt lat="45.404839720577" lon="22.187519380822778">
        <ele>254.14</ele>
      </trkpt>
      <trkpt lat="45.40483133867383" lon="22.18750337138772">
        <ele>254.44</ele>
      </trkpt>
      <trkpt lat="45.40482605807483" lon="22.187486607581377">
        <ele>254.73</ele>
      </trkpt>
      <trkpt lat="45.40482237003744" lon="22.187471352517605">
        <ele>255.04</ele>
      </trkpt>
      <trkpt lat="45.40481323376298" lon="22.18744964338839">
        <ele>255.35</ele>
      </trkpt>
      <trkpt lat="45.40480644442141" lon="22.187430867925286">
        <ele>255.66</ele>
      </trkpt>
      <trkpt lat="45.40480149909854" lon="22.187405973672867">
        <ele>255.98</ele>
      </trkpt>
      <trkpt lat="45.404793536290526" lon="22.187380408868194">
        <ele>256.3</ele>
      </trkpt>
      <trkpt lat="45.40478733368218" lon="22.18736356124282">
        <ele>256.63</ele>
      </trkpt>
      <trkpt lat="45.40478062815964" lon="22.18733975663781">
        <ele>256.96</ele>
      </trkpt>
      <trkpt lat="45.4047723300755" lon="22.187319975346327">
        <ele>257.29</ele>
      </trkpt>
      <trkpt lat="45.40476671420038" lon="22.187300277873874">
        <ele>257.62</ele>
      </trkpt>
      <trkpt lat="45.40476327762008" lon="22.187279406934977">
        <ele>257.95</ele>
      </trkpt>
      <trkpt lat="45.40475464425981" lon="22.1872522495687">
        <ele>258.29</ele>
      </trkpt>
      <trkpt lat="45.40474550798535" lon="22.1872281935066">
        <ele>258.62</ele>
      </trkpt>
      <trkpt lat="45.40474098175764" lon="22.187206400558352">
        <ele>258.95</ele>
      </trkpt>
      <trkpt lat="45.404733857139945" lon="22.187181757763028">
        <ele>259.28</ele>
      </trkpt>
      <trkpt lat="45.40472220629454" lon="22.18714814633131">
        <ele>259.61</ele>
      </trkpt>
      <trkpt lat="45.40471374057233" lon="22.18712668865919">
        <ele>259.93</ele>
      </trkpt>
      <trkpt lat="45.40470669977367" lon="22.18710506334901">
        <ele>260.25</ele>
      </trkpt>
      <trkpt lat="45.404697228223085" lon="22.18708176165819">
        <ele>260.57</ele>
      </trkpt>
      <trkpt lat="45.404682978987694" lon="22.187064327299595">
        <ele>260.88</ele>
      </trkpt>
      <trkpt lat="45.40466512553394" lon="22.187042701989412">
        <ele>261.18</ele>
      </trkpt>
      <trkpt lat="45.40466177277267" lon="22.187024597078562">
        <ele>261.48</ele>
      </trkpt>
      <trkpt lat="45.40465582162142" lon="22.187003726139665">
        <ele>261.77</ele>
      </trkpt>
      <trkpt lat="45.40464408695698" lon="22.186975982040167">
        <ele>262.07</ele>
      </trkpt>
      <trkpt lat="45.404629250988364" lon="22.186951925978065">
        <ele>262.35</ele>
      </trkpt>
      <trkpt lat="45.404612738639116" lon="22.186930384486914">
        <ele>262.63</ele>
      </trkpt>
      <trkpt lat="45.404591197147965" lon="22.18690968118608">
        <ele>262.91</ele>
      </trkpt>
      <trkpt lat="45.40457191877067" lon="22.186897108331323">
        <ele>263.17</ele>
      </trkpt>
      <trkpt lat="45.40456320159137" lon="22.18688528984785">
        <ele>263.44</ele>
      </trkpt>
      <trkpt lat="45.404559429734945" lon="22.186861485242844">
        <ele>263.7</ele>
      </trkpt>
      <trkpt lat="45.404558926820755" lon="22.18683491460979">
        <ele>263.97</ele>
      </trkpt>
      <trkpt lat="45.40454987436533" lon="22.186815468594432">
        <ele>264.22</ele>
      </trkpt>
      <trkpt lat="45.40454065427184" lon="22.18679878860712">
        <ele>264.47</ele>
      </trkpt>
      <trkpt lat="45.40453772060573" lon="22.186781773343682">
        <ele>264.71</ele>
      </trkpt>
      <trkpt lat="45.40452942252159" lon="22.18676894903183">
        <ele>264.95</ele>
      </trkpt>
      <trkpt lat="45.404523722827435" lon="22.18675578944385">
        <ele>265.19</ele>
      </trkpt>
      <trkpt lat="45.40451366454363" lon="22.186736930161715">
        <ele>265.42</ele>
      </trkpt>
      <trkpt lat="45.4045064561069" lon="22.186719411984086">
        <ele>265.65</ele>
      </trkpt>
      <trkpt lat="45.40449354797602" lon="22.186703234910965">
        <ele>265.88</ele>
      </trkpt>
      <trkpt lat="45.40448047220707" lon="22.186682280153036">
        <ele>266.11</ele>
      </trkpt>
      <trkpt lat="45.404469994828105" lon="22.186665767803788">
        <ele>266.33</ele>
      </trkpt>
      <trkpt lat="45.40445616468787" lon="22.18664724379778">
        <ele>266.55</ele>
      </trkpt>
      <trkpt lat="45.40444577112794" lon="22.186633916571736">
        <ele>266.77</ele>
      </trkpt>
      <trkpt lat="45.40443613193929" lon="22.186621008440852">
        <ele>266.99</ele>
      </trkpt>
      <trkpt lat="45.404420625418425" lon="22.18660281971097">
        <ele>267.21</ele>
      </trkpt>
      <trkpt lat="45.40440419688821" lon="22.186583038419485">
        <ele>267.43</ele>
      </trkpt>
      <trkpt lat="45.40438952855766" lon="22.18656660988927">
        <ele>267.64</ele>
      </trkpt>
      <trkpt lat="45.40437779389322" lon="22.186547834426165">
        <ele>267.86</ele>
      </trkpt>
      <trkpt lat="45.40436379611492" lon="22.18652847222984">
        <ele>268.08</ele>
      </trkpt>
      <trkpt lat="45.40434619411826" lon="22.18650751747191">
        <ele>268.3</ele>
      </trkpt>
      <trkpt lat="45.404326329007745" lon="22.18648362904787">
        <ele>268.52</ele>
      </trkpt>
      <trkpt lat="45.404304368421435" lon="22.18645672313869">
        <ele>268.73</ele>
      </trkpt>
      <trkpt lat="45.404279474169016" lon="22.18642830848694">
        <ele>268.95</ele>
      </trkpt>
      <trkpt lat="45.404250640422106" lon="22.18638774007559">
        <ele>269.17</ele>
      </trkpt>
      <trkpt lat="45.40422884747386" lon="22.18635563738644">
        <ele>269.39</ele>
      </trkpt>
      <trkpt lat="45.404205713421106" lon="22.186325630173087">
        <ele>269.61</ele>
      </trkpt>
      <trkpt lat="45.40418785996735" lon="22.186300652101636">
        <ele>269.82</ele>
      </trkpt>
      <trkpt lat="45.40416137315333" lon="22.18626377172768">
        <ele>270.03</ele>
      </trkpt>
      <trkpt lat="45.404129438102245" lon="22.18621867708862">
        <ele>270.25</ele>
      </trkpt>
      <trkpt lat="45.404092725366354" lon="22.186158495023847">
        <ele>270.48</ele>
      </trkpt>
      <trkpt lat="45.40405006147921" lon="22.186093451455235">
        <ele>270.7</ele>
      </trkpt>
      <trkpt lat="45.4040022008121" lon="22.186029497534037">
        <ele>270.92</ele>
      </trkpt>
      <trkpt lat="45.40394889190793" lon="22.18596948310733">
        <ele>271.13</ele>
      </trkpt>
      <trkpt lat="45.40389943867922" lon="22.1859036013484">
        <ele>271.34</ele>
      </trkpt>
      <trkpt lat="45.40384135209024" lon="22.185827745124698">
        <ele>271.54</ele>
      </trkpt>
      <trkpt lat="45.403778068721294" lon="22.185744093731046">
        <ele>271.72</ele>
      </trkpt>
      <trkpt lat="45.40372702293098" lon="22.185664465650916">
        <ele>271.88</ele>
      </trkpt>
      <trkpt lat="45.403617890551686" lon="22.185521302744746">
        <ele>272.01</ele>
      </trkpt>
      <trkpt lat="45.403551841154695" lon="22.18543496914208">
        <ele>272.15</ele>
      </trkpt>
      <trkpt lat="45.403508339077234" lon="22.185363387688994">
        <ele>272.29</ele>
      </trkpt>
      <trkpt lat="45.4034773260355" lon="22.185301864519715">
        <ele>272.44</ele>
      </trkpt>
      <trkpt lat="45.403424855321646" lon="22.18521905131638">
        <ele>272.57</ele>
      </trkpt>
      <trkpt lat="45.4033666010946" lon="22.185160210356116">
        <ele>272.7</ele>
      </trkpt>
      <trkpt lat="45.403326619416475" lon="22.185115199536085">
        <ele>272.83</ele>
      </trkpt>
      <trkpt lat="45.40327473543584" lon="22.185055520385504">
        <ele>272.96</ele>
      </trkpt>
      <trkpt lat="45.40323936380446" lon="22.18501679599285">
        <ele>273.1</ele>
      </trkpt>
      <trkpt lat="45.40316065773368" lon="22.184929037466645">
        <ele>273.25</ele>
      </trkpt>
      <trkpt lat="45.403132662177086" lon="22.18489500693977">
        <ele>273.39</ele>
      </trkpt>
      <trkpt lat="45.4030941054225" lon="22.184856366366148">
        <ele>273.53</ele>
      </trkpt>
      <trkpt lat="45.403070133179426" lon="22.18483096919954">
        <ele>273.67</ele>
      </trkpt>
      <trkpt lat="45.40303769521415" lon="22.184802386909723">
        <ele>273.81</ele>
      </trkpt>
      <trkpt lat="45.402979189530015" lon="22.184741869568825">
        <ele>273.98</ele>
      </trkpt>
      <trkpt lat="45.40291724726558" lon="22.184668695554137">
        <ele>274.16</ele>
      </trkpt>
      <trkpt lat="45.40289478376508" lon="22.184644052758813">
        <ele>274.32</ele>
      </trkpt>
      <trkpt lat="45.40286662057042" lon="22.184610860422254">
        <ele>274.47</ele>
      </trkpt>
      <trkpt lat="45.402840971946716" lon="22.18457750044763">
        <ele>274.63</ele>
      </trkpt>
      <trkpt lat="45.40281825698912" lon="22.184543386101723">
        <ele>274.79</ele>
      </trkpt>
      <trkpt lat="45.402796799317" lon="22.184506505727768">
        <ele>274.95</ele>
      </trkpt>
      <trkpt lat="45.40276972576976" lon="22.184457136318088">
        <ele>275.11</ele>
      </trkpt>
      <trkpt lat="45.40274667553604" lon="22.184414137154818">
        <ele>275.27</ele>
      </trkpt>
      <trkpt lat="45.40272991172969" lon="22.18437667004764">
        <ele>275.44</ele>
      </trkpt>
      <trkpt lat="45.40268138051033" lon="22.184285558760166">
        <ele>275.61</ele>
      </trkpt>
      <trkpt lat="45.40266486816108" lon="22.184249684214592">
        <ele>275.78</ele>
      </trkpt>
      <trkpt lat="45.402640560641885" lon="22.184211211279035">
        <ele>275.95</ele>
      </trkpt>
      <trkpt lat="45.402589263394475" lon="22.18411909416318">
        <ele>276.14</ele>
      </trkpt>
      <trkpt lat="45.40257635526359" lon="22.1840765979141">
        <ele>276.32</ele>
      </trkpt>
      <trkpt lat="45.40256227366626" lon="22.184040304273367">
        <ele>276.49</ele>
      </trkpt>
      <trkpt lat="45.40254400111735" lon="22.184006525203586">
        <ele>276.66</ele>
      </trkpt>
      <trkpt lat="45.40252681821585" lon="22.183970902115107">
        <ele>276.83</ele>
      </trkpt>
      <trkpt lat="45.40251617319882" lon="22.183934021741152">
        <ele>277.01</ele>
      </trkpt>
      <trkpt lat="45.40250586345792" lon="22.18390074558556">
        <ele>277.19</ele>
      </trkpt>
      <trkpt lat="45.40249580517411" lon="22.183870570734143">
        <ele>277.36</ele>
      </trkpt>
      <trkpt lat="45.402484741061926" lon="22.183842742815614">
        <ele>277.54</ele>
      </trkpt>
      <trkpt lat="45.40247359313071" lon="22.183813154697418">
        <ele>277.72</ele>
      </trkpt>
      <trkpt lat="45.402458254247904" lon="22.18378147110343">
        <ele>277.91</ele>
      </trkpt>
      <trkpt lat="45.402441658079624" lon="22.183754732832313">
        <ele>278.11</ele>
      </trkpt>
      <trkpt lat="45.40242958813906" lon="22.183730341494083">
        <ele>278.3</ele>
      </trkpt>
      <trkpt lat="45.402408968657255" lon="22.183695221319795">
        <ele>278.5</ele>
      </trkpt>
      <trkpt lat="45.40239463560283" lon="22.183672841638327">
        <ele>278.69</ele>
      </trkpt>
      <trkpt lat="45.402374770492315" lon="22.183639146387577">
        <ele>278.89</ele>
      </trkpt>
      <trkpt lat="45.4023567494005" lon="22.1836172696203">
        <ele>279.09</ele>
      </trkpt>
      <trkpt lat="45.402335627004504" lon="22.183596398681402">
        <ele>279.28</ele>
      </trkpt>
      <trkpt lat="45.402315678074956" lon="22.18357326462865">
        <ele>279.48</ele>
      </trkpt>
      <trkpt lat="45.40229765698314" lon="22.183541664853692">
        <ele>279.68</ele>
      </trkpt>
      <trkpt lat="45.40227083489299" lon="22.183507131412625">
        <ele>279.87</ele>
      </trkpt>
      <trkpt lat="45.40225910022855" lon="22.183460108935833">
        <ele>280.08</ele>
      </trkpt>
      <trkpt lat="45.40223169140518" lon="22.18342079780996">
        <ele>280.27</ele>
      </trkpt>
      <trkpt lat="45.40219900198281" lon="22.183374110609293">
        <ele>280.47</ele>
      </trkpt>
      <trkpt lat="45.40218743495643" lon="22.18334066681564">
        <ele>280.67</ele>
      </trkpt>
      <trkpt lat="45.40216195397079" lon="22.183301020413637">
        <ele>280.87</ele>
      </trkpt>
      <trkpt lat="45.40212733671069" lon="22.18327671289444">
        <ele>281.07</ele>
      </trkpt>
      <trkpt lat="45.40207939222455" lon="22.18325039371848">
        <ele>281.27</ele>
      </trkpt>
      <trkpt lat="45.40203647688031" lon="22.183217955753207">
        <ele>281.46</ele>
      </trkpt>
      <trkpt lat="45.40200957097113" lon="22.18321166932583">
        <ele>281.64</ele>
      </trkpt>
      <trkpt lat="45.40197587572038" lon="22.18319809064269">
        <ele>281.82</ele>
      </trkpt>
      <trkpt lat="45.40194318629801" lon="22.183168837800622">
        <ele>281.99</ele>
      </trkpt>
      <trkpt lat="45.401924662292004" lon="22.183156348764896">
        <ele>282.17</ele>
      </trkpt>
      <trkpt lat="45.40190739557147" lon="22.18314436264336">
        <ele>282.34</ele>
      </trkpt>
      <trkpt lat="45.40188501589" lon="22.183121731504798">
        <ele>282.51</ele>
      </trkpt>
      <trkpt lat="45.401873448863626" lon="22.1831061411649">
        <ele>282.68</ele>
      </trkpt>
      <trkpt lat="45.401864647865295" lon="22.183089796453714">
        <ele>282.85</ele>
      </trkpt>
      <trkpt lat="45.40185668505728" lon="22.183075044304132">
        <ele>283.01</ele>
      </trkpt>
      <trkpt lat="45.401850650087" lon="22.183064902201295">
        <ele>283.17</ele>
      </trkpt>
      <trkpt lat="45.40184235200286" lon="22.18305048532784">
        <ele>283.33</ele>
      </trkpt>
      <trkpt lat="45.4018369037658" lon="22.183042941614985">
        <ele>283.49</ele>
      </trkpt>
      <trkpt lat="45.40183011442423" lon="22.183029698207974">
        <ele>283.65</ele>
      </trkpt>
      <trkpt lat="45.40181930176914" lon="22.183011090382934">
        <ele>283.82</ele>
      </trkpt>
      <trkpt lat="45.40180815383792" lon="22.18299776315689">
        <ele>283.98</ele>
      </trkpt>
      <trkpt lat="45.401798179373145" lon="22.182982759550214">
        <ele>284.15</ele>
      </trkpt>
      <trkpt lat="45.40178728289902" lon="22.182966582477093">
        <ele>284.32</ele>
      </trkpt>
      <trkpt lat="45.401768339797854" lon="22.182944286614656">
        <ele>284.49</ele>
      </trkpt>
      <trkpt lat="45.40175350382924" lon="22.182934479787946">
        <ele>284.67</ele>
      </trkpt>
      <trkpt lat="45.40173925459385" lon="22.1829229965806">
        <ele>284.85</ele>
      </trkpt>
      <trkpt lat="45.40172282606363" lon="22.182911094278097">
        <ele>285.03</ele>
      </trkpt>
      <trkpt lat="45.40171176195145" lon="22.18290195800364">
        <ele>285.22</ele>
      </trkpt>
      <trkpt lat="45.40169977582991" lon="22.182889049872756">
        <ele>285.42</ele>
      </trkpt>
      <trkpt lat="45.4016899690032" lon="22.182878656312823">
        <ele>285.62</ele>
      </trkpt>
      <trkpt lat="45.401672618463635" lon="22.182864574715495">
        <ele>285.83</ele>
      </trkpt>
      <trkpt lat="45.40164940059185" lon="22.18285007402301">
        <ele>286.05</ele>
      </trkpt>
      <trkpt lat="45.40163230150938" lon="22.182826604694128">
        <ele>286.28</ele>
      </trkpt>
      <trkpt lat="45.40161671116948" lon="22.182798190042377">
        <ele>286.51</ele>
      </trkpt>
      <trkpt lat="45.40160438977182" lon="22.18277203850448">
        <ele>286.74</ele>
      </trkpt>
      <trkpt lat="45.401583183556795" lon="22.18274613842368">
        <ele>287.0</ele>
      </trkpt>
      <trkpt lat="45.40155309252441" lon="22.18271529302001">
        <ele>287.27</ele>
      </trkpt>
      <trkpt lat="45.40152970701456" lon="22.182692913338542">
        <ele>287.54</ele>
      </trkpt>
      <trkpt lat="45.40150908753276" lon="22.182672126218677">
        <ele>287.83</ele>
      </trkpt>
      <trkpt lat="45.40148293599486" lon="22.18265175819397">
        <ele>288.13</ele>
      </trkpt>
      <trkpt lat="45.40144228376448" lon="22.18263071961701">
        <ele>288.44</ele>
      </trkpt>
      <trkpt lat="45.40140070952475" lon="22.18259367160499">
        <ele>288.77</ele>
      </trkpt>
      <trkpt lat="45.401384364813566" lon="22.18257497996092">
        <ele>289.09</ele>
      </trkpt>
      <trkpt lat="45.40134974755347" lon="22.182552684098482">
        <ele>289.44</ele>
      </trkpt>
      <trkpt lat="45.40132435038686" lon="22.182530304417014">
        <ele>289.79</ele>
      </trkpt>
      <trkpt lat="45.40129216387868" lon="22.18250867910683">
        <ele>290.17</ele>
      </trkpt>
      <trkpt lat="45.40126056410372" lon="22.182491328567266">
        <ele>290.55</ele>
      </trkpt>
      <trkpt lat="45.40123458020389" lon="22.18247883953154">
        <ele>290.94</ele>
      </trkpt>
      <trkpt lat="45.401205997914076" lon="22.182467440143228">
        <ele>291.35</ele>
      </trkpt>
      <trkpt lat="45.401169788092375" lon="22.182450843974948">
        <ele>291.77</ele>
      </trkpt>
      <trkpt lat="45.401143468916416" lon="22.182438857853413">
        <ele>292.19</ele>
      </trkpt>
      <trkpt lat="45.401113629341125" lon="22.1824343316257">
        <ele>292.62</ele>
      </trkpt>
      <trkpt lat="45.40109041146934" lon="22.182431146502495">
        <ele>293.07</ele>
      </trkpt>
      <trkpt lat="45.40106291882694" lon="22.18243282288313">
        <ele>293.52</ele>
      </trkpt>
      <trkpt lat="45.40103953331709" lon="22.182417819276452">
        <ele>293.96</ele>
      </trkpt>
      <trkpt lat="45.40102595463395" lon="22.182414885610342">
        <ele>294.4</ele>
      </trkpt>
      <trkpt lat="45.40101178921759" lon="22.182414047420025">
        <ele>294.86</ele>
      </trkpt>
      <trkpt lat="45.40099519304931" lon="22.182409521192312">
        <ele>295.33</ele>
      </trkpt>
      <trkpt lat="45.4009766690433" lon="22.18240834772587">
        <ele>295.8</ele>
      </trkpt>
      <trkpt lat="45.400957223027945" lon="22.182409185916185">
        <ele>296.28</ele>
      </trkpt>
      <trkpt lat="45.40093786083162" lon="22.182406587526202">
        <ele>296.77</ele>
      </trkpt>
      <trkpt lat="45.400913804769516" lon="22.182402899488807">
        <ele>297.26</ele>
      </trkpt>
      <trkpt lat="45.4008870664984" lon="22.18239619396627">
        <ele>297.76</ele>
      </trkpt>
      <trkpt lat="45.400867285206914" lon="22.182389153167605">
        <ele>298.25</ele>
      </trkpt>
      <trkpt lat="45.40085194632411" lon="22.18238546513021">
        <ele>298.75</ele>
      </trkpt>
      <trkpt lat="45.40083333849907" lon="22.18238445930183">
        <ele>299.25</ele>
      </trkpt>
      <trkpt lat="45.400811210274696" lon="22.182387141510844">
        <ele>299.76</ele>
      </trkpt>
      <trkpt lat="45.40078262798488" lon="22.18238160945475">
        <ele>300.27</ele>
      </trkpt>
      <trkpt lat="45.40075957775116" lon="22.182381777092814">
        <ele>300.79</ele>
      </trkpt>
      <trkpt lat="45.40074239484966" lon="22.182379011064768">
        <ele>301.3</ele>
      </trkpt>
      <trkpt lat="45.40072144009173" lon="22.182375574484468">
        <ele>301.8</ele>
      </trkpt>
      <trkpt lat="45.40068187750876" lon="22.182366102933884">
        <ele>302.33</ele>
      </trkpt>
      <trkpt lat="45.40064910426736" lon="22.18236451037228">
        <ele>302.84</ele>
      </trkpt>
      <trkpt lat="45.40062429383397" lon="22.182369455695152">
        <ele>303.34</ele>
      </trkpt>
      <trkpt lat="45.400595292449" lon="22.182376496493816">
        <ele>303.83</ele>
      </trkpt>
      <trkpt lat="45.400565871968865" lon="22.182386051863432">
        <ele>304.33</ele>
      </trkpt>
      <trkpt lat="45.40053376927972" lon="22.18238504603505">
        <ele>304.81</ele>
      </trkpt>
      <trkpt lat="45.400498900562525" lon="22.182389739900827">
        <ele>305.28</ele>
      </trkpt>
      <trkpt lat="45.40046948008239" lon="22.18239082954824">
        <ele>305.73</ele>
      </trkpt>
      <trkpt lat="45.40043913759291" lon="22.18239426612854">
        <ele>306.18</ele>
      </trkpt>
      <trkpt lat="45.400408543646336" lon="22.182395439594984">
        <ele>306.61</ele>
      </trkpt>
      <trkpt lat="45.40039320476353" lon="22.182393176481128">
        <ele>307.02</ele>
      </trkpt>
      <trkpt lat="45.4003722500056" lon="22.18239569105208">
        <ele>307.42</ele>
      </trkpt>
      <trkpt lat="45.40034140460193" lon="22.182396613061428">
        <ele>307.81</ele>
      </trkpt>
      <trkpt lat="45.40032187476754" lon="22.182397535070777">
        <ele>308.17</ele>
      </trkpt>
      <trkpt lat="45.40030217729509" lon="22.182396864518523">
        <ele>308.52</ele>
      </trkpt>
      <trkpt lat="45.40026278235018" lon="22.18239518813789">
        <ele>308.87</ele>
      </trkpt>
      <trkpt lat="45.40022942237556" lon="22.18239233829081">
        <ele>309.18</ele>
      </trkpt>
      <trkpt lat="45.400211652740836" lon="22.182392422109842">
        <ele>309.47</ele>
      </trkpt>
      <trkpt lat="45.40018969215453" lon="22.182393930852413">
        <ele>309.74</ele>
      </trkpt>
      <trkpt lat="45.40015809237957" lon="22.182382196187973">
        <ele>309.99</ele>
      </trkpt>
      <trkpt lat="45.40012598969042" lon="22.182385716587305">
        <ele>310.22</ele>
      </trkpt>
      <trkpt lat="45.40009229443967" lon="22.18237674795091">
        <ele>310.44</ele>
      </trkpt>
      <trkpt lat="45.40005734190345" lon="22.18238454312086">
        <ele>310.65</ele>
      </trkpt>
      <trkpt lat="45.40003010071814" lon="22.18238831497729">
        <ele>310.84</ele>
      </trkpt>
      <trkpt lat="45.4000046197325" lon="22.182395942509174">
        <ele>311.02</ele>
      </trkpt>
      <trkpt lat="45.39997008629143" lon="22.18239326030016">
        <ele>311.18</ele>
      </trkpt>
      <trkpt lat="45.39995030499995" lon="22.182400217279792">
        <ele>311.33</ele>
      </trkpt>
      <trkpt lat="45.39992926642299" lon="22.182403234764934">
        <ele>311.47</ele>
      </trkpt>
      <trkpt lat="45.399908144026995" lon="22.182419998571277">
        <ele>311.61</ele>
      </trkpt>
      <trkpt lat="45.399879310280085" lon="22.182412706315517">
        <ele>311.72</ele>
      </trkpt>
      <trkpt lat="45.39985181763768" lon="22.18238982371986">
        <ele>311.82</ele>
      </trkpt>
      <trkpt lat="45.399827510118484" lon="22.182390242815018">
        <ele>311.92</ele>
      </trkpt>
      <trkpt lat="45.39979306049645" lon="22.18237029388547">
        <ele>312.01</ele>
      </trkpt>
      <trkpt lat="45.399775793775916" lon="22.18235269188881">
        <ele>312.08</ele>
      </trkpt>
      <trkpt lat="45.399757688865066" lon="22.18233567662537">
        <ele>312.15</ele>
      </trkpt>
      <trkpt lat="45.399741092696786" lon="22.182328468188643">
        <ele>312.22</ele>
      </trkpt>
      <trkpt lat="45.39972164668143" lon="22.182311536744237">
        <ele>312.28</ele>
      </trkpt>
      <trkpt lat="45.399687783792615" lon="22.18228815123439">
        <ele>312.34</ele>
      </trkpt>
      <trkpt lat="45.39964788593352" lon="22.182246325537562">
        <ele>312.4</ele>
      </trkpt>
      <trkpt lat="45.3996177110821" lon="22.18222562223673">
        <ele>312.47</ele>
      </trkpt>
      <trkpt lat="45.399592062458396" lon="22.182210367172956">
        <ele>312.53</ele>
      </trkpt>
      <trkpt lat="45.39956012740731" lon="22.18217331916094">
        <ele>312.59</ele>
      </trkpt>
      <trkpt lat="45.399527521803975" lon="22.182160913944244">
        <ele>312.66</ele>
      </trkpt>
      <trkpt lat="45.39950095117092" lon="22.182166278362274">
        <ele>312.74</ele>
      </trkpt>
      <trkpt lat="45.39948334917426" lon="22.182163428515196">
        <ele>312.82</ele>
      </trkpt>
      <trkpt lat="45.399447809904814" lon="22.18219536356628">
        <ele>312.92</ele>
      </trkpt>
      <trkpt lat="45.3994208201766" lon="22.182202907279134">
        <ele>313.0</ele>
      </trkpt>
      <trkpt lat="45.399390645325184" lon="22.182189915329218">
        <ele>313.08</ele>
      </trkpt>
      <trkpt lat="45.39937346242368" lon="22.18219343572855">
        <ele>313.17</ele>
      </trkpt>
      <trkpt lat="45.399345718324184" lon="22.182207433506846">
        <ele>313.26</ele>
      </trkpt>
      <trkpt lat="45.39931369945407" lon="22.182192681357265">
        <ele>313.35</ele>
      </trkpt>
      <trkpt lat="45.3992878831923" lon="22.182171558961272">
        <ele>313.44</ele>
      </trkpt>
      <trkpt lat="45.39925502613187" lon="22.182156890630722">
        <ele>313.54</ele>
      </trkpt>
      <trkpt lat="45.39923314936459" lon="22.182151610031724">
        <ele>313.65</ele>
      </trkpt>
      <trkpt lat="45.399210350587964" lon="22.182136941701174">
        <ele>313.75</ele>
      </trkpt>
      <trkpt lat="45.399188892915845" lon="22.182136857882142">
        <ele>313.88</ele>
      </trkpt>
      <trkpt lat="45.39917598478496" lon="22.182134594768286">
        <ele>314.0</ele>
      </trkpt>
      <trkpt lat="45.39915947243571" lon="22.182130571454763">
        <ele>314.14</ele>
      </trkpt>
      <trkpt lat="45.39913742803037" lon="22.182125793769956">
        <ele>314.29</ele>
      </trkpt>
      <trkpt lat="45.399107253178954" lon="22.182130068540573">
        <ele>314.44</ele>
      </trkpt>
      <trkpt lat="45.399092081934214" lon="22.18213191255927">
        <ele>314.6</ele>
      </trkpt>
      <trkpt lat="45.39907632395625" lon="22.182136857882142">
        <ele>314.77</ele>
      </trkpt>
      <trkpt lat="45.39906014688313" lon="22.18213769607246">
        <ele>314.95</ele>
      </trkpt>
      <trkpt lat="45.39904396981001" lon="22.18213819898665">
        <ele>315.13</ele>
      </trkpt>
      <trkpt lat="45.39903332479298" lon="22.182143395766616">
        <ele>315.32</ele>
      </trkpt>
      <trkpt lat="45.39902485907078" lon="22.18214800581336">
        <ele>315.52</ele>
      </trkpt>
      <trkpt lat="45.39901413023472" lon="22.182148844003677">
        <ele>315.72</ele>
      </trkpt>
      <trkpt lat="45.399001808837056" lon="22.182150604203343">
        <ele>315.93</ele>
      </trkpt>
      <trkpt lat="45.3989908285439" lon="22.182145826518536">
        <ele>316.15</ele>
      </trkpt>
      <trkpt lat="45.39897808805108" lon="22.182138534262776">
        <ele>316.37</ele>
      </trkpt>
      <trkpt lat="45.39896434172988" lon="22.18212889507413">
        <ele>316.6</ele>
      </trkpt>
      <trkpt lat="45.39894975721836" lon="22.182127302512527">
        <ele>316.84</ele>
      </trkpt>
      <trkpt lat="45.398926958441734" lon="22.182121518999338">
        <ele>317.09</ele>
      </trkpt>
      <trkpt lat="45.398908937349916" lon="22.182108610868454">
        <ele>317.35</ele>
      </trkpt>
      <trkpt lat="45.398886473849416" lon="22.182094193995">
        <ele>317.61</ele>
      </trkpt>
      <trkpt lat="45.3988684527576" lon="22.18208648264408">
        <ele>317.88</ele>
      </trkpt>
      <trkpt lat="45.398850264027715" lon="22.18207709491253">
        <ele>318.15</ele>
      </trkpt>
      <trkpt lat="45.39883450604975" lon="22.182069467380643">
        <ele>318.42</ele>
      </trkpt>
      <trkpt lat="45.39882017299533" lon="22.182061169296503">
        <ele>318.7</ele>
      </trkpt>
      <trkpt lat="45.39880248717964" lon="22.18204834498465">
        <ele>318.98</ele>
      </trkpt>
      <trkpt lat="45.398784298449755" lon="22.182038789615035">
        <ele>319.26</ele>
      </trkpt>
      <trkpt lat="45.39876694791019" lon="22.182034933939576">
        <ele>319.55</ele>
      </trkpt>
      <trkpt lat="45.398751106113195" lon="22.182022025808692">
        <ele>319.84</ele>
      </trkpt>
      <trkpt lat="45.39872939698398" lon="22.182006686925888">
        <ele>320.14</ele>
      </trkpt>
      <trkpt lat="45.39870626293123" lon="22.181989420205355">
        <ele>320.44</ele>
      </trkpt>
      <trkpt lat="45.39868891239166" lon="22.181977601721883">
        <ele>320.74</ele>
      </trkpt>
      <trkpt lat="45.39867566898465" lon="22.181961927562952">
        <ele>321.04</ele>
      </trkpt>
      <trkpt lat="45.398653373122215" lon="22.18195212073624">
        <ele>321.34</ele>
      </trkpt>
      <trkpt lat="45.39862772449851" lon="22.18193979933858">
        <ele>321.64</ele>
      </trkpt>
      <trkpt lat="45.39860618300736" lon="22.18192705884576">
        <ele>321.94</ele>
      </trkpt>
      <trkpt lat="45.39859830401838" lon="22.181917671114206">
        <ele>322.24</ele>
      </trkpt>
      <trkpt lat="45.39856745861471" lon="22.181889675557613">
        <ele>322.54</ele>
      </trkpt>
      <trkpt lat="45.39854424074292" lon="22.181873079389334">
        <ele>322.84</ele>
      </trkpt>
      <trkpt lat="45.39851674810052" lon="22.181861260905862">
        <ele>323.14</ele>
      </trkpt>
      <trkpt lat="45.39848975837231" lon="22.181844413280487">
        <ele>323.44</ele>
      </trkpt>
      <trkpt lat="45.398481376469135" lon="22.181835193187">
        <ele>323.72</ele>
      </trkpt>
      <trkpt lat="45.39846444502473" lon="22.181818764656782">
        <ele>324.0</ele>
      </trkpt>
      <trkpt lat="45.39843670092523" lon="22.181791439652443">
        <ele>324.28</ele>
      </trkpt>
      <trkpt lat="45.3984072804451" lon="22.181760761886835">
        <ele>324.56</ele>
      </trkpt>
      <trkpt lat="45.39838029071689" lon="22.181736454367638">
        <ele>324.83</ele>
      </trkpt>
      <trkpt lat="45.398363107815385" lon="22.181727988645434">
        <ele>325.09</ele>
      </trkpt>
      <trkpt lat="45.39834433235228" lon="22.181704686954618">
        <ele>325.34</ele>
      </trkpt>
      <trkpt lat="45.39831650443375" lon="22.181679625064135">
        <ele>325.6</ele>
      </trkpt>
      <trkpt lat="45.398285407572985" lon="22.18166369944811">
        <ele>325.85</ele>
      </trkpt>
      <trkpt lat="45.3982534725219" lon="22.181625394150615">
        <ele>326.09</ele>
      </trkpt>
      <trkpt lat="45.39824265986681" lon="22.18161290511489">
        <ele>326.32</ele>
      </trkpt>
      <trkpt lat="45.39822212420404" lon="22.18158851377666">
        <ele>326.54</ele>
      </trkpt>
      <trkpt lat="45.39819924160838" lon="22.181546771898866">
        <ele>326.73</ele>
      </trkpt>
      <trkpt lat="45.39818499237299" lon="22.181521793827415">
        <ele>326.92</ele>
      </trkpt>
      <trkpt lat="45.39815951138735" lon="22.18147703446448">
        <ele>327.09</ele>
      </trkpt>
      <trkpt lat="45.39815087802708" lon="22.18145457096398">
        <ele>327.26</ele>
      </trkpt>
      <trkpt lat="45.3981310967356" lon="22.181437220424414">
        <ele>327.43</ele>
      </trkpt>
      <trkpt lat="45.3981170989573" lon="22.181429089978337">
        <ele>327.6</ele>
      </trkpt>
      <trkpt lat="45.398094300180674" lon="22.18141064979136">
        <ele>327.76</ele>
      </trkpt>
      <trkpt lat="45.398077787831426" lon="22.181387515738606">
        <ele>327.91</ele>
      </trkpt>
      <trkpt lat="45.398062113672495" lon="22.18137259595096">
        <ele>328.06</ele>
      </trkpt>
      <trkpt lat="45.398048451170325" lon="22.181336972862482">
        <ele>328.18</ele>
      </trkpt>
      <trkpt lat="45.3980309329927" lon="22.181320125237107">
        <ele>328.32</ele>
      </trkpt>
      <trkpt lat="45.39802095852792" lon="22.18131593428552">
        <ele>328.46</ele>
      </trkpt>
      <trkpt lat="45.39800268597901" lon="22.18132129870355">
        <ele>328.6</ele>
      </trkpt>
      <trkpt lat="45.397974690422416" lon="22.18131300061941">
        <ele>328.73</ele>
      </trkpt>
      <trkpt lat="45.397969242185354" lon="22.181301517412066">
        <ele>328.84</ele>
      </trkpt>
      <trkpt lat="45.39795398712158" lon="22.181281317025423">
        <ele>328.95</ele>
      </trkpt>
      <trkpt lat="45.39793043397367" lon="22.181272599846125">
        <ele>329.07</ele>
      </trkpt>
      <trkpt lat="45.397908641025424" lon="22.181264301761985">
        <ele>329.18</ele>
      </trkpt>
      <trkpt lat="45.39788248948753" lon="22.181269582360983">
        <ele>329.3</ele>
      </trkpt>
      <trkpt lat="45.39786597713828" lon="22.181269749999046">
        <ele>329.41</ele>
      </trkpt>
      <trkpt lat="45.39785021916032" lon="22.18128366395831">
        <ele>329.52</ele>
      </trkpt>
      <trkpt lat="45.397841753438115" lon="22.18128173612058">
        <ele>329.61</ele>
      </trkpt>
      <trkpt lat="45.39782146923244" lon="22.18127486295998">
        <ele>329.7</ele>
      </trkpt>
      <trkpt lat="45.397805543616414" lon="22.18126497231424">
        <ele>329.79</ele>
      </trkpt>
      <trkpt lat="45.397800682112575" lon="22.18125080689788">
        <ele>329.86</ele>
      </trkpt>
      <trkpt lat="45.397786600515246" lon="22.18124359846115">
        <ele>329.93</ele>
      </trkpt>
      <trkpt lat="45.397771848365664" lon="22.181226331740618">
        <ele>329.99</ele>
      </trkpt>
      <trkpt lat="45.397763634100556" lon="22.181223230436444">
        <ele>330.06</ele>
      </trkpt>
      <trkpt lat="45.39774636738002" lon="22.181213926523924">
        <ele>330.13</ele>
      </trkpt>
      <trkpt lat="45.39773102849722" lon="22.18120437115431">
        <ele>330.19</ele>
      </trkpt>
      <trkpt lat="45.397716192528605" lon="22.181196408346295">
        <ele>330.26</ele>
      </trkpt>
      <trkpt lat="45.39770328439772" lon="22.18118936754763">
        <ele>330.31</ele>
      </trkpt>
      <trkpt lat="45.39768962189555" lon="22.181180650368333">
        <ele>330.37</ele>
      </trkpt>
      <trkpt lat="45.397682413458824" lon="22.181174950674176">
        <ele>330.41</ele>
      </trkpt>
      <trkpt lat="45.39767436683178" lon="22.181165562942624">
        <ele>330.45</ele>
      </trkpt>
      <trkpt lat="45.39766070432961" lon="22.1811512298882">
        <ele>330.49</ele>
      </trkpt>
      <trkpt lat="45.39765207096934" lon="22.181143769994378">
        <ele>330.52</ele>
      </trkpt>
      <trkpt lat="45.397649221122265" lon="22.181140752509236">
        <ele>330.55</ele>
      </trkpt>
      <trkpt lat="45.39764712564647" lon="22.181137735024095">
        <ele>330.56</ele>
      </trkpt>
      <trkpt lat="45.39764595218003" lon="22.18113513663411">
        <ele>330.58</ele>
      </trkpt>
      <trkpt lat="45.39764083921909" lon="22.18112625181675">
        <ele>330.59</ele>
      </trkpt>
      <trkpt lat="45.397637570276856" lon="22.18112289905548">
        <ele>330.61</ele>
      </trkpt>
      <trkpt lat="45.3976302780211" lon="22.181113762781024">
        <ele>330.62</ele>
      </trkpt>
      <trkpt lat="45.39762080647051" lon="22.18110378831625">
        <ele>330.62</ele>
      </trkpt>
      <trkpt lat="45.39761871099472" lon="22.18109993264079">
        <ele>330.63</ele>
      </trkpt>
      <trkpt lat="45.397615944966674" lon="22.181085599586368">
        <ele>330.62</ele>
      </trkpt>
      <trkpt lat="45.397610580548644" lon="22.181070344522595">
        <ele>330.62</ele>
      </trkpt>
      <trkpt lat="45.397607143968344" lon="22.18105643056333">
        <ele>330.61</ele>
      </trkpt>
      <trkpt lat="45.397602282464504" lon="22.18104125931859">
        <ele>330.6</ele>
      </trkpt>
      <trkpt lat="45.3975938167423" lon="22.181025417521596">
        <ele>330.6</ele>
      </trkpt>
      <trkpt lat="45.39758778177202" lon="22.18101091682911">
        <ele>330.6</ele>
      </trkpt>
      <trkpt lat="45.39758736267686" lon="22.1810061391443">
        <ele>330.6</ele>
      </trkpt>
      <trkpt lat="45.39758434519172" lon="22.180999433621764">
        <ele>330.6</ele>
      </trkpt>
      <trkpt lat="45.39757898077369" lon="22.18098904006183">
        <ele>330.61</ele>
      </trkpt>
      <trkpt lat="45.39757068268955" lon="22.18097236007452">
        <ele>330.61</ele>
      </trkpt>
      <trkpt lat="45.39756246842444" lon="22.18095324933529">
        <ele>330.62</ele>
      </trkpt>
      <trkpt lat="45.397560289129615" lon="22.18094838783145">
        <ele>330.64</ele>
      </trkpt>
      <trkpt lat="45.39755433797836" lon="22.180935479700565">
        <ele>330.66</ele>
      </trkpt>
      <trkpt lat="45.39754679426551" lon="22.180908238515258">
        <ele>330.67</ele>
      </trkpt>
      <trkpt lat="45.39754142984748" lon="22.180882170796394">
        <ele>330.69</ele>
      </trkpt>
      <trkpt lat="45.39753204211593" lon="22.180856354534626">
        <ele>330.71</ele>
      </trkpt>
      <trkpt lat="45.397528018802404" lon="22.18083548359573">
        <ele>330.74</ele>
      </trkpt>
      <trkpt lat="45.397527012974024" lon="22.180831041187048">
        <ele>330.78</ele>
      </trkpt>
      <trkpt lat="45.397521229460835" lon="22.18082182109356">
        <ele>330.83</ele>
      </trkpt>
      <trkpt lat="45.39751477539539" lon="22.180813271552324">
        <ele>330.88</ele>
      </trkpt>
      <trkpt lat="45.397509997710586" lon="22.180800111964345">
        <ele>330.94</ele>
      </trkpt>
      <trkpt lat="45.397509913891554" lon="22.1807851921767">
        <ele>330.99</ele>
      </trkpt>
      <trkpt lat="45.39750932715833" lon="22.18078125268221">
        <ele>331.06</ele>
      </trkpt>
      <trkpt lat="45.397505806759" lon="22.18076717108488">
        <ele>331.14</ele>
      </trkpt>
      <trkpt lat="45.39749315008521" lon="22.180737499147654">
        <ele>331.24</ele>
      </trkpt>
      <trkpt lat="45.39749264717102" lon="22.180732050910592">
        <ele>331.33</ele>
      </trkpt>
      <trkpt lat="45.39748820476234" lon="22.18072257936001">
        <ele>331.42</ele>
      </trkpt>
      <trkpt lat="45.39748007431626" lon="22.18070707283914">
        <ele>331.53</ele>
      </trkpt>
      <trkpt lat="45.397473787888885" lon="22.18068754300475">
        <ele>331.64</ele>
      </trkpt>
      <trkpt lat="45.3974627237767" lon="22.180665750056505">
        <ele>331.76</ele>
      </trkpt>
      <trkpt lat="45.397456185892224" lon="22.18064546585083">
        <ele>331.89</ele>
      </trkpt>
      <trkpt lat="45.39745149202645" lon="22.180629624053836">
        <ele>332.01</ele>
      </trkpt>
      <trkpt lat="45.39744537323713" lon="22.180614871904254">
        <ele>332.15</ele>
      </trkpt>
      <trkpt lat="45.39743799716234" lon="22.18059408478439">
        <ele>332.29</ele>
      </trkpt>
      <trkpt lat="45.397426849231124" lon="22.180567178875208">
        <ele>332.44</ele>
      </trkpt>
      <trkpt lat="45.397423496469855" lon="22.180543961003423">
        <ele>332.58</ele>
      </trkpt>
      <trkpt lat="45.39742022752762" lon="22.18051797710359">
        <ele>332.73</ele>
      </trkpt>
      <trkpt lat="45.3974143601954" lon="22.18049350194633">
        <ele>332.88</ele>
      </trkpt>
      <trkpt lat="45.39740354754031" lon="22.180468942970037">
        <ele>333.04</ele>
      </trkpt>
      <trkpt lat="45.397389214485884" lon="22.180445808917284">
        <ele>333.2</ele>
      </trkpt>
      <trkpt lat="45.39737345650792" lon="22.18041881918907">
        <ele>333.36</ele>
      </trkpt>
      <trkpt lat="45.39736465550959" lon="22.180386213585734">
        <ele>333.5</ele>
      </trkpt>
      <trkpt lat="45.397353088483214" lon="22.180350422859192">
        <ele>333.66</ele>
      </trkpt>
      <trkpt lat="45.39734303019941" lon="22.180321253836155">
        <ele>333.82</ele>
      </trkpt>
      <trkpt lat="45.397335570305586" lon="22.180293845012784">
        <ele>333.98</ele>
      </trkpt>
      <trkpt lat="45.39732534438372" lon="22.180267022922635">
        <ele>334.15</ele>
      </trkpt>
      <trkpt lat="45.3973329719156" lon="22.180230477824807">
        <ele>334.3</ele>
      </trkpt>
      <trkpt lat="45.39733230136335" lon="22.180193094536662">
        <ele>334.46</ele>
      </trkpt>
      <trkpt lat="45.39731855504215" lon="22.180165015161037">
        <ele>334.61</ele>
      </trkpt>
      <trkpt lat="45.3973020426929" lon="22.180142467841506">
        <ele>334.78</ele>
      </trkpt>
      <trkpt lat="45.3972880449146" lon="22.18011480756104">
        <ele>334.93</ele>
      </trkpt>
      <trkpt lat="45.397277818992734" lon="22.180077340453863">
        <ele>335.08</ele>
      </trkpt>
      <trkpt lat="45.39725854061544" lon="22.180052027106285">
        <ele>335.24</ele>
      </trkpt>
      <trkpt lat="45.3972293715924" lon="22.180038951337337">
        <ele>335.42</ele>
      </trkpt>
      <trkpt lat="45.397215876728296" lon="22.18001556582749">
        <ele>335.58</ele>
      </trkpt>
      <trkpt lat="45.397198274731636" lon="22.17999746091664">
        <ele>335.75</ele>
      </trkpt>
      <trkpt lat="45.39717514067888" lon="22.17998480424285">
        <ele>335.94</ele>
      </trkpt>
      <trkpt lat="45.39716491475701" lon="22.179960077628493">
        <ele>336.11</ele>
      </trkpt>
      <trkpt lat="45.3971535153687" lon="22.17994323000312">
        <ele>336.28</ele>
      </trkpt>
      <trkpt lat="45.39715955033898" lon="22.179910289123654">
        <ele>336.43</ele>
      </trkpt>
      <trkpt lat="45.397154269739985" lon="22.179892603307962">
        <ele>336.6</ele>
      </trkpt>
      <trkpt lat="45.39713826030493" lon="22.179858153685927">
        <ele>336.79</ele>
      </trkpt>
      <trkpt lat="45.39712719619274" lon="22.17983292415738">
        <ele>336.97</ele>
      </trkpt>
      <trkpt lat="45.39711487479508" lon="22.179810209199786">
        <ele>337.16</ele>
      </trkpt>
      <trkpt lat="45.39710758253932" lon="22.17978254891932">
        <ele>337.35</ele>
      </trkpt>
      <trkpt lat="45.39709920063615" lon="22.179756313562393">
        <ele>337.54</ele>
      </trkpt>
      <trkpt lat="45.39708545431495" lon="22.179729575291276">
        <ele>337.74</ele>
      </trkpt>
      <trkpt lat="45.39706801995635" lon="22.17970090918243">
        <ele>337.96</ele>
      </trkpt>
      <trkpt lat="45.39705133996904" lon="22.179670315235853">
        <ele>338.17</ele>
      </trkpt>
      <trkpt lat="45.39703440852463" lon="22.179637039080262">
        <ele>338.4</ele>
      </trkpt>
      <trkpt lat="45.39702535606921" lon="22.17960082925856">
        <ele>338.6</ele>
      </trkpt>
      <trkpt lat="45.39701563306153" lon="22.17956805601716">
        <ele>338.82</ele>
      </trkpt>
      <trkpt lat="45.39700557477772" lon="22.17953528277576">
        <ele>339.04</ele>
      </trkpt>
      <trkpt lat="45.3969928342849" lon="22.179506365209818">
        <ele>339.28</ele>
      </trkpt>
      <trkpt lat="45.39697674103081" lon="22.179483147338033">
        <ele>339.53</ele>
      </trkpt>
      <trkpt lat="45.39695620536804" lon="22.179459342733026">
        <ele>339.79</ele>
      </trkpt>
      <trkpt lat="45.39693667553365" lon="22.17943076044321">
        <ele>340.06</ele>
      </trkpt>
      <trkpt lat="45.39692519232631" lon="22.179398154839873">
        <ele>340.32</ele>
      </trkpt>
      <trkpt lat="45.39691890589893" lon="22.179364627227187">
        <ele>340.59</ele>
      </trkpt>
      <trkpt lat="45.396904572844505" lon="22.17933101579547">
        <ele>340.88</ele>
      </trkpt>
      <trkpt lat="45.3968929219991" lon="22.179298661649227">
        <ele>341.19</ele>
      </trkpt>
      <trkpt lat="45.3968807682395" lon="22.179260104894638">
        <ele>341.51</ele>
      </trkpt>
      <trkpt lat="45.39686559699476" lon="22.17922448180616">
        <ele>341.83</ele>
      </trkpt>
      <trkpt lat="45.396850844845176" lon="22.17919372022152">
        <ele>342.17</ele>
      </trkpt>
      <trkpt lat="45.39684631861746" lon="22.179171089082956">
        <ele>342.5</ele>
      </trkpt>
      <trkpt lat="45.39684279821813" lon="22.17914585955441">
        <ele>342.84</ele>
      </trkpt>
      <trkpt lat="45.39684128947556" lon="22.179102525115013">
        <ele>343.17</ele>
      </trkpt>
      <trkpt lat="45.396832237020135" lon="22.179070506244898">
        <ele>343.54</ele>
      </trkpt>
      <trkpt lat="45.39682963863015" lon="22.179041169583797">
        <ele>343.88</ele>
      </trkpt>
      <trkpt lat="45.39682947099209" lon="22.17900118790567">
        <ele>344.24</ele>
      </trkpt>
      <trkpt lat="45.39682620204985" lon="22.178960870951414">
        <ele>344.61</ele>
      </trkpt>
      <trkpt lat="45.396819580346346" lon="22.17891812324524">
        <ele>345.0</ele>
      </trkpt>
      <trkpt lat="45.396813377738" lon="22.178873363882303">
        <ele>345.4</ele>
      </trkpt>
      <trkpt lat="45.39681195281446" lon="22.178837321698666">
        <ele>345.79</ele>
      </trkpt>
      <trkpt lat="45.39680399000645" lon="22.178802117705345">
        <ele>346.2</ele>
      </trkpt>
      <trkpt lat="45.396802900359035" lon="22.17875299975276">
        <ele>346.6</ele>
      </trkpt>
      <trkpt lat="45.39679669775069" lon="22.17870513908565">
        <ele>347.01</ele>
      </trkpt>
      <trkpt lat="45.39679569192231" lon="22.178654512390494">
        <ele>347.44</ele>
      </trkpt>
      <trkpt lat="45.396800972521305" lon="22.178597012534738">
        <ele>347.9</ele>
      </trkpt>
      <trkpt lat="45.39679083041847" lon="22.178551331162453">
        <ele>348.36</ele>
      </trkpt>
      <trkpt lat="45.39678328670561" lon="22.178503135219216">
        <ele>348.8</ele>
      </trkpt>
      <trkpt lat="45.396773144602776" lon="22.178460219874978">
        <ele>349.23</ele>
      </trkpt>
      <trkpt lat="45.3967634215951" lon="22.17842753045261">
        <ele>349.65</ele>
      </trkpt>
      <trkpt lat="45.39675378240645" lon="22.17839626595378">
        <ele>350.08</ele>
      </trkpt>
      <trkpt lat="45.39675277657807" lon="22.178358295932412">
        <ele>350.5</ele>
      </trkpt>
      <trkpt lat="45.396755542606115" lon="22.178296018391848">
        <ele>350.95</ele>
      </trkpt>
      <trkpt lat="45.39674590341747" lon="22.178247570991516">
        <ele>351.38</ele>
      </trkpt>
      <trkpt lat="45.39673877879977" lon="22.178208427503705">
        <ele>351.8</ele>
      </trkpt>
      <trkpt lat="45.396728720515966" lon="22.178162997588515">
        <ele>352.21</ele>
      </trkpt>
      <trkpt lat="45.396714974194765" lon="22.178122429177165">
        <ele>352.61</ele>
      </trkpt>
      <trkpt lat="45.396699300035834" lon="22.17810650356114">
        <ele>352.99</ele>
      </trkpt>
      <trkpt lat="45.39668312296271" lon="22.178098373115063">
        <ele>353.36</ele>
      </trkpt>
      <trkpt lat="45.396670969203115" lon="22.17809242196381">
        <ele>353.72</ele>
      </trkpt>
      <trkpt lat="45.39664372801781" lon="22.178075574338436">
        <ele>354.07</ele>
      </trkpt>
      <trkpt lat="45.39662143215537" lon="22.178051937371492">
        <ele>354.43</ele>
      </trkpt>
      <trkpt lat="45.396607518196106" lon="22.17804196290672">
        <ele>354.77</ele>
      </trkpt>
      <trkpt lat="45.396597208455205" lon="22.178035089746118">
        <ele>355.1</ele>
      </trkpt>
      <trkpt lat="45.39658916182816" lon="22.178027210757136">
        <ele>355.42</ele>
      </trkpt>
      <trkpt lat="45.396578181535006" lon="22.178012458607554">
        <ele>355.73</ele>
      </trkpt>
      <trkpt lat="45.39656518958509" lon="22.177996281534433">
        <ele>356.04</ele>
      </trkpt>
      <trkpt lat="45.396560998633504" lon="22.17798144556582">
        <ele>356.33</ele>
      </trkpt>
      <trkpt lat="45.39655052125454" lon="22.17796535231173">
        <ele>356.62</ele>
      </trkpt>
      <trkpt lat="45.39654138498008" lon="22.177945906296372">
        <ele>356.89</ele>
      </trkpt>
      <trkpt lat="45.39652621373534" lon="22.17791941948235">
        <ele>357.15</ele>
      </trkpt>
      <trkpt lat="45.39651062339544" lon="22.17790039256215">
        <ele>357.41</ele>
      </trkpt>
      <trkpt lat="45.396496122702956" lon="22.177876504138112">
        <ele>357.65</ele>
      </trkpt>
      <trkpt lat="45.39648799225688" lon="22.177851609885693">
        <ele>357.88</ele>
      </trkpt>
      <trkpt lat="45.396480951458216" lon="22.177826380357146">
        <ele>358.11</ele>
      </trkpt>
      <trkpt lat="45.39646888151765" lon="22.177801067009568">
        <ele>358.32</ele>
      </trkpt>
      <trkpt lat="45.396457901224494" lon="22.177775921300054">
        <ele>358.53</ele>
      </trkpt>
      <trkpt lat="45.39645220153034" lon="22.17775136232376">
        <ele>358.74</ele>
      </trkpt>
      <trkpt lat="45.396447172388434" lon="22.177727054804564">
        <ele>358.93</ele>
      </trkpt>
      <trkpt lat="45.396438455209136" lon="22.177695371210575">
        <ele>359.12</ele>
      </trkpt>
      <trkpt lat="45.39643434807658" lon="22.177675673738122">
        <ele>359.3</ele>
      </trkpt>
      <trkpt lat="45.39642697200179" lon="22.17764667235315">
        <ele>359.46</ele>
      </trkpt>
      <trkpt lat="45.39640886709094" lon="22.177603505551815">
        <ele>359.61</ele>
      </trkpt>
      <trkpt lat="45.39639042690396" lon="22.177565535530448">
        <ele>359.76</ele>
      </trkpt>
      <trkpt lat="45.39637089706957" lon="22.177536450326443">
        <ele>359.91</ele>
      </trkpt>
      <trkpt lat="45.396349020302296" lon="22.177512478083372">
        <ele>360.05</ele>
      </trkpt>
      <trkpt lat="45.39632152765989" lon="22.177481213584542">
        <ele>360.21</ele>
      </trkpt>
      <trkpt lat="45.39628456346691" lon="22.17744927853346">
        <ele>360.36</ele>
      </trkpt>
      <trkpt lat="45.39624265395105" lon="22.177413906902075">
        <ele>360.51</ele>
      </trkpt>
      <trkpt lat="45.396225387230515" lon="22.177410135045648">
        <ele>360.65</ele>
      </trkpt>
      <trkpt lat="45.39621206000447" lon="22.177392030134797">
        <ele>360.78</ele>
      </trkpt>
      <trkpt lat="45.39619144052267" lon="22.177368057891726">
        <ele>360.91</ele>
      </trkpt>
      <trkpt lat="45.39616654627025" lon="22.177331680431962">
        <ele>361.04</ele>
      </trkpt>
      <trkpt lat="45.39613553322852" lon="22.17728323303163">
        <ele>361.18</ele>
      </trkpt>
      <trkpt lat="45.3961072023958" lon="22.17726512812078">
        <ele>361.31</ele>
      </trkpt>
      <trkpt lat="45.39607954211533" lon="22.17725087888539">
        <ele>361.44</ele>
      </trkpt>
      <trkpt lat="45.396054899320006" lon="22.17723084613681">
        <ele>361.57</ele>
      </trkpt>
      <trkpt lat="45.396031429991126" lon="22.17721483670175">
        <ele>361.7</ele>
      </trkpt>
      <trkpt lat="45.3960086312145" lon="22.177203856408596">
        <ele>361.83</ele>
      </trkpt>
      <trkpt lat="45.39599019102752" lon="22.177187092602253">
        <ele>361.95</ele>
      </trkpt>
      <trkpt lat="45.395967895165086" lon="22.177175860852003">
        <ele>362.08</ele>
      </trkpt>
      <trkpt lat="45.39594400674105" lon="22.177172088995576">
        <ele>362.21</ele>
      </trkpt>
      <trkpt lat="45.39593084715307" lon="22.177167730405927">
        <ele>362.34</ele>
      </trkpt>
      <trkpt lat="45.395922465249896" lon="22.177166221663356">
        <ele>362.47</ele>
      </trkpt>
      <trkpt lat="45.39591290988028" lon="22.177158258855343">
        <ele>362.6</ele>
      </trkpt>
      <trkpt lat="45.395909724757075" lon="22.177158342674375">
        <ele>362.73</ele>
      </trkpt>
      <trkpt lat="45.39590176194906" lon="22.17716060578823">
        <ele>362.87</ele>
      </trkpt>
      <trkpt lat="45.39586152881384" lon="22.177147194743156">
        <ele>363.02</ele>
      </trkpt>
      <trkpt lat="45.395852476358414" lon="22.17713864520192">
        <ele>363.17</ele>
      </trkpt>
      <trkpt lat="45.39584350772202" lon="22.17712984420359">
        <ele>363.31</ele>
      </trkpt>
      <trkpt lat="45.39584149606526" lon="22.17712875455618">
        <ele>363.47</ele>
      </trkpt>
      <trkpt lat="45.39583965204656" lon="22.177126742899418">
        <ele>363.62</ele>
      </trkpt>
      <trkpt lat="45.39577318355441" lon="22.177102519199252">
        <ele>363.79</ele>
      </trkpt>
      <trkpt lat="45.39575449191034" lon="22.177082989364862">
        <ele>363.96</ele>
      </trkpt>
      <trkpt lat="45.395746529102325" lon="22.177078798413277">
        <ele>364.13</ele>
      </trkpt>
      <trkpt lat="45.395738147199154" lon="22.177069326862693">
        <ele>364.31</ele>
      </trkpt>
      <trkpt lat="45.39572658017278" lon="22.177059100940824">
        <ele>364.49</ele>
      </trkpt>
      <trkpt lat="45.395707888528705" lon="22.177042420953512">
        <ele>364.68</ele>
      </trkpt>
      <trkpt lat="45.39568810723722" lon="22.177022974938154">
        <ele>364.88</ele>
      </trkpt>
      <trkpt lat="45.39567134343088" lon="22.17699933797121">
        <ele>365.07</ele>
      </trkpt>
      <trkpt lat="45.39565868675709" lon="22.176976455375552">
        <ele>365.28</ele>
      </trkpt>
      <trkpt lat="45.395643934607506" lon="22.176946699619293">
        <ele>365.49</ele>
      </trkpt>
      <trkpt lat="45.39561241865158" lon="22.17691727913916">
        <ele>365.72</ele>
      </trkpt>
      <trkpt lat="45.39558350108564" lon="22.17689372599125">
        <ele>365.94</ele>
      </trkpt>
      <trkpt lat="45.395546117797494" lon="22.17686447314918">
        <ele>366.18</ele>
      </trkpt>
      <trkpt lat="45.39551376365125" lon="22.176849972456694">
        <ele>366.43</ele>
      </trkpt>
      <trkpt lat="45.39547814056277" lon="22.176840165629983">
        <ele>366.71</ele>
      </trkpt>
      <trkpt lat="45.39544511586428" lon="22.176828179508448">
        <ele>366.99</ele>
      </trkpt>
      <trkpt lat="45.395410750061274" lon="22.17681367881596">
        <ele>367.28</ele>
      </trkpt>
      <trkpt lat="45.39537236094475" lon="22.176791969686747">
        <ele>367.57</ele>
      </trkpt>
      <trkpt lat="45.39532760158181" lon="22.17676665633917">
        <ele>367.86</ele>
      </trkpt>
      <trkpt lat="45.39528728462756" lon="22.176748048514128">
        <ele>368.16</ele>
      </trkpt>
      <trkpt lat="45.39523908868432" lon="22.176732290536165">
        <ele>368.47</ele>
      </trkpt>
      <trkpt lat="45.39520111866295" lon="22.17672072350979">
        <ele>368.75</ele>
      </trkpt>
      <trkpt lat="45.39515744894743" lon="22.17669826000929">
        <ele>369.02</ele>
      </trkpt>
      <trkpt lat="45.39511109702289" lon="22.17667487449944">
        <ele>369.3</ele>
      </trkpt>
      <trkpt lat="45.3950759768486" lon="22.176664229482412">
        <ele>369.58</ele>
      </trkpt>
      <trkpt lat="45.395033648237586" lon="22.176645202562213">
        <ele>369.86</ele>
      </trkpt>
      <trkpt lat="45.39499618113041" lon="22.176610250025988">
        <ele>370.13</ele>
      </trkpt>
      <trkpt lat="45.39496198296547" lon="22.17658795416355">
        <ele>370.4</ele>
      </trkpt>
      <trkpt lat="45.39493323303759" lon="22.176559371873736">
        <ele>370.66</ele>
      </trkpt>
      <trkpt lat="45.39491076953709" lon="22.17653657309711">
        <ele>370.92</ele>
      </trkpt>
      <trkpt lat="45.39487648755312" lon="22.176508828997612">
        <ele>371.18</ele>
      </trkpt>
      <trkpt lat="45.39485595189035" lon="22.17648862861097">
        <ele>371.44</ele>
      </trkpt>
      <trkpt lat="45.39485117420554" lon="22.176481755450368">
        <ele>371.7</ele>
      </trkpt>
      <trkpt lat="45.39484379813075" lon="22.176485611125827">
        <ele>371.97</ele>
      </trkpt>
      <trkpt lat="45.39482896216214" lon="22.176477815955877">
        <ele>372.24</ele>
      </trkpt>
      <trkpt lat="45.394811779260635" lon="22.176452167332172">
        <ele>372.5</ele>
      </trkpt>
      <trkpt lat="45.39478998631239" lon="22.17642232775688">
        <ele>372.76</ele>
      </trkpt>
      <trkpt lat="45.39476475678384" lon="22.17638025060296">
        <ele>373.01</ele>
      </trkpt>
      <trkpt lat="45.3947429638356" lon="22.176331132650375">
        <ele>373.27</ele>
      </trkpt>
      <trkpt lat="45.394717985764146" lon="22.176286708563566">
        <ele>373.54</ele>
      </trkpt>
      <trkpt lat="45.39468185976148" lon="22.176249492913485">
        <ele>373.82</ele>
      </trkpt>
      <trkpt lat="45.3946428000927" lon="22.176219820976257">
        <ele>374.11</ele>
      </trkpt>
      <trkpt lat="45.39459929801524" lon="22.17619752511382">
        <ele>374.41</ele>
      </trkpt>
      <trkpt lat="45.39456317201257" lon="22.176177073270082">
        <ele>374.71</ele>
      </trkpt>
      <trkpt lat="45.394534673541784" lon="22.176162488758564">
        <ele>375.02</ele>
      </trkpt>
      <trkpt lat="45.394506426528096" lon="22.176151173189282">
        <ele>375.34</ele>
      </trkpt>
      <trkpt lat="45.39447893388569" lon="22.176136588677764">
        <ele>375.65</ele>
      </trkpt>
      <trkpt lat="45.39444549009204" lon="22.176116053014994">
        <ele>375.97</ele>
      </trkpt>
      <trkpt lat="45.39442369714379" lon="22.176096020266414">
        <ele>376.29</ele>
      </trkpt>
      <trkpt lat="45.394397461786866" lon="22.17606752179563">
        <ele>376.61</ele>
      </trkpt>
      <trkpt lat="45.39436837658286" lon="22.17604262754321">
        <ele>376.94</ele>
      </trkpt>
      <trkpt lat="45.39434239268303" lon="22.176025193184614">
        <ele>377.28</ele>
      </trkpt>
      <trkpt lat="45.394318252801895" lon="22.17601178213954">
        <ele>377.62</ele>
      </trkpt>
      <trkpt lat="45.394298220053315" lon="22.17601127922535">
        <ele>377.96</ele>
      </trkpt>
      <trkpt lat="45.39428397081792" lon="22.176012871786952">
        <ele>378.3</ele>
      </trkpt>
      <trkpt lat="45.39426854811609" lon="22.17601521871984">
        <ele>378.65</ele>
      </trkpt>
      <trkpt lat="45.39426343515515" lon="22.17601479962468">
        <ele>378.98</ele>
      </trkpt>
      <trkpt lat="45.39425740018487" lon="22.17601572163403">
        <ele>379.31</ele>
      </trkpt>
      <trkpt lat="45.394241474568844" lon="22.176019828766584">
        <ele>379.65</ele>
      </trkpt>
      <trkpt lat="45.39422504603863" lon="22.176020499318838">
        <ele>379.99</ele>
      </trkpt>
      <trkpt lat="45.39420216344297" lon="22.176016392186284">
        <ele>380.32</ele>
      </trkpt>
      <trkpt lat="45.394183387979865" lon="22.176015051081777">
        <ele>380.65</ele>
      </trkpt>
      <trkpt lat="45.39417006075382" lon="22.176011698320508">
        <ele>380.97</ele>
      </trkpt>
      <trkpt lat="45.394153632223606" lon="22.17600197531283">
        <ele>381.28</ele>
      </trkpt>
      <trkpt lat="45.39413192309439" lon="22.175985714420676">
        <ele>381.59</ele>
      </trkpt>
      <trkpt lat="45.39410535246134" lon="22.175962831825018">
        <ele>381.89</ele>
      </trkpt>
      <trkpt lat="45.39407475851476" lon="22.175943050533533">
        <ele>382.19</ele>
      </trkpt>
      <trkpt lat="45.394044583663344" lon="22.175921676680446">
        <ele>382.47</ele>
      </trkpt>
      <trkpt lat="45.394017677754164" lon="22.175911283120513">
        <ele>382.75</ele>
      </trkpt>
      <trkpt lat="45.393984485417604" lon="22.175894267857075">
        <ele>383.01</ele>
      </trkpt>
      <trkpt lat="45.39395313709974" lon="22.175871888175607">
        <ele>383.26</ele>
      </trkpt>
      <trkpt lat="45.393928326666355" lon="22.175846742466092">
        <ele>383.48</ele>
      </trkpt>
      <trkpt lat="45.39391080848873" lon="22.17582360841334">
        <ele>383.68</ele>
      </trkpt>
      <trkpt lat="45.39389387704432" lon="22.175802066922188">
        <ele>383.87</ele>
      </trkpt>
      <trkpt lat="45.39387040771544" lon="22.175772478803992">
        <ele>384.03</ele>
      </trkpt>
      <trkpt lat="45.39382698945701" lon="22.175725121051073">
        <ele>384.18</ele>
      </trkpt>
      <trkpt lat="45.393806621432304" lon="22.17569318599999">
        <ele>384.3</ele>
      </trkpt>
      <trkpt lat="45.39377477020025" lon="22.17565504834056">
        <ele>384.4</ele>
      </trkpt>
      <trkpt lat="45.39373688399792" lon="22.175613222643733">
        <ele>384.49</ele>
      </trkpt>
      <trkpt lat="45.393701596185565" lon="22.17558229342103">
        <ele>384.56</ele>
      </trkpt>
      <trkpt lat="45.39365591481328" lon="22.17553099617362">
        <ele>384.6</ele>
      </trkpt>
      <trkpt lat="45.39360905997455" lon="22.175502749159932">
        <ele>384.64</ele>
      </trkpt>
      <trkpt lat="45.393559858202934" lon="22.17546603642404">
        <ele>384.66</ele>
      </trkpt>
      <trkpt lat="45.393514428287745" lon="22.17542253434658">
        <ele>384.65</ele>
      </trkpt>
      <trkpt lat="45.39346589706838" lon="22.175375008955598">
        <ele>384.62</ele>
      </trkpt>
      <trkpt lat="45.39342666976154" lon="22.17534139752388">
        <ele>384.58</ele>
      </trkpt>
      <trkpt lat="45.39338828064501" lon="22.175310803577304">
        <ele>384.52</ele>
      </trkpt>
      <trkpt lat="45.39334561675787" lon="22.17531742528081">
        <ele>384.47</ele>
      </trkpt>
      <trkpt lat="45.39329666644335" lon="22.175309462472796">
        <ele>384.39</ele>
      </trkpt>
      <trkpt lat="45.39324461482465" lon="22.175299739465117">
        <ele>384.28</ele>
      </trkpt>
      <trkpt lat="45.39321309886873" lon="22.175283394753933">
        <ele>384.16</ele>
      </trkpt>
      <trkpt lat="45.39318384602666" lon="22.175254812464118">
        <ele>384.01</ele>
      </trkpt>
      <trkpt lat="45.3931488096714" lon="22.1752143278718">
        <ele>383.85</ele>
      </trkpt>
      <trkpt lat="45.39311016909778" lon="22.175177950412035">
        <ele>383.69</ele>
      </trkpt>
      <trkpt lat="45.39306901395321" lon="22.175164120271802">
        <ele>383.53</ele>
      </trkpt>
      <trkpt lat="45.39303624071181" lon="22.175137298181653">
        <ele>383.36</ele>
      </trkpt>
      <trkpt lat="45.39300598204136" lon="22.175114499405026">
        <ele>383.18</ele>
      </trkpt>
      <trkpt lat="45.392975471913815" lon="22.175096478313208">
        <ele>382.99</ele>
      </trkpt>
      <trkpt lat="45.39294353686273" lon="22.175081307068467">
        <ele>382.81</ele>
      </trkpt>
      <trkpt lat="45.39290984161198" lon="22.175072841346264">
        <ele>382.62</ele>
      </trkpt>
      <trkpt lat="45.3928779065609" lon="22.17506479471922">
        <ele>382.43</ele>
      </trkpt>
      <trkpt lat="45.39279157295823" lon="22.175055406987667">
        <ele>382.24</ele>
      </trkpt>
      <trkpt lat="45.39276181720197" lon="22.17506378889084">
        <ele>382.06</ele>
      </trkpt>
      <trkpt lat="45.39273105561733" lon="22.17506588436663">
        <ele>381.89</ele>
      </trkpt>
      <trkpt lat="45.3926997911185" lon="22.17505607753992">
        <ele>381.72</ele>
      </trkpt>
      <trkpt lat="45.39258521050215" lon="22.175020035356283">
        <ele>381.54</ele>
      </trkpt>
      <trkpt lat="45.39251446723938" lon="22.17502137646079">
        <ele>381.4</ele>
      </trkpt>
      <trkpt lat="45.39248303510249" lon="22.17502724379301">
        <ele>381.25</ele>
      </trkpt>
      <trkpt lat="45.3924513515085" lon="22.17502866871655">
        <ele>381.12</ele>
      </trkpt>
      <trkpt lat="45.39241757243872" lon="22.175020202994347">
        <ele>380.99</ele>
      </trkpt>
      <trkpt lat="45.39238588884473" lon="22.17501441948116">
        <ele>380.87</ele>
      </trkpt>
      <trkpt lat="45.39235772565007" lon="22.175008049234748">
        <ele>380.76</ele>
      </trkpt>
      <trkpt lat="45.392333418130875" lon="22.174994805827737">
        <ele>380.65</ele>
      </trkpt>
      <trkpt lat="45.3923078533262" lon="22.17497837729752">
        <ele>380.56</ele>
      </trkpt>
      <trkpt lat="45.39227834902704" lon="22.174968738108873">
        <ele>380.48</ele>
      </trkpt>
      <trkpt lat="45.39224834181368" lon="22.174962032586336">
        <ele>380.42</ele>
      </trkpt>
      <trkpt lat="45.392219591885805" lon="22.1749518904835">
        <ele>380.37</ele>
      </trkpt>
      <trkpt lat="45.39219285361469" lon="22.174941077828407">
        <ele>380.33</ele>
      </trkpt>
      <trkpt lat="45.39216846227646" lon="22.17492548748851">
        <ele>380.3</ele>
      </trkpt>
      <trkpt lat="45.39214608259499" lon="22.174906376749277">
        <ele>380.28</ele>
      </trkpt>
      <trkpt lat="45.39211867377162" lon="22.17488558962941">
        <ele>380.28</ele>
      </trkpt>
      <trkpt lat="45.39208984002471" lon="22.174862371757627">
        <ele>380.3</ele>
      </trkpt>
      <trkpt lat="45.39206000044942" lon="22.174839740619063">
        <ele>380.33</ele>
      </trkpt>
      <trkpt lat="45.392030999064445" lon="22.174826078116894">
        <ele>380.38</ele>
      </trkpt>
      <trkpt lat="45.39200333878398" lon="22.174815936014056">
        <ele>380.45</ele>
      </trkpt>
      <trkpt lat="45.39198028855026" lon="22.174805710092187">
        <ele>380.53</ele>
      </trkpt>
      <trkpt lat="45.39195648394525" lon="22.174792382866144">
        <ele>380.63</ele>
      </trkpt>
      <trkpt lat="45.39193108677864" lon="22.174770841374993">
        <ele>380.74</ele>
      </trkpt>
      <trkpt lat="45.3919106349349" lon="22.174749802798033">
        <ele>380.87</ele>
      </trkpt>
      <trkpt lat="45.391896050423384" lon="22.174731362611055">
        <ele>381.03</ele>
      </trkpt>
      <trkpt lat="45.391878029331565" lon="22.174707055091858">
        <ele>381.2</ele>
      </trkpt>
      <trkpt lat="45.39185875095427" lon="22.17467973008752">
        <ele>381.39</ele>
      </trkpt>
      <trkpt lat="45.39184249006212" lon="22.17465383000672">
        <ele>381.58</ele>
      </trkpt>
      <trkpt lat="45.39182891137898" lon="22.174623738974333">
        <ele>381.79</ele>
      </trkpt>
      <trkpt lat="45.391814578324556" lon="22.174599263817072">
        <ele>382.02</ele>
      </trkpt>
      <trkpt lat="45.391805190593004" lon="22.174581242725253">
        <ele>382.26</ele>
      </trkpt>
      <trkpt lat="45.39179286919534" lon="22.174563640728593">
        <ele>382.52</ele>
      </trkpt>
      <trkpt lat="45.3917779494077" lon="22.174535058438778">
        <ele>382.78</ele>
      </trkpt>
      <trkpt lat="45.391757329925895" lon="22.174508152529597">
        <ele>383.07</ele>
      </trkpt>
      <trkpt lat="45.39174241013825" lon="22.17449356801808">
        <ele>383.36</ele>
      </trkpt>
      <trkpt lat="45.39173159748316" lon="22.17447462491691">
        <ele>383.66</ele>
      </trkpt>
      <trkpt lat="45.391715839505196" lon="22.174447802826762">
        <ele>383.97</ele>
      </trkpt>
      <trkpt lat="45.39170418865979" lon="22.174416622146964">
        <ele>384.28</ele>
      </trkpt>
      <trkpt lat="45.391697231680155" lon="22.174392314627767">
        <ele>384.61</ele>
      </trkpt>
      <trkpt lat="45.391682563349605" lon="22.17435685917735">
        <ele>384.96</ele>
      </trkpt>
      <trkpt lat="45.391676193103194" lon="22.174334730952978">
        <ele>385.3</ele>
      </trkpt>
      <trkpt lat="45.39166127331555" lon="22.174307657405734">
        <ele>385.64</ele>
      </trkpt>
      <trkpt lat="45.391647862270474" lon="22.174288295209408">
        <ele>385.99</ele>
      </trkpt>
      <trkpt lat="45.39163721725345" lon="22.174269016832113">
        <ele>386.34</ele>
      </trkpt>
      <trkpt lat="45.3916241414845" lon="22.174244122579694">
        <ele>386.69</ele>
      </trkpt>
      <trkpt lat="45.391604946926236" lon="22.1742126904428">
        <ele>387.05</ele>
      </trkpt>
      <trkpt lat="45.39158273488283" lon="22.174185449257493">
        <ele>387.4</ele>
      </trkpt>
      <trkpt lat="45.391554990783334" lon="22.17416717670858">
        <ele>387.75</ele>
      </trkpt>
      <trkpt lat="45.39154585450888" lon="22.17415460385382">
        <ele>388.08</ele>
      </trkpt>
      <trkpt lat="45.3915361315012" lon="22.17413784004748">
        <ele>388.41</ele>
      </trkpt>
      <trkpt lat="45.39151517674327" lon="22.17412275262177">
        <ele>388.73</ele>
      </trkpt>
      <trkpt lat="45.39147678762674" lon="22.17409936711192">
        <ele>389.05</ele>
      </trkpt>
      <trkpt lat="45.39139389060438" lon="22.17406265437603">
        <ele>389.38</ele>
      </trkpt>
      <trkpt lat="45.391363464295864" lon="22.174045220017433">
        <ele>389.67</ele>
      </trkpt>
      <trkpt lat="45.391333205625415" lon="22.174030132591724">
        <ele>389.93</ele>
      </trkpt>
      <trkpt lat="45.39128165692091" lon="22.173984618857503">
        <ele>390.18</ele>
      </trkpt>
      <trkpt lat="45.39123287424445" lon="22.173985121771693">
        <ele>390.42</ele>
      </trkpt>
      <trkpt lat="45.391207896173" lon="22.173964083194733">
        <ele>390.63</ele>
      </trkpt>
      <trkpt lat="45.3911835886538" lon="22.17394975014031">
        <ele>390.83</ele>
      </trkpt>
      <trkpt lat="45.391168082132936" lon="22.173957293853164">
        <ele>391.01</ele>
      </trkpt>
      <trkpt lat="45.39113153703511" lon="22.173958802595735">
        <ele>391.18</ele>
      </trkpt>
      <trkpt lat="45.391118209809065" lon="22.17395469546318">
        <ele>391.31</ele>
      </trkpt>
      <trkpt lat="45.39110530167818" lon="22.17394740320742">
        <ele>391.42</ele>
      </trkpt>
      <trkpt lat="45.39108560420573" lon="22.173935500904918">
        <ele>391.52</ele>
      </trkpt>
      <trkpt lat="45.3910593688488" lon="22.173917898908257">
        <ele>391.58</ele>
      </trkpt>
      <trkpt lat="45.39103355258703" lon="22.173905493691564">
        <ele>391.62</ele>
      </trkpt>
      <trkpt lat="45.39101226255298" lon="22.1738966088742">
        <ele>391.65</ele>
      </trkpt>
      <trkpt lat="45.39098393172026" lon="22.173889316618443">
        <ele>391.65</ele>
      </trkpt>
      <trkpt lat="45.39095811545849" lon="22.173876240849495">
        <ele>391.63</ele>
      </trkpt>
      <trkpt lat="45.390935400500894" lon="22.17387355864048">
        <ele>391.6</ele>
      </trkpt>
      <trkpt lat="45.390914026647806" lon="22.173875235021114">
        <ele>391.55</ele>
      </trkpt>
      <trkpt lat="45.39089189842343" lon="22.173864506185055">
        <ele>391.48</ele>
      </trkpt>
      <trkpt lat="45.39087312296033" lon="22.17384715564549">
        <ele>391.4</ele>
      </trkpt>
      <trkpt lat="45.39085124619305" lon="22.173839192837477">
        <ele>391.3</ele>
      </trkpt>
      <trkpt lat="45.390832386910915" lon="22.173830810934305">
        <ele>391.19</ele>
      </trkpt>
      <trkpt lat="45.39081109687686" lon="22.173817148432136">
        <ele>391.06</ele>
      </trkpt>
      <trkpt lat="45.390788381919265" lon="22.173791751265526">
        <ele>390.92</ele>
      </trkpt>
      <trkpt lat="45.39077094756067" lon="22.17375478707254">
        <ele>390.76</ele>
      </trkpt>
      <trkpt lat="45.39074655622244" lon="22.173710530623794">
        <ele>390.6</ele>
      </trkpt>
      <trkpt lat="45.39073406718671" lon="22.17369074933231">
        <ele>390.44</ele>
      </trkpt>
      <trkpt lat="45.39071537554264" lon="22.17366987839341">
        <ele>390.27</ele>
      </trkpt>
      <trkpt lat="45.390696013346314" lon="22.173649594187737">
        <ele>390.09</ele>
      </trkpt>
      <trkpt lat="45.39066994562745" lon="22.17362972907722">
        <ele>389.92</ele>
      </trkpt>
      <trkpt lat="45.390647146850824" lon="22.1736169885844">
        <ele>389.74</ele>
      </trkpt>
      <trkpt lat="45.39062451571226" lon="22.173601733520627">
        <ele>389.56</ele>
      </trkpt>
      <trkpt lat="45.39060448296368" lon="22.173592345789075">
        <ele>389.38</ele>
      </trkpt>
      <trkpt lat="45.390555281192064" lon="22.17356577515602">
        <ele>389.21</ele>
      </trkpt>
      <trkpt lat="45.39050926454365" lon="22.173533085733652">
        <ele>389.03</ele>
      </trkpt>
      <trkpt lat="45.39049501530826" lon="22.173523865640163">
        <ele>388.87</ele>
      </trkpt>
      <trkpt lat="45.3904689475894" lon="22.173504000529647">
        <ele>388.71</ele>
      </trkpt>
      <trkpt lat="45.39045243524015" lon="22.17349042184651">
        <ele>388.56</ele>
      </trkpt>
      <trkpt lat="45.390436090528965" lon="22.173472736030817">
        <ele>388.42</ele>
      </trkpt>
      <trkpt lat="45.390421422198415" lon="22.1734615880996">
        <ele>388.29</ele>
      </trkpt>
      <trkpt lat="45.39041128009558" lon="22.173450523987412">
        <ele>388.18</ele>
      </trkpt>
      <trkpt lat="45.39040113799274" lon="22.17343434691429">
        <ele>388.07</ele>
      </trkpt>
      <trkpt lat="45.39039619266987" lon="22.173419762402773">
        <ele>387.98</ele>
      </trkpt>
      <trkpt lat="45.390384793281555" lon="22.17339520342648">
        <ele>387.9</ele>
      </trkpt>
      <trkpt lat="45.39037758484483" lon="22.173376847058535">
        <ele>387.83</ele>
      </trkpt>
      <trkpt lat="45.39037322625518" lon="22.1733579877764">
        <ele>387.78</ele>
      </trkpt>
      <trkpt lat="45.39036945439875" lon="22.173340218141675">
        <ele>387.74</ele>
      </trkpt>
      <trkpt lat="45.390365682542324" lon="22.173323119059205">
        <ele>387.72</ele>
      </trkpt>
      <trkpt lat="45.390363754704595" lon="22.17330182902515">
        <ele>387.71</ele>
      </trkpt>
      <trkpt lat="45.39036124013364" lon="22.173279197886586">
        <ele>387.72</ele>
      </trkpt>
      <trkpt lat="45.39035922847688" lon="22.1732543874532">
        <ele>387.75</ele>
      </trkpt>
      <trkpt lat="45.39035310968757" lon="22.17323292978108">
        <ele>387.81</ele>
      </trkpt>
      <trkpt lat="45.39035000838339" lon="22.17321239411831">
        <ele>387.88</ele>
      </trkpt>
      <trkpt lat="45.39034740999341" lon="22.17318951152265">
        <ele>387.98</ele>
      </trkpt>
      <trkpt lat="45.39034581743181" lon="22.17316755093634">
        <ele>388.09</ele>
      </trkpt>
      <trkpt lat="45.390348164364696" lon="22.173144919797778">
        <ele>388.22</ele>
      </trkpt>
      <trkpt lat="45.39035419933498" lon="22.173126563429832">
        <ele>388.36</ele>
      </trkpt>
      <trkpt lat="45.39035805501044" lon="22.173110553994775">
        <ele>388.52</ele>
      </trkpt>
      <trkpt lat="45.390360318124294" lon="22.173084067180753">
        <ele>388.7</ele>
      </trkpt>
      <trkpt lat="45.39036107249558" lon="22.17306629754603">
        <ele>388.89</ele>
      </trkpt>
      <trkpt lat="45.39036216214299" lon="22.173048947006464">
        <ele>389.1</ele>
      </trkpt>
      <trkpt lat="45.3903653472662" lon="22.173029836267233">
        <ele>389.32</ele>
      </trkpt>
      <trkpt lat="45.39036895148456" lon="22.173015838488936">
        <ele>389.56</ele>
      </trkpt>
      <trkpt lat="45.39037289097905" lon="22.173002511262894">
        <ele>389.8</ele>
      </trkpt>
      <trkpt lat="45.39037666283548" lon="22.172985579818487">
        <ele>390.06</ele>
      </trkpt>
      <trkpt lat="45.39037968032062" lon="22.172964876517653">
        <ele>390.33</ele>
      </trkpt>
      <trkpt lat="45.39038269780576" lon="22.172944005578756">
        <ele>390.61</ele>
      </trkpt>
      <trkpt lat="45.39038487710059" lon="22.172925313934684">
        <ele>390.9</ele>
      </trkpt>
      <trkpt lat="45.39038797840476" lon="22.17290947213769">
        <ele>391.19</ele>
      </trkpt>
      <trkpt lat="45.39039057679474" lon="22.17289279215038">
        <ele>391.49</ele>
      </trkpt>
      <trkpt lat="45.390394097194076" lon="22.17287569306791">
        <ele>391.79</ele>
      </trkpt>
      <trkpt lat="45.39039979688823" lon="22.172857588157058">
        <ele>392.1</ele>
      </trkpt>
      <trkpt lat="45.39040558040142" lon="22.17284015379846">
        <ele>392.41</ele>
      </trkpt>
      <trkpt lat="45.390412202104926" lon="22.172822719439864">
        <ele>392.72</ele>
      </trkpt>
      <trkpt lat="45.390412621200085" lon="22.172802099958062">
        <ele>393.03</ele>
      </trkpt>
      <trkpt lat="45.390405328944325" lon="22.172783659771085">
        <ele>393.33</ele>
      </trkpt>
      <trkpt lat="45.390400886535645" lon="22.172767566516995">
        <ele>393.63</ele>
      </trkpt>
      <trkpt lat="45.39039820432663" lon="22.172752395272255">
        <ele>393.93</ele>
      </trkpt>
      <trkpt lat="45.39039300754666" lon="22.172737726941705">
        <ele>394.23</ele>
      </trkpt>
      <trkpt lat="45.390388229861856" lon="22.172716101631522">
        <ele>394.52</ele>
      </trkpt>
      <trkpt lat="45.390385715290904" lon="22.17269791290164">
        <ele>394.8</ele>
      </trkpt>
      <trkpt lat="45.39038202725351" lon="22.17267536558211">
        <ele>395.08</ele>
      </trkpt>
      <trkpt lat="45.390379345044494" lon="22.17265734449029">
        <ele>395.34</ele>
      </trkpt>
      <trkpt lat="45.39037632755935" lon="22.172633120790124">
        <ele>395.59</ele>
      </trkpt>
      <trkpt lat="45.3903719689697" lon="22.172614512965083">
        <ele>395.84</ele>
      </trkpt>
      <trkpt lat="45.390367191284895" lon="22.172600096091628">
        <ele>396.07</ele>
      </trkpt>
      <trkpt lat="45.39036459289491" lon="22.172579979524016">
        <ele>396.3</ele>
      </trkpt>
      <trkpt lat="45.39036316797137" lon="22.17256162315607">
        <ele>396.51</ele>
      </trkpt>
      <trkpt lat="45.39036308415234" lon="22.172544356435537">
        <ele>396.71</ele>
      </trkpt>
      <trkpt lat="45.39036551490426" lon="22.172523150220513">
        <ele>396.9</ele>
      </trkpt>
      <trkpt lat="45.39037029258907" lon="22.172509655356407">
        <ele>397.08</ele>
      </trkpt>
      <trkpt lat="45.390373980626464" lon="22.17248484492302">
        <ele>397.25</ele>
      </trkpt>
      <trkpt lat="45.39037590846419" lon="22.1724686678499">
        <ele>397.41</ele>
      </trkpt>
      <trkpt lat="45.39037775248289" lon="22.17245156876743">
        <ele>397.55</ele>
      </trkpt>
      <trkpt lat="45.39037582464516" lon="22.172433966770768">
        <ele>397.68</ele>
      </trkpt>
      <trkpt lat="45.39037188515067" lon="22.172412425279617">
        <ele>397.8</ele>
      </trkpt>
      <trkpt lat="45.39037071168423" lon="22.17239742167294">
        <ele>397.89</ele>
      </trkpt>
      <trkpt lat="45.39036752656102" lon="22.17237143777311">
        <ele>397.98</ele>
      </trkpt>
      <trkpt lat="45.39036585018039" lon="22.17235391959548">
        <ele>398.05</ele>
      </trkpt>
      <trkpt lat="45.39036450907588" lon="22.172336652874947">
        <ele>398.11</ele>
      </trkpt>
      <trkpt lat="45.39036174304783" lon="22.172319386154413">
        <ele>398.16</ele>
      </trkpt>
      <trkpt lat="45.39035755209625" lon="22.17229876667261">
        <ele>398.19</ele>
      </trkpt>
      <trkpt lat="45.3903566300869" lon="22.172282841056585">
        <ele>398.22</ele>
      </trkpt>
      <trkpt lat="45.39035679772496" lon="22.172270519658923">
        <ele>398.24</ele>
      </trkpt>
      <trkpt lat="45.39035872556269" lon="22.172248726710677">
        <ele>398.25</ele>
      </trkpt>
      <trkpt lat="45.39035805501044" lon="22.17223037034273">
        <ele>398.25</ele>
      </trkpt>
      <trkpt lat="45.39035654626787" lon="22.172214863821864">
        <ele>398.24</ele>
      </trkpt>
      <trkpt lat="45.390357468277216" lon="22.172191059216857">
        <ele>398.23</ele>
      </trkpt>
      <trkpt lat="45.39035805501044" lon="22.172165075317025">
        <ele>398.21</ele>
      </trkpt>
      <trkpt lat="45.390358390286565" lon="22.17214194126427">
        <ele>398.18</ele>
      </trkpt>
      <trkpt lat="45.39035830646753" lon="22.172120064496994">
        <ele>398.15</ele>
      </trkpt>
      <trkpt lat="45.390355959534645" lon="22.172105479985476">
        <ele>398.11</ele>
      </trkpt>
      <trkpt lat="45.39035084657371" lon="22.17209449969232">
        <ele>398.07</ele>
      </trkpt>
      <trkpt lat="45.390346739441156" lon="22.172083603218198">
        <ele>398.02</ele>
      </trkpt>
      <trkpt lat="45.39034707471728" lon="22.172073125839233">
        <ele>397.97</ele>
      </trkpt>
      <trkpt lat="45.390346655622125" lon="22.17205678112805">
        <ele>397.92</ele>
      </trkpt>
      <trkpt lat="45.39034481160343" lon="22.172041442245245">
        <ele>397.87</ele>
      </trkpt>
      <trkpt lat="45.39034363813698" lon="22.1720265224576">
        <ele>397.82</ele>
      </trkpt>
      <trkpt lat="45.39034397341311" lon="22.172009674832225">
        <ele>397.76</ele>
      </trkpt>
      <trkpt lat="45.39034464396536" lon="22.17199131846428">
        <ele>397.71</ele>
      </trkpt>
      <trkpt lat="45.390346320346" lon="22.171974554657936">
        <ele>397.66</ele>
      </trkpt>
      <trkpt lat="45.39034690707922" lon="22.1719591319561">
        <ele>397.62</ele>
      </trkpt>
      <trkpt lat="45.39034581743181" lon="22.171943625435233">
        <ele>397.58</ele>
      </trkpt>
      <trkpt lat="45.39034774526954" lon="22.171926693990827">
        <ele>397.54</ele>
      </trkpt>
      <trkpt lat="45.39034841582179" lon="22.17191118746996">
        <ele>397.51</ele>
      </trkpt>
      <trkpt lat="45.39034841582179" lon="22.171902302652597">
        <ele>397.48</ele>
      </trkpt>
      <trkpt lat="45.39034875109792" lon="22.17189551331103">
        <ele>397.46</ele>
      </trkpt>
      <trkpt lat="45.39034774526954" lon="22.171879587695003">
        <ele>397.44</ele>
      </trkpt>
      <trkpt lat="45.39034497924149" lon="22.17186190187931">
        <ele>397.43</ele>
      </trkpt>
      <trkpt lat="45.3903479129076" lon="22.17184765264392">
        <ele>397.43</ele>
      </trkpt>
      <trkpt lat="45.39034833200276" lon="22.171831810846925">
        <ele>397.43</ele>
      </trkpt>
      <trkpt lat="45.390349086374044" lon="22.171828290447593">
        <ele>397.44</ele>
      </trkpt>
      <trkpt lat="45.390352522954345" lon="22.171818651258945">
        <ele>397.47</ele>
      </trkpt>
      <trkpt lat="45.390357468277216" lon="22.17180364765227">
        <ele>397.5</ele>
      </trkpt>
      <trkpt lat="45.39036467671394" lon="22.171789314597845">
        <ele>397.54</ele>
      </trkpt>
      <trkpt lat="45.39036937057972" lon="22.17177825048566">
        <ele>397.58</ele>
      </trkpt>
      <trkpt lat="45.39037532173097" lon="22.171768862754107">
        <ele>397.64</ele>
      </trkpt>
      <trkpt lat="45.3903790935874" lon="22.171763414517045">
        <ele>397.7</ele>
      </trkpt>
      <trkpt lat="45.39038269780576" lon="22.17175628989935">
        <ele>397.77</ele>
      </trkpt>
      <trkpt lat="45.39038906805217" lon="22.171745980158448">
        <ele>397.85</ele>
      </trkpt>
      <trkpt lat="45.390396444126964" lon="22.171731563284993">
        <ele>397.95</ele>
      </trkpt>
      <trkpt lat="45.390406334772706" lon="22.17171530239284">
        <ele>398.05</ele>
      </trkpt>
      <trkpt lat="45.390415051952004" lon="22.17169912531972">
        <ele>398.16</ele>
      </trkpt>
      <trkpt lat="45.39042494259775" lon="22.171683786436915">
        <ele>398.27</ele>
      </trkpt>
      <trkpt lat="45.39043525233865" lon="22.171665262430906">
        <ele>398.4</ele>
      </trkpt>
      <trkpt lat="45.39043969474733" lon="22.171660233289003">
        <ele>398.54</ele>
      </trkpt>
      <trkpt lat="45.3904412034899" lon="22.171653108671308">
        <ele>398.68</ele>
      </trkpt>
      <trkpt lat="45.39044958539307" lon="22.17164196074009">
        <ele>398.84</ele>
      </trkpt>
      <trkpt lat="45.39046224206686" lon="22.171625867486">
        <ele>399.01</ele>
      </trkpt>
      <trkpt lat="45.390472300350666" lon="22.171616228297353">
        <ele>399.19</ele>
      </trkpt>
      <trkpt lat="45.390486968681216" lon="22.17159854248166">
        <ele>399.37</ele>
      </trkpt>
      <trkpt lat="45.39049702696502" lon="22.17157951556146">
        <ele>399.57</ele>
      </trkpt>
      <trkpt lat="45.390510857105255" lon="22.171564428135753">
        <ele>399.78</ele>
      </trkpt>
      <trkpt lat="45.39052493870258" lon="22.171551771461964">
        <ele>400.0</ele>
      </trkpt>
      <trkpt lat="45.39053860120475" lon="22.171541713178158">
        <ele>400.23</ele>
      </trkpt>
      <trkpt lat="45.390551341697574" lon="22.1715257037431">
        <ele>400.48</ele>
      </trkpt>
      <trkpt lat="45.39056492038071" lon="22.17151388525963">
        <ele>400.73</ele>
      </trkpt>
      <trkpt lat="45.39057715795934" lon="22.17150567099452">
        <ele>400.99</ele>
      </trkpt>
      <trkpt lat="45.39059165865183" lon="22.17149242758751">
        <ele>401.27</ele>
      </trkpt>
      <trkpt lat="45.39060699753463" lon="22.171481028199196">
        <ele>401.55</ele>
      </trkpt>
      <trkpt lat="45.39061604999006" lon="22.17147683724761">
        <ele>401.83</ele>
      </trkpt>
      <trkpt lat="45.39062359370291" lon="22.171473652124405">
        <ele>402.11</ele>
      </trkpt>
      <trkpt lat="45.39063583128154" lon="22.17146216891706">
        <ele>402.4</ele>
      </trkpt>
      <trkpt lat="45.39064630866051" lon="22.17145336791873">
        <ele>402.71</ele>
      </trkpt>
      <trkpt lat="45.3906571213156" lon="22.171451523900032">
        <ele>403.01</ele>
      </trkpt>
      <trkpt lat="45.390667766332626" lon="22.171452613547444">
        <ele>403.31</ele>
      </trkpt>
      <trkpt lat="45.39067690260708" lon="22.17145194299519">
        <ele>403.63</ele>
      </trkpt>
      <trkpt lat="45.39068930782378" lon="22.17144599184394">
        <ele>403.94</ele>
      </trkpt>
      <trkpt lat="45.3907002042979" lon="22.171442471444607">
        <ele>404.26</ele>
      </trkpt>
      <trkpt lat="45.390710262581706" lon="22.17144012451172">
        <ele>404.58</ele>
      </trkpt>
      <trkpt lat="45.39072224870324" lon="22.17143476009369">
        <ele>404.91</ele>
      </trkpt>
      <trkpt lat="45.390733228996396" lon="22.17143098823726">
        <ele>405.24</ele>
      </trkpt>
      <trkpt lat="45.39074278436601" lon="22.17143098823726">
        <ele>405.57</ele>
      </trkpt>
      <trkpt lat="45.390755189582705" lon="22.171431574970484">
        <ele>405.91</ele>
      </trkpt>
      <trkpt lat="45.390766421332955" lon="22.171429647132754">
        <ele>406.24</ele>
      </trkpt>
      <trkpt lat="45.39077932946384" lon="22.17142947949469">
        <ele>406.58</ele>
      </trkpt>
      <trkpt lat="45.390792321413755" lon="22.171430066227913">
        <ele>406.92</ele>
      </trkpt>
      <trkpt lat="45.39080472663045" lon="22.171431742608547">
        <ele>407.27</ele>
      </trkpt>
      <trkpt lat="45.39081688039005" lon="22.171432664617896">
        <ele>407.61</ele>
      </trkpt>
      <trkpt lat="45.39083121344447" lon="22.171429060399532">
        <ele>407.96</ele>
      </trkpt>
      <trkpt lat="45.3908437024802" lon="22.171427132561803">
        <ele>408.3</ele>
      </trkpt>
      <trkpt lat="45.39085476659238" lon="22.171426210552454">
        <ele>408.65</ele>
      </trkpt>
      <trkpt lat="45.3908659145236" lon="22.171422773972154">
        <ele>408.99</ele>
      </trkpt>
      <trkpt lat="45.39087857119739" lon="22.17142017558217">
        <ele>409.33</ele>
      </trkpt>
      <trkpt lat="45.39089231751859" lon="22.17141724191606">
        <ele>409.68</ele>
      </trkpt>
      <trkpt lat="45.39090304635465" lon="22.171416906639934">
        <ele>410.02</ele>
      </trkpt>
      <trkpt lat="45.390913020819426" lon="22.17141573317349">
        <ele>410.35</ele>
      </trkpt>
      <trkpt lat="45.390922743827105" lon="22.171416403725743">
        <ele>410.68</ele>
      </trkpt>
      <trkpt lat="45.390934478491545" lon="22.171416152268648">
        <ele>411.01</ele>
      </trkpt>
      <trkpt lat="45.390944285318255" lon="22.171418415382504">
        <ele>411.34</ele>
      </trkpt>
      <trkpt lat="45.390954092144966" lon="22.17141430824995">
        <ele>411.66</ele>
      </trkpt>
      <trkpt lat="45.390962390229106" lon="22.1714099496603">
        <ele>411.98</ele>
      </trkpt>
      <trkpt lat="45.390973035246134" lon="22.171406848356128">
        <ele>412.29</ele>
      </trkpt>
      <trkpt lat="45.390986278653145" lon="22.17140005901456">
        <ele>412.6</ele>
      </trkpt>
      <trkpt lat="45.390997510403395" lon="22.17139720916748">
        <ele>412.9</ele>
      </trkpt>
      <trkpt lat="45.39100790396333" lon="22.171396873891354">
        <ele>413.2</ele>
      </trkpt>
      <trkpt lat="45.39101871661842" lon="22.171392180025578">
        <ele>413.49</ele>
      </trkpt>
      <trkpt lat="45.39103103801608" lon="22.171386564150453">
        <ele>413.77</ele>
      </trkpt>
      <trkpt lat="45.391042521223426" lon="22.17138505540788">
        <ele>414.04</ele>
      </trkpt>
      <trkpt lat="45.39105626754463" lon="22.171376924961805">
        <ele>414.31</ele>
      </trkpt>
      <trkpt lat="45.39106909185648" lon="22.171374326571822">
        <ele>414.57</ele>
      </trkpt>
      <trkpt lat="45.39107898250222" lon="22.171374075114727">
        <ele>414.82</ele>
      </trkpt>
      <trkpt lat="45.39109063334763" lon="22.17137332074344">
        <ele>415.07</ele>
      </trkpt>
      <trkpt lat="45.39110370911658" lon="22.17137332074344">
        <ele>415.3</ele>
      </trkpt>
      <trkpt lat="45.39111418649554" lon="22.171370470896363">
        <ele>415.52</ele>
      </trkpt>
      <trkpt lat="45.391124077141285" lon="22.171370638534427">
        <ele>415.73</ele>
      </trkpt>
      <trkpt lat="45.39113396778703" lon="22.171368626877666">
        <ele>415.93</ele>
      </trkpt>
      <trkpt lat="45.3911441937089" lon="22.17136493884027">
        <ele>416.13</ele>
      </trkpt>
      <trkpt lat="45.39115358144045" lon="22.171365190297365">
        <ele>416.31</ele>
      </trkpt>
      <trkpt lat="45.391162717714906" lon="22.171371476724744">
        <ele>416.48</ele>
      </trkpt>
      <trkpt lat="45.39117235690355" lon="22.17137818224728">
        <ele>416.63</ele>
      </trkpt>
      <trkpt lat="45.3911838401109" lon="22.171384803950787">
        <ele>416.78</ele>
      </trkpt>
      <trkpt lat="45.39119515568018" lon="22.171393940225244">
        <ele>416.92</ele>
      </trkpt>
      <trkpt lat="45.39120303466916" lon="22.17140450142324">
        <ele>417.05</ele>
      </trkpt>
      <trkpt lat="45.39121049456298" lon="22.171416068449616">
        <ele>417.16</ele>
      </trkpt>
      <trkpt lat="45.391215439885855" lon="22.171427300199866">
        <ele>417.26</ele>
      </trkpt>
      <trkpt lat="45.39121728390455" lon="22.171440292149782">
        <ele>417.34</ele>
      </trkpt>
      <trkpt lat="45.39121720008552" lon="22.17145537957549">
        <ele>417.42</ele>
      </trkpt>
      <trkpt lat="45.39121828973293" lon="22.171468287706375">
        <ele>417.48</ele>
      </trkpt>
      <trkpt lat="45.39122365415096" lon="22.171477088704705">
        <ele>417.54</ele>
      </trkpt>
      <trkpt lat="45.39123128168285" lon="22.17148756608367">
        <ele>417.59</ele>
      </trkpt>
      <trkpt lat="45.39123513735831" lon="22.171502150595188">
        <ele>417.62</ele>
      </trkpt>
      <trkpt lat="45.39123413152993" lon="22.171515310183167">
        <ele>417.65</ele>
      </trkpt>
      <trkpt lat="45.39123488590121" lon="22.17153207398951">
        <ele>417.67</ele>
      </trkpt>
      <trkpt lat="45.3912353888154" lon="22.17154917307198">
        <ele>417.67</ele>
      </trkpt>
      <trkpt lat="45.39123279042542" lon="22.17156828381121">
        <ele>417.67</ele>
      </trkpt>
      <trkpt lat="45.39123077876866" lon="22.171590328216553">
        <ele>417.67</ele>
      </trkpt>
      <trkpt lat="45.39123069494963" lon="22.171610863879323">
        <ele>417.65</ele>
      </trkpt>
      <trkpt lat="45.39122927002609" lon="22.171631148084998">
        <ele>417.63</ele>
      </trkpt>
      <trkpt lat="45.39122834801674" lon="22.171651097014546">
        <ele>417.61</ele>
      </trkpt>
      <trkpt lat="45.3912253305316" lon="22.171665597707033">
        <ele>417.58</ele>
      </trkpt>
      <trkpt lat="45.39122122339904" lon="22.171681271865964">
        <ele>417.54</ele>
      </trkpt>
      <trkpt lat="45.391220888122916" lon="22.17169820331037">
        <ele>417.51</ele>
      </trkpt>
      <trkpt lat="45.39122239686549" lon="22.171715470030904">
        <ele>417.48</ele>
      </trkpt>
      <trkpt lat="45.39122482761741" lon="22.1717363409698">
        <ele>417.44</ele>
      </trkpt>
      <trkpt lat="45.39122642017901" lon="22.17175385914743">
        <ele>417.41</ele>
      </trkpt>
      <trkpt lat="45.391228180378675" lon="22.171770622953773">
        <ele>417.38</ele>
      </trkpt>
      <trkpt lat="45.391228683292866" lon="22.171783447265625">
        <ele>417.35</ele>
      </trkpt>
      <trkpt lat="45.391229689121246" lon="22.1717934217304">
        <ele>417.32</ele>
      </trkpt>
      <trkpt lat="45.39123077876866" lon="22.17180364765227">
        <ele>417.3</ele>
      </trkpt>
      <trkpt lat="45.3912303596735" lon="22.171819070354104">
        <ele>417.27</ele>
      </trkpt>
      <trkpt lat="45.3912287671119" lon="22.17183692380786">
        <ele>417.25</ele>
      </trkpt>
      <trkpt lat="45.3912285156548" lon="22.171849999576807">
        <ele>417.24</ele>
      </trkpt>
      <trkpt lat="45.39122784510255" lon="22.171860560774803">
        <ele>417.23</ele>
      </trkpt>
      <trkpt lat="45.39122683927417" lon="22.171872295439243">
        <ele>417.22</ele>
      </trkpt>
      <trkpt lat="45.39122834801674" lon="22.17188579030335">
        <ele>417.23</ele>
      </trkpt>
      <trkpt lat="45.39123186841607" lon="22.171901213005185">
        <ele>417.24</ele>
      </trkpt>
      <trkpt lat="45.391234047710896" lon="22.171917390078306">
        <ele>417.26</ele>
      </trkpt>
      <trkpt lat="45.39123807102442" lon="22.171929460018873">
        <ele>417.29</ele>
      </trkpt>
      <trkpt lat="45.39124008268118" lon="22.171944212168455">
        <ele>417.32</ele>
      </trkpt>
      <trkpt lat="45.39124360308051" lon="22.17196114361286">
        <ele>417.37</ele>
      </trkpt>
      <trkpt lat="45.39124930277467" lon="22.171972207725048">
        <ele>417.43</ele>
      </trkpt>
      <trkpt lat="45.39125617593527" lon="22.171982349827886">
        <ele>417.49</ele>
      </trkpt>
      <trkpt lat="45.39126221090555" lon="22.171999532729387">
        <ele>417.57</ele>
      </trkpt>
      <trkpt lat="45.3912684135139" lon="22.172015961259604">
        <ele>417.65</ele>
      </trkpt>
      <trkpt lat="45.39127780124545" lon="22.17202845029533">
        <ele>417.75</ele>
      </trkpt>
      <trkpt lat="45.39128853008151" lon="22.17204219661653">
        <ele>417.86</ele>
      </trkpt>
      <trkpt lat="45.39129892364144" lon="22.172059966251254">
        <ele>417.98</ele>
      </trkpt>
      <trkpt lat="45.39130512624979" lon="22.172075305134058">
        <ele>418.1</ele>
      </trkpt>
      <trkpt lat="45.391316106542945" lon="22.172097517177463">
        <ele>418.24</ele>
      </trkpt>
      <trkpt lat="45.391322476789355" lon="22.172114113345742">
        <ele>418.39</ele>
      </trkpt>
      <trkpt lat="45.391329852864146" lon="22.172128781676292">
        <ele>418.55</ele>
      </trkpt>
      <trkpt lat="45.39133680984378" lon="22.172140767797828">
        <ele>418.71</ele>
      </trkpt>
      <trkpt lat="45.39134661667049" lon="22.172149820253253">
        <ele>418.89</ele>
      </trkpt>
      <trkpt lat="45.39135608822107" lon="22.172163985669613">
        <ele>419.08</ele>
      </trkpt>
      <trkpt lat="45.39136480540037" lon="22.172180078923702">
        <ele>419.28</ele>
      </trkpt>
      <trkpt lat="45.39137218147516" lon="22.172193825244904">
        <ele>419.49</ele>
      </trkpt>
      <trkpt lat="45.39138324558735" lon="22.17220924794674">
        <ele>419.71</ele>
      </trkpt>
      <trkpt lat="45.39139556698501" lon="22.172221150249243">
        <ele>419.95</ele>
      </trkpt>
      <trkpt lat="45.39141023531556" lon="22.17223414219916">
        <ele>420.19</ele>
      </trkpt>
      <trkpt lat="45.39142280817032" lon="22.172246547415853">
        <ele>420.44</ele>
      </trkpt>
      <trkpt lat="45.3914357163012" lon="22.17225568369031">
        <ele>420.71</ele>
      </trkpt>
      <trkpt lat="45.39144569076598" lon="22.172263227403164">
        <ele>420.97</ele>
      </trkpt>
      <trkpt lat="45.39145558141172" lon="22.172272196039557">
        <ele>421.25</ele>
      </trkpt>
      <trkpt lat="45.3914653044194" lon="22.172276806086302">
        <ele>421.54</ele>
      </trkpt>
      <trkpt lat="45.391476871445775" lon="22.172280326485634">
        <ele>421.83</ele>
      </trkpt>
      <trkpt lat="45.391489528119564" lon="22.172282841056585">
        <ele>422.14</ele>
      </trkpt>
      <trkpt lat="45.391500256955624" lon="22.172281751409173">
        <ele>422.44</ele>
      </trkpt>
      <trkpt lat="45.391512494534254" lon="22.172277560457587">
        <ele>422.76</ele>
      </trkpt>
      <trkpt lat="45.391527246683836" lon="22.172272112220526">
        <ele>423.09</ele>
      </trkpt>
      <trkpt lat="45.39154099300504" lon="22.17226498760283">
        <ele>423.42</ele>
      </trkpt>
      <trkpt lat="45.39155809208751" lon="22.172260461375117">
        <ele>423.76</ele>
      </trkpt>
      <trkpt lat="45.39157745428383" lon="22.17224696651101">
        <ele>424.11</ele>
      </trkpt>
      <trkpt lat="45.39158717729151" lon="22.172233387827873">
        <ele>424.45</ele>
      </trkpt>
      <trkpt lat="45.39160067215562" lon="22.172220144420862">
        <ele>424.79</ele>
      </trkpt>
      <trkpt lat="45.39160704240203" lon="22.172206481918693">
        <ele>425.13</ele>
      </trkpt>
      <trkpt lat="45.39161735214293" lon="22.172198267653584">
        <ele>425.48</ele>
      </trkpt>
      <trkpt lat="45.391626823693514" lon="22.172192903235555">
        <ele>425.82</ele>
      </trkpt>
      <trkpt lat="45.39164182730019" lon="22.172179827466607">
        <ele>426.17</ele>
      </trkpt>
      <trkpt lat="45.391650879755616" lon="22.172169853001833">
        <ele>426.51</ele>
      </trkpt>
      <trkpt lat="45.391659094020724" lon="22.172160716727376">
        <ele>426.85</ele>
      </trkpt>
      <trkpt lat="45.39167007431388" lon="22.172150071710348">
        <ele>427.19</ele>
      </trkpt>
      <trkpt lat="45.39167895913124" lon="22.172139678150415">
        <ele>427.53</ele>
      </trkpt>
      <trkpt lat="45.39168516173959" lon="22.17213406227529">
        <ele>427.86</ele>
      </trkpt>
      <trkpt lat="45.39169371128082" lon="22.172129787504673">
        <ele>428.19</ele>
      </trkpt>
      <trkpt lat="45.39170293137431" lon="22.17212911695242">
        <ele>428.51</ele>
      </trkpt>
      <trkpt lat="45.39171424694359" lon="22.17212517745793">
        <ele>428.84</ele>
      </trkpt>
      <trkpt lat="45.39172355085611" lon="22.172120986506343">
        <ele>429.16</ele>
      </trkpt>
      <trkpt lat="45.39173059165478" lon="22.172113778069615">
        <ele>429.47</ele>
      </trkpt>
      <trkpt lat="45.39173863828182" lon="22.172100618481636">
        <ele>429.79</ele>
      </trkpt>
      <trkpt lat="45.391746098175645" lon="22.172092320397496">
        <ele>430.1</ele>
      </trkpt>
      <trkpt lat="45.39175657555461" lon="22.17208720743656">
        <ele>430.41</ele>
      </trkpt>
      <trkpt lat="45.391765711829066" lon="22.172079412266612">
        <ele>430.71</ele>
      </trkpt>
      <trkpt lat="45.39177577011287" lon="22.172071281820536">
        <ele>431.01</ele>
      </trkpt>
      <trkpt lat="45.391785241663456" lon="22.172060636803508">
        <ele>431.31</ele>
      </trkpt>
      <trkpt lat="45.391794042661786" lon="22.172054098919034">
        <ele>431.6</ele>
      </trkpt>
      <trkpt lat="45.39180460385978" lon="22.17204856686294">
        <ele>431.9</ele>
      </trkpt>
      <trkpt lat="45.39181281812489" lon="22.172043286263943">
        <ele>432.19</ele>
      </trkpt>
      <trkpt lat="45.39182061329484" lon="22.172036664560437">
        <ele>432.47</ele>
      </trkpt>
      <trkpt lat="45.39183125831187" lon="22.172025935724378">
        <ele>432.76</ele>
      </trkpt>
      <trkpt lat="45.391841400414705" lon="22.172013949602842">
        <ele>433.05</ele>
      </trkpt>
      <trkpt lat="45.39184994995594" lon="22.17200305312872">
        <ele>433.33</ele>
      </trkpt>
      <trkpt lat="45.3918588347733" lon="22.171993916854262">
        <ele>433.61</ele>
      </trkpt>
      <trkpt lat="45.391870234161615" lon="22.17198209837079">
        <ele>433.89</ele>
      </trkpt>
      <trkpt lat="45.39187911897898" lon="22.171974387019873">
        <ele>434.16</ele>
      </trkpt>
      <trkpt lat="45.39188674651086" lon="22.171962149441242">
        <ele>434.43</ele>
      </trkpt>
      <trkpt lat="45.39189579896629" lon="22.171950917690992">
        <ele>434.69</ele>
      </trkpt>
      <trkpt lat="45.3919071983546" lon="22.171937339007854">
        <ele>434.96</ele>
      </trkpt>
      <trkpt lat="45.39191264659166" lon="22.171924095600843">
        <ele>435.22</ele>
      </trkpt>
      <trkpt lat="45.39191926829517" lon="22.171910936012864">
        <ele>435.47</ele>
      </trkpt>
      <trkpt lat="45.391928320750594" lon="22.171897189691663">
        <ele>435.72</ele>
      </trkpt>
      <trkpt lat="45.39193410426378" lon="22.171882688999176">
        <ele>435.97</ele>
      </trkpt>
      <trkpt lat="45.39194139651954" lon="22.1718676853925">
        <ele>436.21</ele>
      </trkpt>
      <trkpt lat="45.39195019751787" lon="22.171853771433234">
        <ele>436.46</ele>
      </trkpt>
      <trkpt lat="45.39196042343974" lon="22.171836839988828">
        <ele>436.7</ele>
      </trkpt>
      <trkpt lat="45.39196629077196" lon="22.17182175256312">
        <ele>436.94</ele>
      </trkpt>
      <trkpt lat="45.39197492413223" lon="22.17180758714676">
        <ele>437.17</ele>
      </trkpt>
      <trkpt lat="45.39198372513056" lon="22.17179928906262">
        <ele>437.4</ele>
      </trkpt>
      <trkpt lat="45.39199068211019" lon="22.171778921037912">
        <ele>437.63</ele>
      </trkpt>
      <trkpt lat="45.39199470542371" lon="22.171759139746428">
        <ele>437.85</ele>
      </trkpt>
      <trkpt lat="45.39199839346111" lon="22.17174405232072">
        <ele>438.06</ele>
      </trkpt>
      <trkpt lat="45.3920057695359" lon="22.171729635447264">
        <ele>438.28</ele>
      </trkpt>
      <trkpt lat="45.392012475058436" lon="22.1717138774693">
        <ele>438.49</ele>
      </trkpt>
      <trkpt lat="45.39202035404742" lon="22.171696610748768">
        <ele>438.7</ele>
      </trkpt>
      <trkpt lat="45.3920282330364" lon="22.17167858965695">
        <ele>438.9</ele>
      </trkpt>
      <trkpt lat="45.39203896187246" lon="22.171660903841257">
        <ele>439.1</ele>
      </trkpt>
      <trkpt lat="45.39204893633723" lon="22.17164388857782">
        <ele>439.3</ele>
      </trkpt>
      <trkpt lat="45.39205874316394" lon="22.171627124771476">
        <ele>439.49</ele>
      </trkpt>
      <trkpt lat="45.392069052904844" lon="22.171608181670308">
        <ele>439.68</ele>
      </trkpt>
      <trkpt lat="45.39207969792187" lon="22.171588400378823">
        <ele>439.87</ele>
      </trkpt>
      <trkpt lat="45.39209227077663" lon="22.171568954363465">
        <ele>440.05</ele>
      </trkpt>
      <trkpt lat="45.39210048504174" lon="22.171556130051613">
        <ele>440.23</ele>
      </trkpt>
      <trkpt lat="45.39210945367813" lon="22.171538528054953">
        <ele>440.41</ele>
      </trkpt>
      <trkpt lat="45.3921196796" lon="22.17151740565896">
        <ele>440.58</ele>
      </trkpt>
      <trkpt lat="45.39213099516928" lon="22.171502988785505">
        <ele>440.75</ele>
      </trkpt>
      <trkpt lat="45.392139963805676" lon="22.171486979350448">
        <ele>440.92</ele>
      </trkpt>
      <trkpt lat="45.39214792661369" lon="22.171468287706375">
        <ele>441.08</ele>
      </trkpt>
      <trkpt lat="45.39215915836394" lon="22.171454206109047">
        <ele>441.24</ele>
      </trkpt>
      <trkpt lat="45.39216938428581" lon="22.17144121415913">
        <ele>441.4</ele>
      </trkpt>
      <trkpt lat="45.39217776618898" lon="22.171427300199866">
        <ele>441.56</ele>
      </trkpt>
      <trkpt lat="45.392186399549246" lon="22.171412548050284">
        <ele>441.71</ele>
      </trkpt>
      <trkpt lat="45.3921973798424" lon="22.17139377258718">
        <ele>441.86</ele>
      </trkpt>
      <trkpt lat="45.392208360135555" lon="22.17137759551406">
        <ele>442.0</ele>
      </trkpt>
      <trkpt lat="45.39222034625709" lon="22.17135865241289">
        <ele>442.14</ele>
      </trkpt>
      <trkpt lat="45.392232751473784" lon="22.171341637149453">
        <ele>442.28</ele>
      </trkpt>
      <trkpt lat="45.392242055386305" lon="22.171324118971825">
        <ele>442.42</ele>
      </trkpt>
      <trkpt lat="45.39224959909916" lon="22.17130676843226">
        <ele>442.56</ele>
      </trkpt>
      <trkpt lat="45.3922594897449" lon="22.171290004625916">
        <ele>442.69</ele>
      </trkpt>
      <trkpt lat="45.3922700509429" lon="22.171274162828922">
        <ele>442.83</ele>
      </trkpt>
      <trkpt lat="45.39227985776961" lon="22.171256560832262">
        <ele>442.96</ele>
      </trkpt>
      <trkpt lat="45.39229016751051" lon="22.17123979702592">
        <ele>443.09</ele>
      </trkpt>
      <trkpt lat="45.392301147803664" lon="22.171222027391195">
        <ele>443.23</ele>
      </trkpt>
      <trkpt lat="45.3923096973449" lon="22.171204341575503">
        <ele>443.36</ele>
      </trkpt>
      <trkpt lat="45.39231766015291" lon="22.171188835054636">
        <ele>443.49</ele>
      </trkpt>
      <trkpt lat="45.39232780225575" lon="22.171171149238944">
        <ele>443.62</ele>
      </trkpt>
      <trkpt lat="45.392338782548904" lon="22.171155977994204">
        <ele>443.76</ele>
      </trkpt>
      <trkpt lat="45.3923509363085" lon="22.17114265076816">
        <ele>443.91</ele>
      </trkpt>
      <trkpt lat="45.392363760620356" lon="22.17112940736115">
        <ele>444.05</ele>
      </trkpt>
      <trkpt lat="45.39237583056092" lon="22.17111423611641">
        <ele>444.2</ele>
      </trkpt>
      <trkpt lat="45.39238806813955" lon="22.171099316328764">
        <ele>444.35</ele>
      </trkpt>
      <trkpt lat="45.3923995513469" lon="22.171081881970167">
        <ele>444.5</ele>
      </trkpt>
      <trkpt lat="45.392410196363926" lon="22.171064112335443">
        <ele>444.64</ele>
      </trkpt>
      <trkpt lat="45.39241908118129" lon="22.171045001596212">
        <ele>444.79</ele>
      </trkpt>
      <trkpt lat="45.39242989383638" lon="22.17102966271341">
        <ele>444.94</ele>
      </trkpt>
      <trkpt lat="45.392441460862756" lon="22.171012982726097">
        <ele>445.09</ele>
      </trkpt>
      <trkpt lat="45.39245336316526" lon="22.17099353671074">
        <ele>445.24</ele>
      </trkpt>
      <trkpt lat="45.39246551692486" lon="22.17097409069538">
        <ele>445.39</ele>
      </trkpt>
      <trkpt lat="45.39247683249414" lon="22.170957326889038">
        <ele>445.53</ele>
      </trkpt>
      <trkpt lat="45.392487812787294" lon="22.170939221978188">
        <ele>445.68</ele>
      </trkpt>
      <trkpt lat="45.39249896071851" lon="22.17092321254313">
        <ele>445.82</ele>
      </trkpt>
      <trkpt lat="45.39250927045941" lon="22.17090309597552">
        <ele>445.97</ele>
      </trkpt>
      <trkpt lat="45.392518658190966" lon="22.17088515870273">
        <ele>446.11</ele>
      </trkpt>
      <trkpt lat="45.39252653717995" lon="22.170867808163166">
        <ele>446.26</ele>
      </trkpt>
      <trkpt lat="45.3925377689302" lon="22.170849703252316">
        <ele>446.4</ele>
      </trkpt>
      <trkpt lat="45.39254724048078" lon="22.1708279941231">
        <ele>446.55</ele>
      </trkpt>
      <trkpt lat="45.39255486801267" lon="22.17080502770841">
        <ele>446.71</ele>
      </trkpt>
      <trkpt lat="45.39256241172552" lon="22.1707814745605">
        <ele>446.86</ele>
      </trkpt>
      <trkpt lat="45.392569452524185" lon="22.170762280002236">
        <ele>447.02</ele>
      </trkpt>
      <trkpt lat="45.39257699623704" lon="22.17074484564364">
        <ele>447.17</ele>
      </trkpt>
      <trkpt lat="45.39258336648345" lon="22.170723974704742">
        <ele>447.32</ele>
      </trkpt>
      <trkpt lat="45.392590407282114" lon="22.170701259747148">
        <ele>447.48</ele>
      </trkpt>
      <trkpt lat="45.39259744808078" lon="22.170681059360504">
        <ele>447.63</ele>
      </trkpt>
      <trkpt lat="45.39260348305106" lon="22.170657254755497">
        <ele>447.79</ele>
      </trkpt>
      <trkpt lat="45.3926101885736" lon="22.170636635273695">
        <ele>447.94</ele>
      </trkpt>
      <trkpt lat="45.39261672645807" lon="22.170616267248988">
        <ele>448.1</ele>
      </trkpt>
      <trkpt lat="45.39262359961867" lon="22.170596988871694">
        <ele>448.26</ele>
      </trkpt>
      <trkpt lat="45.39263038896024" lon="22.170576537027955">
        <ele>448.42</ele>
      </trkpt>
      <trkpt lat="45.392636340111494" lon="22.17055717483163">
        <ele>448.58</ele>
      </trkpt>
      <trkpt lat="45.392640782520175" lon="22.17053714208305">
        <ele>448.74</ele>
      </trkpt>
      <trkpt lat="45.392646146938205" lon="22.170515852048993">
        <ele>448.91</ele>
      </trkpt>
      <trkpt lat="45.392651008442044" lon="22.170494310557842">
        <ele>449.08</ele>
      </trkpt>
      <trkpt lat="45.392657881602645" lon="22.170475032180548">
        <ele>449.24</ele>
      </trkpt>
      <trkpt lat="45.392664251849055" lon="22.17045516707003">
        <ele>449.41</ele>
      </trkpt>
      <trkpt lat="45.39267246611416" lon="22.17043463140726">
        <ele>449.58</ele>
      </trkpt>
      <trkpt lat="45.39267967455089" lon="22.170415269210935">
        <ele>449.76</ele>
      </trkpt>
      <trkpt lat="45.39268294349313" lon="22.170395404100418">
        <ele>449.93</ele>
      </trkpt>
      <trkpt lat="45.392687888816" lon="22.17037495225668">
        <ele>450.1</ele>
      </trkpt>
      <trkpt lat="45.39269618690014" lon="22.17035785317421">
        <ele>450.27</ele>
      </trkpt>
      <trkpt lat="45.392705323174596" lon="22.170343855395913">
        <ele>450.45</ele>
      </trkpt>
      <trkpt lat="45.392714040353894" lon="22.17032860033214">
        <ele>450.63</ele>
      </trkpt>
      <trkpt lat="45.39272133260965" lon="22.170312590897083">
        <ele>450.81</ele>
      </trkpt>
      <trkpt lat="45.392729295417666" lon="22.17029834166169">
        <ele>450.99</ele>
      </trkpt>
      <trkpt lat="45.39273767732084" lon="22.17028216458857">
        <ele>451.17</ele>
      </trkpt>
      <trkpt lat="45.39274304173887" lon="22.170265819877386">
        <ele>451.35</ele>
      </trkpt>
      <trkpt lat="45.39275108836591" lon="22.170252241194248">
        <ele>451.53</ele>
      </trkpt>
      <trkpt lat="45.39276139810681" lon="22.17023958452046">
        <ele>451.71</ele>
      </trkpt>
      <trkpt lat="45.39277112111449" lon="22.170226341113448">
        <ele>451.89</ele>
      </trkpt>
      <trkpt lat="45.39277992211282" lon="22.170210666954517">
        <ele>452.08</ele>
      </trkpt>
      <trkpt lat="45.39278721436858" lon="22.170196501538157">
        <ele>452.26</ele>
      </trkpt>
      <trkpt lat="45.39279685355723" lon="22.170182671397924">
        <ele>452.45</ele>
      </trkpt>
      <trkpt lat="45.39280389435589" lon="22.17016632668674">
        <ele>452.64</ele>
      </trkpt>
      <trkpt lat="45.39281043224037" lon="22.17015224508941">
        <ele>452.83</ele>
      </trkpt>
      <trkpt lat="45.39281730540097" lon="22.170138834044337">
        <ele>453.03</ele>
      </trkpt>
      <trkpt lat="45.39282468147576" lon="22.17012575827539">
        <ele>453.22</ele>
      </trkpt>
      <trkpt lat="45.39283004589379" lon="22.17011016793549">
        <ele>453.41</ele>
      </trkpt>
      <trkpt lat="45.39283440448344" lon="22.170089380815625">
        <ele>453.61</ele>
      </trkpt>
      <trkpt lat="45.39283784106374" lon="22.170070353895426">
        <ele>453.81</ele>
      </trkpt>
      <trkpt lat="45.392842534929514" lon="22.170051662251353">
        <ele>454.01</ele>
      </trkpt>
      <trkpt lat="45.39284580387175" lon="22.170031210407615">
        <ele>454.21</ele>
      </trkpt>
      <trkpt lat="45.392848486080766" lon="22.17000857926905">
        <ele>454.41</ele>
      </trkpt>
      <trkpt lat="45.39285033009946" lon="22.169986618682742">
        <ele>454.61</ele>
      </trkpt>
      <trkpt lat="45.39285250939429" lon="22.169966585934162">
        <ele>454.81</ele>
      </trkpt>
      <trkpt lat="45.39285460487008" lon="22.169947642832994">
        <ele>455.01</ele>
      </trkpt>
      <trkpt lat="45.392855359241366" lon="22.169928951188922">
        <ele>455.21</ele>
      </trkpt>
      <trkpt lat="45.39285586215556" lon="22.169910008087754">
        <ele>455.41</ele>
      </trkpt>
      <trkpt lat="45.392857035622" lon="22.169889388605952">
        <ele>455.61</ele>
      </trkpt>
      <trkpt lat="45.39285846054554" lon="22.16986927203834">
        <ele>455.81</ele>
      </trkpt>
      <trkpt lat="45.39285955019295" lon="22.169846892356873">
        <ele>456.01</ele>
      </trkpt>
      <trkpt lat="45.392862567678094" lon="22.169824093580246">
        <ele>456.2</ele>
      </trkpt>
      <trkpt lat="45.39286382496357" lon="22.169802635908127">
        <ele>456.4</ele>
      </trkpt>
      <trkpt lat="45.392864076420665" lon="22.16978235170245">
        <ele>456.6</ele>
      </trkpt>
      <trkpt lat="45.3928641602397" lon="22.16976961120963">
        <ele>456.79</ele>
      </trkpt>
      <trkpt lat="45.392863154411316" lon="22.16974756680429">
        <ele>456.98</ele>
      </trkpt>
      <trkpt lat="45.39286298677325" lon="22.169729126617312">
        <ele>457.17</ele>
      </trkpt>
      <trkpt lat="45.392865501344204" lon="22.169710686430335">
        <ele>457.36</ele>
      </trkpt>
      <trkpt lat="45.392867932096124" lon="22.1696918271482">
        <ele>457.55</ele>
      </trkpt>
      <trkpt lat="45.39286818355322" lon="22.169672213494778">
        <ele>457.73</ele>
      </trkpt>
      <trkpt lat="45.392869524657726" lon="22.169651510193944">
        <ele>457.92</ele>
      </trkpt>
      <trkpt lat="45.392872458323836" lon="22.169629465788603">
        <ele>458.1</ele>
      </trkpt>
      <trkpt lat="45.392871871590614" lon="22.169609600678086">
        <ele>458.28</ele>
      </trkpt>
      <trkpt lat="45.392873883247375" lon="22.169590573757887">
        <ele>458.46</ele>
      </trkpt>
      <trkpt lat="45.39287698455155" lon="22.16957515105605">
        <ele>458.63</ele>
      </trkpt>
      <trkpt lat="45.39287933148444" lon="22.1695604827255">
        <ele>458.8</ele>
      </trkpt>
      <trkpt lat="45.39288570173085" lon="22.169543299824">
        <ele>458.98</ele>
      </trkpt>
      <trkpt lat="45.39289232343435" lon="22.169526368379593">
        <ele>459.15</ele>
      </trkpt>
      <trkpt lat="45.392896765843034" lon="22.169510442763567">
        <ele>459.32</ele>
      </trkpt>
      <trkpt lat="45.392905063927174" lon="22.16949694789946">
        <ele>459.48</ele>
      </trkpt>
      <trkpt lat="45.39291612803936" lon="22.169482866302133">
        <ele>459.65</ele>
      </trkpt>
      <trkpt lat="45.39292434230447" lon="22.169469203799963">
        <ele>459.82</ele>
      </trkpt>
      <trkpt lat="45.392930544912815" lon="22.169454032555223">
        <ele>459.98</ele>
      </trkpt>
      <trkpt lat="45.392934987321496" lon="22.169440872967243">
        <ele>460.15</ele>
      </trkpt>
      <trkpt lat="45.39293968118727" lon="22.169427629560232">
        <ele>460.31</ele>
      </trkpt>
      <trkpt lat="45.39294286631048" lon="22.169412123039365">
        <ele>460.47</ele>
      </trkpt>
      <trkpt lat="45.392944207414985" lon="22.169395862147212">
        <ele>460.63</ele>
      </trkpt>
      <trkpt lat="45.39294647052884" lon="22.169376416131854">
        <ele>460.79</ele>
      </trkpt>
      <trkpt lat="45.392946721985936" lon="22.169354120269418">
        <ele>460.96</ele>
      </trkpt>
      <trkpt lat="45.39294705726206" lon="22.169333081692457">
        <ele>461.12</ele>
      </trkpt>
      <trkpt lat="45.39294881746173" lon="22.169309528544545">
        <ele>461.27</ele>
      </trkpt>
      <trkpt lat="45.392952086403966" lon="22.16928530484438">
        <ele>461.44</ele>
      </trkpt>
      <trkpt lat="45.392952002584934" lon="22.169262254610658">
        <ele>461.59</ele>
      </trkpt>
      <trkpt lat="45.39294781163335" lon="22.1692375279963">
        <ele>461.75</ele>
      </trkpt>
      <trkpt lat="45.392944207414985" lon="22.16921548359096">
        <ele>461.91</ele>
      </trkpt>
      <trkpt lat="45.39294253103435" lon="22.169194193556905">
        <ele>462.07</ele>
      </trkpt>
      <trkpt lat="45.39294093847275" lon="22.169171227142215">
        <ele>462.23</ele>
      </trkpt>
      <trkpt lat="45.39293599314988" lon="22.16914800927043">
        <ele>462.39</ele>
      </trkpt>
      <trkpt lat="45.392930041998625" lon="22.169128647074103">
        <ele>462.55</ele>
      </trkpt>
      <trkpt lat="45.392926689237356" lon="22.16910752467811">
        <ele>462.72</ele>
      </trkpt>
      <trkpt lat="45.39292249828577" lon="22.16908841393888">
        <ele>462.88</ele>
      </trkpt>
      <trkpt lat="45.39292006753385" lon="22.16906846500933">
        <ele>463.05</ele>
      </trkpt>
      <trkpt lat="45.39291646331549" lon="22.16904683969915">
        <ele>463.23</ele>
      </trkpt>
      <trkpt lat="45.392914870753884" lon="22.169030075892806">
        <ele>463.41</ele>
      </trkpt>
      <trkpt lat="45.392912942916155" lon="22.16900048777461">
        <ele>463.6</ele>
      </trkpt>
      <trkpt lat="45.392907578498125" lon="22.16897802427411">
        <ele>463.79</ele>
      </trkpt>
      <trkpt lat="45.39289995096624" lon="22.168958159163594">
        <ele>463.98</ele>
      </trkpt>
      <trkpt lat="45.39289232343435" lon="22.168939551338553">
        <ele>464.17</ele>
      </trkpt>
      <trkpt lat="45.39288813248277" lon="22.168919518589973">
        <ele>464.36</ele>
      </trkpt>
      <trkpt lat="45.39288301952183" lon="22.168897222727537">
        <ele>464.56</ele>
      </trkpt>
      <trkpt lat="45.3928779065609" lon="22.168872747570276">
        <ele>464.77</ele>
      </trkpt>
      <trkpt lat="45.39287069812417" lon="22.168845338746905">
        <ele>464.98</ele>
      </trkpt>
      <trkpt lat="45.392862064763904" lon="22.16881675645709">
        <ele>465.19</ele>
      </trkpt>
      <trkpt lat="45.39285301230848" lon="22.168788006529212">
        <ele>465.4</ele>
      </trkpt>
      <trkpt lat="45.39284178055823" lon="22.16875900514424">
        <ele>465.62</ele>
      </trkpt>
      <trkpt lat="45.39283147081733" lon="22.168730003759265">
        <ele>465.84</ele>
      </trkpt>
      <trkpt lat="45.392823005095124" lon="22.16869949363172">
        <ele>466.07</ele>
      </trkpt>
      <trkpt lat="45.39281562902033" lon="22.168669821694493">
        <ele>466.29</ele>
      </trkpt>
      <trkpt lat="45.39280909113586" lon="22.168639060109854">
        <ele>466.53</ele>
      </trkpt>
      <trkpt lat="45.39280129596591" lon="22.16861106455326">
        <ele>466.76</ele>
      </trkpt>
      <trkpt lat="45.39279400371015" lon="22.168582314625382">
        <ele>466.99</ele>
      </trkpt>
      <trkpt lat="45.39278914220631" lon="22.168556498363614">
        <ele>467.23</ele>
      </trkpt>
      <trkpt lat="45.39278553798795" lon="22.168532945215702">
        <ele>467.47</ele>
      </trkpt>
      <trkpt lat="45.392783442512155" lon="22.168507128953934">
        <ele>467.71</ele>
      </trkpt>
      <trkpt lat="45.39278168231249" lon="22.168483240529895">
        <ele>467.96</ele>
      </trkpt>
      <trkpt lat="45.39278034120798" lon="22.168464297428727">
        <ele>468.2</ele>
      </trkpt>
      <trkpt lat="45.39278076030314" lon="22.168443258851767">
        <ele>468.45</ele>
      </trkpt>
      <trkpt lat="45.39278226904571" lon="22.168422220274806">
        <ele>468.7</ele>
      </trkpt>
      <trkpt lat="45.392783945426345" lon="22.168400175869465">
        <ele>468.95</ele>
      </trkpt>
      <trkpt lat="45.3927846159786" lon="22.168375868350267">
        <ele>469.2</ele>
      </trkpt>
      <trkpt lat="45.39278453215957" lon="22.168351393193007">
        <ele>469.46</ele>
      </trkpt>
      <trkpt lat="45.392787382006645" lon="22.16832859441638">
        <ele>469.72</ele>
      </trkpt>
      <trkpt lat="45.39279249496758" lon="22.16830864548683">
        <ele>469.97</ele>
      </trkpt>
      <trkpt lat="45.39279534481466" lon="22.168289786204696">
        <ele>470.23</ele>
      </trkpt>
      <trkpt lat="45.392796602100134" lon="22.168271178379655">
        <ele>470.49</ele>
      </trkpt>
      <trkpt lat="45.39279936812818" lon="22.16825474984944">
        <ele>470.76</ele>
      </trkpt>
      <trkpt lat="45.39280146360397" lon="22.16823815368116">
        <ele>471.02</ele>
      </trkpt>
      <trkpt lat="45.392802553251386" lon="22.16822256334126">
        <ele>471.28</ele>
      </trkpt>
      <trkpt lat="45.392805989831686" lon="22.168207643553615">
        <ele>471.54</ele>
      </trkpt>
      <trkpt lat="45.39281252771616" lon="22.168191466480494">
        <ele>471.8</ele>
      </trkpt>
      <trkpt lat="45.392817724496126" lon="22.168174283578992">
        <ele>472.07</ele>
      </trkpt>
      <trkpt lat="45.39282292127609" lon="22.16815710067749">
        <ele>472.34</ele>
      </trkpt>
      <trkpt lat="45.39282912388444" lon="22.168139247223735">
        <ele>472.6</ele>
      </trkpt>
      <trkpt lat="45.39283465594053" lon="22.168117873370647">
        <ele>472.87</ele>
      </trkpt>
      <trkpt lat="45.39283901453018" lon="22.168098175898194">
        <ele>473.14</ele>
      </trkpt>
      <trkpt lat="45.39284563623369" lon="22.168078813701868">
        <ele>473.41</ele>
      </trkpt>
      <trkpt lat="45.392851922661066" lon="22.168062636628747">
        <ele>473.69</ele>
      </trkpt>
      <trkpt lat="45.39285929873586" lon="22.16804478317499">
        <ele>473.96</ele>
      </trkpt>
      <trkpt lat="45.39286969229579" lon="22.168027432635427">
        <ele>474.24</ele>
      </trkpt>
      <trkpt lat="45.3928794991225" lon="22.168012177571654">
        <ele>474.51</ele>
      </trkpt>
      <trkpt lat="45.392888551577926" lon="22.167997509241104">
        <ele>474.79</ele>
      </trkpt>
      <trkpt lat="45.392895843833685" lon="22.1679821703583">
        <ele>475.06</ele>
      </trkpt>
      <trkpt lat="45.392902633175254" lon="22.16796599328518">
        <ele>475.34</ele>
      </trkpt>
      <trkpt lat="45.392912523820996" lon="22.167950235307217">
        <ele>475.62</ele>
      </trkpt>
      <trkpt lat="45.392922163009644" lon="22.167932465672493">
        <ele>475.89</ele>
      </trkpt>
      <trkpt lat="45.39293012581766" lon="22.16791570186615">
        <ele>476.16</ele>
      </trkpt>
      <trkpt lat="45.3929381724447" lon="22.16789809986949">
        <ele>476.43</ele>
      </trkpt>
      <trkpt lat="45.39294697344303" lon="22.167876223102212">
        <ele>476.7</ele>
      </trkpt>
      <trkpt lat="45.392955942079425" lon="22.1678561065346">
        <ele>476.97</ele>
      </trkpt>
      <trkpt lat="45.39296356961131" lon="22.167837414890528">
        <ele>477.24</ele>
      </trkpt>
      <trkpt lat="45.39296977221966" lon="22.167816711589694">
        <ele>477.51</ele>
      </trkpt>
      <trkpt lat="45.392977399751544" lon="22.167794667184353">
        <ele>477.77</ele>
      </trkpt>
      <trkpt lat="45.3929849434644" lon="22.167772287502885">
        <ele>478.03</ele>
      </trkpt>
      <trkpt lat="45.39299030788243" lon="22.16774756088853">
        <ele>478.29</ele>
      </trkpt>
      <trkpt lat="45.392995588481426" lon="22.16772459447384">
        <ele>478.54</ele>
      </trkpt>
      <trkpt lat="45.392997432500124" lon="22.16770271770656">
        <ele>478.79</ele>
      </trkpt>
      <trkpt lat="45.39299718104303" lon="22.16767916455865">
        <ele>479.03</ele>
      </trkpt>
      <trkpt lat="45.3929986897856" lon="22.167651252821088">
        <ele>479.26</ele>
      </trkpt>
      <trkpt lat="45.39300011470914" lon="22.167622335255146">
        <ele>479.5</ele>
      </trkpt>
      <trkpt lat="45.39300204254687" lon="22.16759668663144">
        <ele>479.73</ele>
      </trkpt>
      <trkpt lat="45.39300455711782" lon="22.167577408254147">
        <ele>479.95</ele>
      </trkpt>
      <trkpt lat="45.39300941862166" lon="22.16755804605782">
        <ele>480.16</ele>
      </trkpt>
      <trkpt lat="45.39301126264036" lon="22.167532984167337">
        <ele>480.37</ele>
      </trkpt>
      <trkpt lat="45.39300858043134" lon="22.16750524006784">
        <ele>480.57</ele>
      </trkpt>
      <trkpt lat="45.3930055629462" lon="22.1674779150635">
        <ele>480.77</ele>
      </trkpt>
      <trkpt lat="45.39300413802266" lon="22.167448243126273">
        <ele>480.96</ele>
      </trkpt>
      <trkpt lat="45.39300179108977" lon="22.167416978627443">
        <ele>481.14</ele>
      </trkpt>
      <trkpt lat="45.39299768395722" lon="22.167387809604406">
        <ele>481.31</ele>
      </trkpt>
      <trkpt lat="45.39299315772951" lon="22.16735520400107">
        <ele>481.47</ele>
      </trkpt>
      <trkpt lat="45.392990643158555" lon="22.167320754379034">
        <ele>481.63</ele>
      </trkpt>
      <trkpt lat="45.39298594929278" lon="22.167289154604077">
        <ele>481.77</ele>
      </trkpt>
      <trkpt lat="45.39297957904637" lon="22.16725646518171">
        <ele>481.91</ele>
      </trkpt>
      <trkpt lat="45.392975052818656" lon="22.167226038873196">
        <ele>482.04</ele>
      </trkpt>
      <trkpt lat="45.39296658709645" lon="22.167194355279207">
        <ele>482.17</ele>
      </trkpt>
      <trkpt lat="45.39295862428844" lon="22.167163509875536">
        <ele>482.29</ele>
      </trkpt>
      <trkpt lat="45.39294898509979" lon="22.1671343408525">
        <ele>482.4</ele>
      </trkpt>
      <trkpt lat="45.39293951354921" lon="22.167105758562684">
        <ele>482.5</ele>
      </trkpt>
      <trkpt lat="45.39293188601732" lon="22.167075499892235">
        <ele>482.61</ele>
      </trkpt>
      <trkpt lat="45.392924677580595" lon="22.167046247050166">
        <ele>482.71</ele>
      </trkpt>
      <trkpt lat="45.3929157089442" lon="22.167017832398415">
        <ele>482.8</ele>
      </trkpt>
      <trkpt lat="45.39290472865105" lon="22.16699218377471">
        <ele>482.89</ele>
      </trkpt>
      <trkpt lat="45.39289425127208" lon="22.166968127712607">
        <ele>482.97</ele>
      </trkpt>
      <trkpt lat="45.392884109169245" lon="22.166942982003093">
        <ele>483.05</ele>
      </trkpt>
      <trkpt lat="45.39284622296691" lon="22.166871149092913">
        <ele>483.13</ele>
      </trkpt>
      <trkpt lat="45.3928345721215" lon="22.166845919564366">
        <ele>483.2</ele>
      </trkpt>
      <trkpt lat="45.39279777556658" lon="22.166769644245505">
        <ele>483.27</ele>
      </trkpt>
      <trkpt lat="45.3927846159786" lon="22.166746510192752">
        <ele>483.33</ele>
      </trkpt>
      <trkpt lat="45.39277154020965" lon="22.16672438196838">
        <ele>483.39</ele>
      </trkpt>
      <trkpt lat="45.39276064373553" lon="22.166702337563038">
        <ele>483.45</ele>
      </trkpt>
      <trkpt lat="45.392753686755896" lon="22.166678700596094">
        <ele>483.51</ele>
      </trkpt>
      <trkpt lat="45.3927465621382" lon="22.16665363870561">
        <ele>483.57</ele>
      </trkpt>
      <trkpt lat="45.39273767732084" lon="22.166630337014794">
        <ele>483.63</ele>
      </trkpt>
      <trkpt lat="45.392727786675096" lon="22.16660904698074">
        <ele>483.68</ele>
      </trkpt>
      <trkpt lat="45.39271638728678" lon="22.166586834937334">
        <ele>483.73</ele>
      </trkpt>
      <trkpt lat="45.39270414970815" lon="22.166563784703612">
        <ele>483.78</ele>
      </trkpt>
      <trkpt lat="45.39269492961466" lon="22.16653821989894">
        <ele>483.84</ele>
      </trkpt>
      <trkpt lat="45.39268545806408" lon="22.166514163836837">
        <ele>483.89</ele>
      </trkpt>
      <trkpt lat="45.39267539978027" lon="22.16648985631764">
        <ele>483.94</ele>
      </trkpt>
      <trkpt lat="45.39266643114388" lon="22.166467728093266">
        <ele>483.99</ele>
      </trkpt>
      <trkpt lat="45.39265704341233" lon="22.166444174945354">
        <ele>484.04</ele>
      </trkpt>
      <trkpt lat="45.39264949969947" lon="22.166420705616474">
        <ele>484.09</ele>
      </trkpt>
      <trkpt lat="45.39264162071049" lon="22.16639757156372">
        <ele>484.14</ele>
      </trkpt>
      <trkpt lat="45.39263273589313" lon="22.166374940425158">
        <ele>484.19</ele>
      </trkpt>
      <trkpt lat="45.3926223423332" lon="22.166350465267897">
        <ele>484.25</ele>
      </trkpt>
      <trkpt lat="45.39261136204004" lon="22.166323391720653">
        <ele>484.31</ele>
      </trkpt>
      <trkpt lat="45.39259937591851" lon="22.166295144706964">
        <ele>484.36</ele>
      </trkpt>
      <trkpt lat="45.39258873090148" lon="22.166268406435847">
        <ele>484.43</ele>
      </trkpt>
      <trkpt lat="45.39257850497961" lon="22.166238147765398">
        <ele>484.49</ele>
      </trkpt>
      <trkpt lat="45.39256962016225" lon="22.166204871609807">
        <ele>484.56</ele>
      </trkpt>
      <trkpt lat="45.392559226602316" lon="22.16617033816874">
        <ele>484.63</ele>
      </trkpt>
      <trkpt lat="45.39254765957594" lon="22.16613027267158">
        <ele>484.7</ele>
      </trkpt>
      <trkpt lat="45.39253693073988" lon="22.16608769260347">
        <ele>484.78</ele>
      </trkpt>
      <trkpt lat="45.39252611808479" lon="22.16604528017342">
        <ele>484.86</ele>
      </trkpt>
      <trkpt lat="45.392516227439046" lon="22.166000436991453">
        <ele>484.94</ele>
      </trkpt>
      <trkpt lat="45.39250927045941" lon="22.165952743962407">
        <ele>485.02</ele>
      </trkpt>
      <trkpt lat="45.39250273257494" lon="22.165904631838202">
        <ele>485.11</ele>
      </trkpt>
      <trkpt lat="45.39249493740499" lon="22.16585266403854">
        <ele>485.2</ele>
      </trkpt>
      <trkpt lat="45.392487896606326" lon="22.16579365544021">
        <ele>485.3</ele>
      </trkpt>
      <trkpt lat="45.39247943088412" lon="22.16573196463287">
        <ele>485.39</ele>
      </trkpt>
      <trkpt lat="45.39247088134289" lon="22.16566516086459">
        <ele>485.48</ele>
      </trkpt>
      <trkpt lat="45.392463421449065" lon="22.165593998506665">
        <ele>485.58</ele>
      </trkpt>
      <trkpt lat="45.39245277643204" lon="22.165515460073948">
        <ele>485.67</ele>
      </trkpt>
      <trkpt lat="45.39243928156793" lon="22.165429880842566">
        <ele>485.77</ele>
      </trkpt>
      <trkpt lat="45.39242226630449" lon="22.165340026840568">
        <ele>485.87</ele>
      </trkpt>
      <trkpt lat="45.39240634068847" lon="22.16525218449533">
        <ele>485.98</ele>
      </trkpt>
      <trkpt lat="45.39238974452019" lon="22.165170209482312">
        <ele>486.09</ele>
      </trkpt>
      <trkpt lat="45.39237624965608" lon="22.165097538381815">
        <ele>486.21</ele>
      </trkpt>
      <trkpt lat="45.392371555790305" lon="22.165034590288997">
        <ele>486.34</ele>
      </trkpt>
      <trkpt lat="45.39237624965608" lon="22.164980778470635">
        <ele>486.47</ele>
      </trkpt>
      <trkpt lat="45.39238982833922" lon="22.164939455688">
        <ele>486.61</ele>
      </trkpt>
      <trkpt lat="45.39240810088813" lon="22.164919758215547">
        <ele>486.76</ele>
      </trkpt>
      <trkpt lat="45.392426205798984" lon="22.16491984203458">
        <ele>486.92</ele>
      </trkpt>
      <trkpt lat="45.3924442268908" lon="22.164931744337082">
        <ele>487.08</ele>
      </trkpt>
      <trkpt lat="45.392462499439716" lon="22.164947083219886">
        <ele>487.25</ele>
      </trkpt>
      <trkpt lat="45.39247917942703" lon="22.16496971435845">
        <ele>487.41</ele>
      </trkpt>
      <trkpt lat="45.3925153054297" lon="22.165020843967795">
        <ele>487.58</ele>
      </trkpt>
      <trkpt lat="45.392628544941545" lon="22.165183201432228">
        <ele>487.77</ele>
      </trkpt>
      <trkpt lat="45.39266743697226" lon="22.16523416340351">
        <ele>487.94</ele>
      </trkpt>
      <trkpt lat="45.39272979833186" lon="22.165306247770786">
        <ele>488.1</ele>
      </trkpt>
      <trkpt lat="45.39277195930481" lon="22.165344217792153">
        <ele>488.24</ele>
      </trkpt>
      <trkpt lat="45.39279542863369" lon="22.165362406522036">
        <ele>488.38</ele>
      </trkpt>
      <trkpt lat="45.39284178055823" lon="22.165401466190815">
        <ele>488.51</ele>
      </trkpt>
      <trkpt lat="45.39288687519729" lon="22.16543893329799">
        <ele>488.63</ele>
      </trkpt>
      <trkpt lat="45.392953008413315" lon="22.165493331849575">
        <ele>488.73</ele>
      </trkpt>
      <trkpt lat="45.39297488518059" lon="22.165508838370442">
        <ele>488.81</ele>
      </trkpt>
      <trkpt lat="45.39299609139562" lon="22.165521075949073">
        <ele>488.87</ele>
      </trkpt>
      <trkpt lat="45.39301788434386" lon="22.165534319356084">
        <ele>488.91</ele>
      </trkpt>
      <trkpt lat="45.393037078902125" lon="22.16555275954306">
        <ele>488.93</ele>
      </trkpt>
      <trkpt lat="45.393069265410304" lon="22.165585700422525">
        <ele>488.92</ele>
      </trkpt>
      <trkpt lat="45.393083933740854" lon="22.165599362924695">
        <ele>488.88</ele>
      </trkpt>
      <trkpt lat="45.39310086518526" lon="22.16561134904623">
        <ele>488.82</ele>
      </trkpt>
      <trkpt lat="45.39311653934419" lon="22.16562350280583">
        <ele>488.73</ele>
      </trkpt>
      <trkpt lat="45.39313053712249" lon="22.165637835860252">
        <ele>488.61</ele>
      </trkpt>
      <trkpt lat="45.3931593708694" lon="22.16567530296743">
        <ele>488.47</ele>
      </trkpt>
      <trkpt lat="45.39317663758993" lon="22.165697095915675">
        <ele>488.3</ele>
      </trkpt>
      <trkpt lat="45.393193485215306" lon="22.16571930795908">
        <ele>488.09</ele>
      </trkpt>
      <trkpt lat="45.39320974610746" lon="22.165739592164755">
        <ele>487.85</ele>
      </trkpt>
      <trkpt lat="45.39322399534285" lon="22.165755685418844">
        <ele>487.58</ele>
      </trkpt>
      <trkpt lat="45.393234472721815" lon="22.165766581892967">
        <ele>487.28</ele>
      </trkpt>
      <trkpt lat="45.393238915130496" lon="22.165771862491965">
        <ele>486.94</ele>
      </trkpt>
      <trkpt lat="45.39329968392849" lon="22.165818717330694">
        <ele>486.56</ele>
      </trkpt>
      <trkpt lat="45.39331577718258" lon="22.165845539420843">
        <ele>486.16</ele>
      </trkpt>
      <trkpt lat="45.393336145207286" lon="22.165876552462578">
        <ele>485.72</ele>
      </trkpt>
      <trkpt lat="45.39336908608675" lon="22.165910499170423">
        <ele>485.24</ele>
      </trkpt>
      <trkpt lat="45.393409822136164" lon="22.16594846919179">
        <ele>484.73</ele>
      </trkpt>
      <trkpt lat="45.393508644774556" lon="22.166023151949048">
        <ele>484.18</ele>
      </trkpt>
      <trkpt lat="45.393620040267706" lon="22.166090877726674">
        <ele>483.59</ele>
      </trkpt>
      <trkpt lat="45.39373311214149" lon="22.166141755878925">
        <ele>482.96</ele>
      </trkpt>
      <trkpt lat="45.393787175416946" lon="22.166165644302964">
        <ele>482.32</ele>
      </trkpt>
      <trkpt lat="45.39383956231177" lon="22.16619037091732">
        <ele>481.65</ele>
      </trkpt>
      <trkpt lat="45.393889686092734" lon="22.16622021049261">
        <ele>480.95</ele>
      </trkpt>
      <trkpt lat="45.39393872022629" lon="22.166253151372075">
        <ele>480.23</ele>
      </trkpt>
      <trkpt lat="45.39398624561727" lon="22.166287349537015">
        <ele>479.49</ele>
      </trkpt>
      <trkpt lat="45.39419302716851" lon="22.166446018964052">
        <ele>478.58</ele>
      </trkpt>
      <trkpt lat="45.394314397126436" lon="22.166554061695933">
        <ele>477.71</ele>
      </trkpt>
      <trkpt lat="45.39437944069505" lon="22.1666179317981">
        <ele>476.88</ele>
      </trkpt>
      <trkpt lat="45.394601644948125" lon="22.166845332831144">
        <ele>475.95</ele>
      </trkpt>
      <trkpt lat="45.394775066524744" lon="22.167019173502922">
        <ele>475.09</ele>
      </trkpt>
      <trkpt lat="45.39485779590905" lon="22.167109614238143">
        <ele>474.27</ele>
      </trkpt>
      <trkpt lat="45.394932478666306" lon="22.167210783809423">
        <ele>473.46</ele>
      </trkpt>
      <trkpt lat="45.39499182254076" lon="22.167328968644142">
        <ele>472.66</ele>
      </trkpt>
      <trkpt lat="45.39504370652139" lon="22.16744807548821">
        <ele>471.86</ele>
      </trkpt>
      <trkpt lat="45.39509927853942" lon="22.16755955480039">
        <ele>471.06</ele>
      </trkpt>
      <trkpt lat="45.39516004733741" lon="22.167661227285862">
        <ele>470.27</ele>
      </trkpt>
      <trkpt lat="45.3952229116112" lon="22.167755775153637">
        <ele>469.47</ele>
      </trkpt>
      <trkpt lat="45.39528560824692" lon="22.167848981916904">
        <ele>468.68</ele>
      </trkpt>
      <trkpt lat="45.39535040035844" lon="22.167933890596032">
        <ele>467.9</ele>
      </trkpt>
      <trkpt lat="45.39541561156511" lon="22.16801200993359">
        <ele>467.13</ele>
      </trkpt>
      <trkpt lat="45.39547864347696" lon="22.168082585558295">
        <ele>466.38</ele>
      </trkpt>
      <trkpt lat="45.39553924463689" lon="22.168141175061464">
        <ele>465.63</ele>
      </trkpt>
      <trkpt lat="45.39560202509165" lon="22.16819414868951">
        <ele>464.92</ele>
      </trkpt>
      <trkpt lat="45.39566463790834" lon="22.1682411711663">
        <ele>464.21</ele>
      </trkpt>
      <trkpt lat="45.3957253228873" lon="22.168280063197017">
        <ele>463.49</ele>
      </trkpt>
      <trkpt lat="45.395780224353075" lon="22.168315602466464">
        <ele>462.78</ele>
      </trkpt>
      <trkpt lat="45.39583453908563" lon="22.16835114173591">
        <ele>462.06</ele>
      </trkpt>
      <trkpt lat="45.39588633924723" lon="22.168383914977312">
        <ele>461.34</ele>
      </trkpt>
      <trkpt lat="45.39593470282853" lon="22.168412413448095">
        <ele>460.62</ele>
      </trkpt>
      <trkpt lat="45.39598046801984" lon="22.168442169204354">
        <ele>459.9</ele>
      </trkpt>
      <trkpt lat="45.396026987582445" lon="22.168474104255438">
        <ele>459.18</ele>
      </trkpt>
      <trkpt lat="45.396073339506984" lon="22.168510062620044">
        <ele>458.47</ele>
      </trkpt>
      <trkpt lat="45.39611625485122" lon="22.16854937374592">
        <ele>457.73</ele>
      </trkpt>
      <trkpt lat="45.39615271613002" lon="22.16859639622271">
        <ele>456.99</ele>
      </trkpt>
      <trkpt lat="45.39618884213269" lon="22.168641574680805">
        <ele>456.25</ele>
      </trkpt>
      <trkpt lat="45.39622697979212" lon="22.16869463212788">
        <ele>455.51</ele>
      </trkpt>
      <trkpt lat="45.39629654958844" lon="22.168834609910846">
        <ele>454.73</ele>
      </trkpt>
      <trkpt lat="45.39633644744754" lon="22.16892471536994">
        <ele>453.97</ele>
      </trkpt>
      <trkpt lat="45.396428648382425" lon="22.16912353411317">
        <ele>453.17</ele>
      </trkpt>
      <trkpt lat="45.39648447185755" lon="22.16921783052385">
        <ele>452.44</ele>
      </trkpt>
      <trkpt lat="45.39654373191297" lon="22.169308690354228">
        <ele>451.7</ele>
      </trkpt>
      <trkpt lat="45.39660265669227" lon="22.16939921490848">
        <ele>450.98</ele>
      </trkpt>
      <trkpt lat="45.3967441432178" lon="22.169569451361895">
        <ele>450.26</ele>
      </trkpt>
      <trkpt lat="45.39682175964117" lon="22.16964111663401">
        <ele>449.58</ele>
      </trkpt>
      <trkpt lat="45.39689811877906" lon="22.169714206829667">
        <ele>448.91</ele>
      </trkpt>
      <trkpt lat="45.396970454603434" lon="22.16979249380529">
        <ele>448.25</ele>
      </trkpt>
      <trkpt lat="45.39703574962914" lon="22.169875893741846">
        <ele>447.6</ele>
      </trkpt>
      <trkpt lat="45.39709425531328" lon="22.169962227344513">
        <ele>446.97</ele>
      </trkpt>
      <trkpt lat="45.39714806713164" lon="22.170043531805277">
        <ele>446.35</ele>
      </trkpt>
      <trkpt lat="45.397199196740985" lon="22.170123076066375">
        <ele>445.75</ele>
      </trkpt>
      <trkpt lat="45.39730011485517" lon="22.170295156538486">
        <ele>445.11</ele>
      </trkpt>
      <trkpt lat="45.39735401049256" lon="22.170380232855678">
        <ele>444.52</ele>
      </trkpt>
      <trkpt lat="45.39740798994899" lon="22.17046388424933">
        <ele>443.95</ele>
      </trkpt>
      <trkpt lat="45.39746188558638" lon="22.170538986101747">
        <ele>443.41</ele>
      </trkpt>
      <trkpt lat="45.39751863107085" lon="22.1706070471555">
        <ele>442.9</ele>
      </trkpt>
      <trkpt lat="45.39757613092661" lon="22.17067309655249">
        <ele>442.42</ele>
      </trkpt>
      <trkpt lat="45.397638995200396" lon="22.170739648863673">
        <ele>441.95</ele>
      </trkpt>
      <trkpt lat="45.39775558747351" lon="22.170897983014584">
        <ele>441.48</ele>
      </trkpt>
      <trkpt lat="45.397869078442454" lon="22.17107567936182">
        <ele>441.03</ele>
      </trkpt>
      <trkpt lat="45.39791953749955" lon="22.171170646324754">
        <ele>440.65</ele>
      </trkpt>
      <trkpt lat="45.39796379394829" lon="22.17126963660121">
        <ele>440.28</ele>
      </trkpt>
      <trkpt lat="45.39800427854061" lon="22.171365274116397">
        <ele>439.95</ele>
      </trkpt>
      <trkpt lat="45.39803990162909" lon="22.171463761478662">
        <ele>439.65</ele>
      </trkpt>
      <trkpt lat="45.39807016029954" lon="22.171565601602197">
        <ele>439.37</ele>
      </trkpt>
      <trkpt lat="45.39809840731323" lon="22.17166878283024">
        <ele>439.1</ele>
      </trkpt>
      <trkpt lat="45.39812497794628" lon="22.171769700944424">
        <ele>438.84</ele>
      </trkpt>
      <trkpt lat="45.39815280586481" lon="22.171865170821548">
        <ele>438.59</ele>
      </trkpt>
      <trkpt lat="45.398180382326245" lon="22.17195712029934">
        <ele>438.36</ele>
      </trkpt>
      <trkpt lat="45.398204773664474" lon="22.172045381739736">
        <ele>438.13</ele>
      </trkpt>
      <trkpt lat="45.3982294164598" lon="22.172126350924373">
        <ele>437.92</ele>
      </trkpt>
      <trkpt lat="45.398253221064806" lon="22.172199608758092">
        <ele>437.71</ele>
      </trkpt>
      <trkpt lat="45.398274175822735" lon="22.172270268201828">
        <ele>437.5</ele>
      </trkpt>
      <trkpt lat="45.398295130580664" lon="22.17233589850366">
        <ele>437.29</ele>
      </trkpt>
      <trkpt lat="45.39831642061472" lon="22.172396583482623">
        <ele>437.07</ele>
      </trkpt>
      <trkpt lat="45.39833595044911" lon="22.172456430271268">
        <ele>436.86</ele>
      </trkpt>
      <trkpt lat="45.39835698902607" lon="22.172515774145722">
        <ele>436.63</ele>
      </trkpt>
      <trkpt lat="45.398399820551276" lon="22.17263680882752">
        <ele>436.4</ele>
      </trkpt>
      <trkpt lat="45.39844013750553" lon="22.172759100794792">
        <ele>436.15</ele>
      </trkpt>
      <trkpt lat="45.39845966733992" lon="22.172817941755056">
        <ele>435.89</ele>
      </trkpt>
      <trkpt lat="45.39847726933658" lon="22.172874519601464">
        <ele>435.61</ele>
      </trkpt>
      <trkpt lat="45.398494619876146" lon="22.172930259257555">
        <ele>435.32</ele>
      </trkpt>
      <trkpt lat="45.398512138053775" lon="22.17298817820847">
        <ele>435.0</ele>
      </trkpt>
      <trkpt lat="45.39853057824075" lon="22.173045175150037">
        <ele>434.66</ele>
      </trkpt>
      <trkpt lat="45.39856896735728" lon="22.17316168360412">
        <ele>434.31</ele>
      </trkpt>
      <trkpt lat="45.398693941533566" lon="22.173469718545675">
        <ele>433.85</ele>
      </trkpt>
      <trkpt lat="45.398726630955935" lon="22.173536019399762">
        <ele>433.4</ele>
      </trkpt>
      <trkpt lat="45.398828303441405" lon="22.173638194799423">
        <ele>432.88</ele>
      </trkpt>
      <trkpt lat="45.39889058098197" lon="22.173671554774046">
        <ele>432.35</ele>
      </trkpt>
      <trkpt lat="45.398957300931215" lon="22.17368697747588">
        <ele>431.79</ele>
      </trkpt>
      <trkpt lat="45.39902737364173" lon="22.173684211447835">
        <ele>431.2</ele>
      </trkpt>
      <trkpt lat="45.399096524342895" lon="22.173675829544663">
        <ele>430.56</ele>
      </trkpt>
      <trkpt lat="45.39916567504406" lon="22.173666106536984">
        <ele>429.89</ele>
      </trkpt>
      <trkpt lat="45.39923029951751" lon="22.17364490032196">
        <ele>429.19</ele>
      </trkpt>
      <trkpt lat="45.399285200983286" lon="22.173607014119625">
        <ele>428.44</ele>
      </trkpt>
      <trkpt lat="45.399333983659744" lon="22.173556806519628">
        <ele>427.65</ele>
      </trkpt>
      <trkpt lat="45.39937723428011" lon="22.17350316233933">
        <ele>426.82</ele>
      </trkpt>
      <trkpt lat="45.39941478520632" lon="22.17344641685486">
        <ele>425.96</ele>
      </trkpt>
      <trkpt lat="45.39945024065673" lon="22.173386067152023">
        <ele>425.05</ele>
      </trkpt>
      <trkpt lat="45.39948410354555" lon="22.173319347202778">
        <ele>424.09</ele>
      </trkpt>
      <trkpt lat="45.39951997809112" lon="22.173248771578074">
        <ele>423.07</ele>
      </trkpt>
      <trkpt lat="45.399598935619" lon="22.173096723854542">
        <ele>421.97</ele>
      </trkpt>
      <trkpt lat="45.39966892451048" lon="22.172947442159057">
        <ele>420.82</ele>
      </trkpt>
      <trkpt lat="45.39969868026674" lon="22.17288449406624">
        <ele>419.65</ele>
      </trkpt>
      <trkpt lat="45.39972667582333" lon="22.17282347381115">
        <ele>418.43</ele>
      </trkpt>
      <trkpt lat="45.399750815704465" lon="22.1727551613003">
        <ele>417.17</ele>
      </trkpt>
      <trkpt lat="45.39977705106139" lon="22.172674862667918">
        <ele>415.85</ele>
      </trkpt>
      <trkpt lat="45.39980764500797" lon="22.172595486044884">
        <ele>414.5</ele>
      </trkpt>
      <trkpt lat="45.39984284900129" lon="22.172527508810163">
        <ele>413.1</ele>
      </trkpt>
      <trkpt lat="45.39988157339394" lon="22.172478893771768">
        <ele>411.64</ele>
      </trkpt>
      <trkpt lat="45.39991996251047" lon="22.17244192957878">
        <ele>410.15</ele>
      </trkpt>
      <trkpt lat="45.39996019564569" lon="22.17240530066192">
        <ele>408.63</ele>
      </trkpt>
      <trkpt lat="45.39999791420996" lon="22.172371605411172">
        <ele>407.07</ele>
      </trkpt>
      <trkpt lat="45.400032782927155" lon="22.172339586541057">
        <ele>405.49</ele>
      </trkpt>
      <trkpt lat="45.40007410570979" lon="22.17230999842286">
        <ele>403.88</ele>
      </trkpt>
      <trkpt lat="45.40011811070144" lon="22.17229373753071">
        <ele>402.24</ele>
      </trkpt>
      <trkpt lat="45.40016672573984" lon="22.17228837311268">
        <ele>400.57</ele>
      </trkpt>
      <trkpt lat="45.40022171102464" lon="22.172287618741393">
        <ele>398.88</ele>
      </trkpt>
      <trkpt lat="45.40027543902397" lon="22.172299018129706">
        <ele>397.18</ele>
      </trkpt>
      <trkpt lat="45.400327825918794" lon="22.172319469973445">
        <ele>395.46</ele>
      </trkpt>
      <trkpt lat="45.400383146479726" lon="22.172333048656583">
        <ele>393.74</ele>
      </trkpt>
      <trkpt lat="45.400440813973546" lon="22.17232466675341">
        <ele>392.01</ele>
      </trkpt>
      <trkpt lat="45.4004967212677" lon="22.17230220325291">
        <ele>390.28</ele>
      </trkpt>
      <trkpt lat="45.40054567158222" lon="22.17228401452303">
        <ele>388.56</ele>
      </trkpt>
      <trkpt lat="45.40059043094516" lon="22.17227127403021">
        <ele>386.86</ele>
      </trkpt>
      <trkpt lat="45.40063636377454" lon="22.172264819964767">
        <ele>385.17</ele>
      </trkpt>
      <trkpt lat="45.40068539790809" lon="22.172270603477955">
        <ele>383.48</ele>
      </trkpt>
      <trkpt lat="45.400781286880374" lon="22.172322738915682">
        <ele>381.76</ele>
      </trkpt>
      <trkpt lat="45.40083769708872" lon="22.172332210466266">
        <ele>380.1</ele>
      </trkpt>
      <trkpt lat="45.40090123191476" lon="22.172322487458587">
        <ele>378.46</ele>
      </trkpt>
      <trkpt lat="45.40097298100591" lon="22.172301029786468">
        <ele>376.84</ele>
      </trkpt>
      <trkpt lat="45.40104607120156" lon="22.172284852713346">
        <ele>375.25</ele>
      </trkpt>
      <trkpt lat="45.40111924521625" lon="22.172292228788137">
        <ele>373.7</ele>
      </trkpt>
      <trkpt lat="45.40119459852576" lon="22.172319469973445">
        <ele>372.19</ele>
      </trkpt>
      <trkpt lat="45.40127179585397" lon="22.172342771664262">
        <ele>370.72</ele>
      </trkpt>
      <trkpt lat="45.40142476558685" lon="22.172410748898983">
        <ele>369.26</ele>
      </trkpt>
      <trkpt lat="45.40148528292775" lon="22.172466488555074">
        <ele>367.88</ele>
      </trkpt>
      <trkpt lat="45.40154638700187" lon="22.172531532123685">
        <ele>366.55</ele>
      </trkpt>
      <trkpt lat="45.40166272781789" lon="22.172645777463913">
        <ele>365.23</ele>
      </trkpt>
      <trkpt lat="45.401704302057624" lon="22.172714173793793">
        <ele>363.98</ele>
      </trkpt>
      <trkpt lat="45.401741517707705" lon="22.172775277867913">
        <ele>362.78</ele>
      </trkpt>
      <trkpt lat="45.40177345275879" lon="22.172825569286942">
        <ele>361.63</ele>
      </trkpt>
      <trkpt lat="45.40180052630603" lon="22.172869071364403">
        <ele>360.53</ele>
      </trkpt>
      <trkpt lat="45.40181150659919" lon="22.172905784100294">
        <ele>359.49</ele>
      </trkpt>
      <trkpt lat="45.40181502699852" lon="22.172917015850544">
        <ele>358.52</ele>
      </trkpt>
      <trkpt lat="45.40181829594076" lon="22.172915590927005">
        <ele>357.59</ele>
      </trkpt>
      <trkpt lat="45.4018210619688" lon="22.17291483655572">
        <ele>356.71</ele>
      </trkpt>
      <trkpt lat="45.401863139122725" lon="22.172954231500626">
        <ele>355.86</ele>
      </trkpt>
      <trkpt lat="45.4018765501678" lon="22.17297602444887">
        <ele>355.07</ele>
      </trkpt>
      <trkpt lat="45.40194385685027" lon="22.17311868444085">
        <ele>354.29</ele>
      </trkpt>
      <trkpt lat="45.40198492817581" lon="22.173215076327324">
        <ele>353.58</ele>
      </trkpt>
      <trkpt lat="45.40200839750469" lon="22.17329948209226">
        <ele>352.93</ele>
      </trkpt>
      <trkpt lat="45.40202331729233" lon="22.173333512619138">
        <ele>352.34</ele>
      </trkpt>
      <trkpt lat="45.402073273435235" lon="22.173386486247182">
        <ele>351.79</ele>
      </trkpt>
      <trkpt lat="45.40210864506662" lon="22.173405345529318">
        <ele>351.29</ele>
      </trkpt>
      <trkpt lat="45.40214468725026" lon="22.173419343307614">
        <ele>350.83</ele>
      </trkpt>
      <trkpt lat="45.40217955596745" lon="22.173433676362038">
        <ele>350.42</ele>
      </trkpt>
      <trkpt lat="45.40221702307463" lon="22.17345622368157">
        <ele>350.05</ele>
      </trkpt>
      <trkpt lat="45.40224711410701" lon="22.173488158732653">
        <ele>349.73</ele>
      </trkpt>
      <trkpt lat="45.402271673083305" lon="22.173522356897593">
        <ele>349.44</ele>
      </trkpt>
      <trkpt lat="45.402297992259264" lon="22.173563595861197">
        <ele>349.19</ele>
      </trkpt>
      <trkpt lat="45.40233445353806" lon="22.173609444871545">
        <ele>348.97</ele>
      </trkpt>
      <trkpt lat="45.402404526248574" lon="22.173706842586398">
        <ele>348.78</ele>
      </trkpt>
      <trkpt lat="45.40244442410767" lon="22.173755960538983">
        <ele>348.64</ele>
      </trkpt>
      <trkpt lat="45.402479376643896" lon="22.173807425424457">
        <ele>348.52</ele>
      </trkpt>
      <trkpt lat="45.40251759812236" lon="22.17385989613831">
        <ele>348.43</ele>
      </trkpt>
      <trkpt lat="45.402634274214506" lon="22.174039017409086">
        <ele>348.35</ele>
      </trkpt>
      <trkpt lat="45.40271398611367" lon="22.174165584146976">
        <ele>348.3</ele>
      </trkpt>
      <trkpt lat="45.40279420092702" lon="22.17428209260106">
        <ele>348.29</ele>
      </trkpt>
      <trkpt lat="45.40283619426191" lon="22.174340346828103">
        <ele>348.3</ele>
      </trkpt>
      <trkpt lat="45.402876092121005" lon="22.174387285485864">
        <ele>348.34</ele>
      </trkpt>
      <trkpt lat="45.402914229780436" lon="22.174431961029768">
        <ele>348.39</ele>
      </trkpt>
      <trkpt lat="45.40295111015439" lon="22.174480156973004">
        <ele>348.46</ele>
      </trkpt>
      <trkpt lat="45.40298723615706" lon="22.17452147975564">
        <ele>348.55</ele>
      </trkpt>
      <trkpt lat="45.40302352979779" lon="22.174558276310563">
        <ele>348.65</ele>
      </trkpt>
      <trkpt lat="45.40306041017175" lon="22.17459876090288">
        <ele>348.75</ele>
      </trkpt>
      <trkpt lat="45.40312956087291" lon="22.17468610033393">
        <ele>348.85</ele>
      </trkpt>
      <trkpt lat="45.40316325612366" lon="22.174730524420738">
        <ele>348.96</ele>
      </trkpt>
      <trkpt lat="45.40319980122149" lon="22.17476681806147">
        <ele>349.08</ele>
      </trkpt>
      <trkpt lat="45.403228886425495" lon="22.17479942366481">
        <ele>349.2</ele>
      </trkpt>
      <trkpt lat="45.403268449008465" lon="22.17482389882207">
        <ele>349.32</ele>
      </trkpt>
      <trkpt lat="45.4033013060689" lon="22.174838986247778">
        <ele>349.45</ele>
      </trkpt>
      <trkpt lat="45.4033356718719" lon="22.174858432263136">
        <ele>349.57</ele>
      </trkpt>
      <trkpt lat="45.40336634963751" lon="22.174886092543602">
        <ele>349.7</ele>
      </trkpt>
      <trkpt lat="45.40340591222048" lon="22.174897575750947">
        <ele>349.82</ele>
      </trkpt>
      <trkpt lat="45.4035100992769" lon="22.1749259904027">
        <ele>349.93</ele>
      </trkpt>
      <trkpt lat="45.403530299663544" lon="22.17494510114193">
        <ele>350.04</ele>
      </trkpt>
      <trkpt lat="45.40354379452765" lon="22.17494811862707">
        <ele>350.14</ele>
      </trkpt>
      <trkpt lat="45.403564581647515" lon="22.174952812492847">
        <ele>350.23</ele>
      </trkpt>
      <trkpt lat="45.40365368127823" lon="22.17496178112924">
        <ele>350.3</ele>
      </trkpt>
      <trkpt lat="45.40368829853833" lon="22.174966307356954">
        <ele>350.36</ele>
      </trkpt>
      <trkpt lat="45.403784019872546" lon="22.17496957629919">
        <ele>350.4</ele>
      </trkpt>
      <trkpt lat="45.40385702624917" lon="22.17497150413692">
        <ele>350.43</ele>
      </trkpt>
      <trkpt lat="45.40389600209892" lon="22.1749777905643">
        <ele>350.44</ele>
      </trkpt>
      <trkpt lat="45.40397169068456" lon="22.17501701787114">
        <ele>350.43</ele>
      </trkpt>
      <trkpt lat="45.404003877192736" lon="22.175043420866132">
        <ele>350.41</ele>
      </trkpt>
      <trkpt lat="45.40404804982245" lon="22.175070829689503">
        <ele>350.37</ele>
      </trkpt>
      <trkpt lat="45.4041454475373" lon="22.175123216584325">
        <ele>350.3</ele>
      </trkpt>
      <trkpt lat="45.40423815138638" lon="22.17518071644008">
        <ele>350.22</ele>
      </trkpt>
      <trkpt lat="45.40436220355332" lon="22.175252130255103">
        <ele>350.11</ele>
      </trkpt>
      <trkpt lat="45.40442154742777" lon="22.175258919596672">
        <ele>349.99</ele>
      </trkpt>
      <trkpt lat="45.40446722880006" lon="22.17525590211153">
        <ele>349.84</ele>
      </trkpt>
      <trkpt lat="45.404529590159655" lon="22.175251794978976">
        <ele>349.66</ele>
      </trkpt>
      <trkpt lat="45.40457929484546" lon="22.17524852603674">
        <ele>349.45</ele>
      </trkpt>
      <trkpt lat="45.40461299009621" lon="22.175246430560946">
        <ele>349.22</ele>
      </trkpt>
      <trkpt lat="45.40464433841407" lon="22.17524073086679">
        <ele>348.96</ele>
      </trkpt>
      <trkpt lat="45.40467635728419" lon="22.175236623734236">
        <ele>348.67</ele>
      </trkpt>
      <trkpt lat="45.40471348911524" lon="22.17523042112589">
        <ele>348.34</ele>
      </trkpt>
      <trkpt lat="45.40485857985914" lon="22.1751797106117">
        <ele>347.97</ele>
      </trkpt>
      <trkpt lat="45.404933681711555" lon="22.175157833844423">
        <ele>347.57</ele>
      </trkpt>
      <trkpt lat="45.40500249713659" lon="22.175136292353272">
        <ele>347.15</ele>
      </trkpt>
      <trkpt lat="45.40517256595194" lon="22.175065129995346">
        <ele>346.68</ele>
      </trkpt>
      <trkpt lat="45.405222438275814" lon="22.175045181065798">
        <ele>346.22</ele>
      </trkpt>
      <trkpt lat="45.40533458814025" lon="22.17497636564076">
        <ele>345.73</ele>
      </trkpt>
      <trkpt lat="45.40538395754993" lon="22.174925236031413">
        <ele>345.21</ele>
      </trkpt>
      <trkpt lat="45.40553441271186" lon="22.174772014841437">
        <ele>344.63</ele>
      </trkpt>
      <trkpt lat="45.40558336302638" lon="22.174723567441106">
        <ele>344.06</ele>
      </trkpt>
      <trkpt lat="45.40563499554992" lon="22.174666989594698">
        <ele>343.46</ele>
      </trkpt>
      <trkpt lat="45.405683191493154" lon="22.174615105614066">
        <ele>342.84</ele>
      </trkpt>
      <trkpt lat="45.4057343211025" lon="22.174573531374335">
        <ele>342.2</ele>
      </trkpt>
      <trkpt lat="45.40578821673989" lon="22.174541847780347">
        <ele>341.53</ele>
      </trkpt>
      <trkpt lat="45.4058965947479" lon="22.17448535375297">
        <ele>340.83</ele>
      </trkpt>
      <trkpt lat="45.40606523863971" lon="22.174410168081522">
        <ele>340.1</ele>
      </trkpt>
      <trkpt lat="45.406115278601646" lon="22.174372114241123">
        <ele>339.38</ele>
      </trkpt>
      <trkpt lat="45.40617453865707" lon="22.174341352656484">
        <ele>338.64</ele>
      </trkpt>
      <trkpt lat="45.406240755692124" lon="22.174306148663163">
        <ele>337.89</ele>
      </trkpt>
      <trkpt lat="45.40630487725139" lon="22.17426884919405">
        <ele>337.13</ele>
      </trkpt>
      <trkpt lat="45.406356090679765" lon="22.17422383837402">
        <ele>336.36</ele>
      </trkpt>
      <trkpt lat="45.40639917366207" lon="22.174168098717928">
        <ele>335.59</ele>
      </trkpt>
      <trkpt lat="45.406444016844034" lon="22.17410850338638">
        <ele>334.81</ele>
      </trkpt>
      <trkpt lat="45.40649464353919" lon="22.174052260816097">
        <ele>334.03</ele>
      </trkpt>
      <trkpt lat="45.40655130520463" lon="22.173992916941643">
        <ele>333.24</ele>
      </trkpt>
      <trkpt lat="45.40667351335287" lon="22.17386232689023">
        <ele>332.43</ele>
      </trkpt>
      <trkpt lat="45.406725564971566" lon="22.173805413767695">
        <ele>331.64</ele>
      </trkpt>
      <trkpt lat="45.40677493438125" lon="22.173755038529634">
        <ele>330.85</ele>
      </trkpt>
      <trkpt lat="45.406832015141845" lon="22.17370307072997">
        <ele>330.06</ele>
      </trkpt>
      <trkpt lat="45.40686269290745" lon="22.173672141507268">
        <ele>329.3</ele>
      </trkpt>
      <trkpt lat="45.406892197206616" lon="22.17363802716136">
        <ele>328.55</ele>
      </trkpt>
      <trkpt lat="45.40697266347706" lon="22.173502072691917">
        <ele>327.77</ele>
      </trkpt>
      <trkpt lat="45.40701499208808" lon="22.173449601978064">
        <ele>327.02</ele>
      </trkpt>
      <trkpt lat="45.407053381204605" lon="22.173395287245512">
        <ele>326.28</ele>
      </trkpt>
      <trkpt lat="45.407167710363865" lon="22.173242485150695">
        <ele>325.56</ele>
      </trkpt>
      <trkpt lat="45.40721917524934" lon="22.173176184296608">
        <ele>324.87</ele>
      </trkpt>
      <trkpt lat="45.407247338443995" lon="22.173109967261553">
        <ele>324.21</ele>
      </trkpt>
      <trkpt lat="45.40725530125201" lon="22.173038888722658">
        <ele>323.56</ele>
      </trkpt>
      <trkpt lat="45.40725538507104" lon="22.172966971993446">
        <ele>322.94</ele>
      </trkpt>
      <trkpt lat="45.40725647471845" lon="22.17289966531098">
        <ele>322.33</ele>
      </trkpt>
      <trkpt lat="45.40724306367338" lon="22.172841578722">
        <ele>321.75</ele>
      </trkpt>
      <trkpt lat="45.40722227655351" lon="22.172744013369083">
        <ele>321.17</ele>
      </trkpt>
      <trkpt lat="45.407234597951174" lon="22.172683076933026">
        <ele>320.63</ele>
      </trkpt>
      <trkpt lat="45.407263515517116" lon="22.172651225700974">
        <ele>320.11</ele>
      </trkpt>
      <trkpt lat="45.40730324573815" lon="22.172619542106986">
        <ele>319.62</ele>
      </trkpt>
      <trkpt lat="45.40734624490142" lon="22.17258358374238">
        <ele>319.16</ele>
      </trkpt>
      <trkpt lat="45.40751966647804" lon="22.17244243249297">
        <ele>318.69</ele>
      </trkpt>
      <trkpt lat="45.40756995789707" lon="22.17240429483354">
        <ele>318.29</ele>
      </trkpt>
      <trkpt lat="45.40766576305032" lon="22.17232609167695">
        <ele>317.89</ele>
      </trkpt>
      <trkpt lat="45.407708594575524" lon="22.172285774722695">
        <ele>317.55</ele>
      </trkpt>
      <trkpt lat="45.40774757042527" lon="22.172242188826203">
        <ele>317.24</ele>
      </trkpt>
      <trkpt lat="45.40778604336083" lon="22.17220053076744">
        <ele>316.93</ele>
      </trkpt>
      <trkpt lat="45.407822001725435" lon="22.172160297632217">
        <ele>316.65</ele>
      </trkpt>
      <trkpt lat="45.407859133556485" lon="22.172119142487645">
        <ele>316.39</ele>
      </trkpt>
      <trkpt lat="45.407890817150474" lon="22.172083938494325">
        <ele>316.15</ele>
      </trkpt>
      <trkpt lat="45.40792275220156" lon="22.17205485329032">
        <ele>315.93</ele>
      </trkpt>
      <trkpt lat="45.40795426815748" lon="22.17202702537179">
        <ele>315.74</ele>
      </trkpt>
      <trkpt lat="45.407987125217915" lon="22.172000287100673">
        <ele>315.56</ele>
      </trkpt>
      <trkpt lat="45.40801830589771" lon="22.171973465010524">
        <ele>315.4</ele>
      </trkpt>
      <trkpt lat="45.40805007331073" lon="22.171949073672295">
        <ele>315.24</ele>
      </trkpt>
      <trkpt lat="45.408081505447626" lon="22.171925101429224">
        <ele>315.1</ele>
      </trkpt>
      <trkpt lat="45.40818812325597" lon="22.17184580862522">
        <ele>314.94</ele>
      </trkpt>
      <trkpt lat="45.40829289704561" lon="22.171773724257946">
        <ele>314.79</ele>
      </trkpt>
      <trkpt lat="45.40836908854544" lon="22.171729300171137">
        <ele>314.68</ele>
      </trkpt>
      <trkpt lat="45.40849464945495" lon="22.171640703454614">
        <ele>314.57</ele>
      </trkpt>
      <trkpt lat="45.40853463113308" lon="22.17160784639418">
        <ele>314.47</ele>
      </trkpt>
      <trkpt lat="45.40856941603124" lon="22.171575324609876">
        <ele>314.37</ele>
      </trkpt>
      <trkpt lat="45.40860143490136" lon="22.171543557196856">
        <ele>314.29</ele>
      </trkpt>
      <trkpt lat="45.40863336995244" lon="22.17151832766831">
        <ele>314.22</ele>
      </trkpt>
      <trkpt lat="45.40866253897548" lon="22.171510364860296">
        <ele>314.15</ele>
      </trkpt>
      <trkpt lat="45.40868408046663" lon="22.17152620665729">
        <ele>314.08</ele>
      </trkpt>
      <trkpt lat="45.40869690477848" lon="22.171558057889342">
        <ele>314.0</ele>
      </trkpt>
      <trkpt lat="45.40870553813875" lon="22.17160038650036">
        <ele>313.92</ele>
      </trkpt>
      <trkpt lat="45.408716602250934" lon="22.17168160714209">
        <ele>313.84</ele>
      </trkpt>
      <trkpt lat="45.408720625564456" lon="22.171730808913708">
        <ele>313.76</ele>
      </trkpt>
      <trkpt lat="45.40872582234442" lon="22.171789817512035">
        <ele>313.68</ele>
      </trkpt>
      <trkpt lat="45.4087357968092" lon="22.17185402289033">
        <ele>313.59</ele>
      </trkpt>
      <trkpt lat="45.40876613929868" lon="22.171991569921374">
        <ele>313.5</ele>
      </trkpt>
      <trkpt lat="45.40883713401854" lon="22.17219801619649">
        <ele>313.4</ele>
      </trkpt>
      <trkpt lat="45.408865632489324" lon="22.172267334535718">
        <ele>313.3</ele>
      </trkpt>
      <trkpt lat="45.408925814554095" lon="22.172420555725694">
        <ele>313.2</ele>
      </trkpt>
      <trkpt lat="45.40896185673773" lon="22.17249750159681">
        <ele>313.09</ele>
      </trkpt>
      <trkpt lat="45.40903704240918" lon="22.172634210437536">
        <ele>312.98</ele>
      </trkpt>
      <trkpt lat="45.409082137048244" lon="22.172699170187116">
        <ele>312.87</ele>
      </trkpt>
      <trkpt lat="45.409125639125705" lon="22.172763124108315">
        <ele>312.74</ele>
      </trkpt>
      <trkpt lat="45.409164782613516" lon="22.172827161848545">
        <ele>312.61</ele>
      </trkpt>
      <trkpt lat="45.40920224972069" lon="22.172890109941363">
        <ele>312.48</ele>
      </trkpt>
      <trkpt lat="45.409238962456584" lon="22.172950627282262">
        <ele>312.34</ele>
      </trkpt>
      <trkpt lat="45.40927047841251" lon="22.173002175986767">
        <ele>312.19</ele>
      </trkpt>
      <trkpt lat="45.409301575273275" lon="22.173051964491606">
        <ele>312.04</ele>
      </trkpt>
      <trkpt lat="45.40934097021818" lon="22.173105273395777">
        <ele>311.89</ele>
      </trkpt>
      <trkpt lat="45.40946401655674" lon="22.173266457393765">
        <ele>311.72</ele>
      </trkpt>
      <trkpt lat="45.409500896930695" lon="22.173323119059205">
        <ele>311.54</ele>
      </trkpt>
      <trkpt lat="45.409534676000476" lon="22.17338598333299">
        <ele>311.36</ele>
      </trkpt>
      <trkpt lat="45.40956518612802" lon="22.173442393541336">
        <ele>311.17</ele>
      </trkpt>
      <trkpt lat="45.409594271332026" lon="22.173476424068213">
        <ele>310.98</ele>
      </trkpt>
      <trkpt lat="45.40965554304421" lon="22.173542054370046">
        <ele>310.79</ele>
      </trkpt>
      <trkpt lat="45.40966887027025" lon="22.173660909757018">
        <ele>310.57</ele>
      </trkpt>
      <trkpt lat="45.40966912172735" lon="22.173737520352006">
        <ele>310.36</ele>
      </trkpt>
      <trkpt lat="45.40966426022351" lon="22.173822345212102">
        <ele>310.14</ele>
      </trkpt>
      <trkpt lat="45.40965671651065" lon="22.17391069047153">
        <ele>309.92</ele>
      </trkpt>
      <trkpt lat="45.40965688414872" lon="22.17400356195867">
        <ele>309.69</ele>
      </trkpt>
      <trkpt lat="45.409658728167415" lon="22.1740919072181">
        <ele>309.46</ele>
      </trkpt>
      <trkpt lat="45.40965889580548" lon="22.17417941428721">
        <ele>309.25</ele>
      </trkpt>
      <trkpt lat="45.409662164747715" lon="22.174355015158653">
        <ele>309.03</ele>
      </trkpt>
      <trkpt lat="45.409659231081605" lon="22.174434224143624">
        <ele>308.8</ele>
      </trkpt>
      <trkpt lat="45.409665517508984" lon="22.174515947699547">
        <ele>308.56</ele>
      </trkpt>
      <trkpt lat="45.40968303568661" lon="22.17457428574562">
        <ele>308.33</ele>
      </trkpt>
      <trkpt lat="45.40970591828227" lon="22.174628768116236">
        <ele>308.09</ele>
      </trkpt>
      <trkpt lat="45.40972243063152" lon="22.174685848876834">
        <ele>307.86</ele>
      </trkpt>
      <trkpt lat="45.40973039343953" lon="22.174743516370654">
        <ele>307.62</ele>
      </trkpt>
      <trkpt lat="45.40973684750497" lon="22.174807135015726">
        <ele>307.38</ele>
      </trkpt>
      <trkpt lat="45.40975193493068" lon="22.17502665705979">
        <ele>307.13</ele>
      </trkpt>
      <trkpt lat="45.409760819748044" lon="22.175093544647098">
        <ele>306.88</ele>
      </trkpt>
      <trkpt lat="45.4097665194422" lon="22.175184655934572">
        <ele>306.63</ele>
      </trkpt>
      <trkpt lat="45.40976442396641" lon="22.175271157175303">
        <ele>306.37</ele>
      </trkpt>
      <trkpt lat="45.40975411422551" lon="22.17540292069316">
        <ele>306.1</ele>
      </trkpt>
      <trkpt lat="45.40973357856274" lon="22.175660161301494">
        <ele>305.81</ele>
      </trkpt>
      <trkpt lat="45.40972804650664" lon="22.17574297450483">
        <ele>305.52</ele>
      </trkpt>
      <trkpt lat="45.409714970737696" lon="22.175902146846056">
        <ele>305.24</ele>
      </trkpt>
      <trkpt lat="45.409678844735026" lon="22.176185119897127">
        <ele>304.92</ele>
      </trkpt>
      <trkpt lat="45.40966333821416" lon="22.17625519260764">
        <ele>304.62</ele>
      </trkpt>
      <trkpt lat="45.409629475325346" lon="22.1764300391078">
        <ele>304.28</ele>
      </trkpt>
      <trkpt lat="45.40961388498545" lon="22.176543194800615">
        <ele>303.95</ele>
      </trkpt>
      <trkpt lat="45.40961120277643" lon="22.176604298874736">
        <ele>303.63</ele>
      </trkpt>
      <trkpt lat="45.40960759855807" lon="22.176657943055034">
        <ele>303.31</ele>
      </trkpt>
      <trkpt lat="45.40958563797176" lon="22.17674134299159">
        <ele>302.98</ele>
      </trkpt>
      <trkpt lat="45.40957247838378" lon="22.176796747371554">
        <ele>302.63</ele>
      </trkpt>
      <trkpt lat="45.40953593328595" lon="22.176864808425307">
        <ele>302.27</ele>
      </trkpt>
      <trkpt lat="45.40950374677777" lon="22.176935216411948">
        <ele>301.92</ele>
      </trkpt>
      <trkpt lat="45.409480445086956" lon="22.17702859081328">
        <ele>301.55</ele>
      </trkpt>
      <trkpt lat="45.40946611203253" lon="22.177089862525463">
        <ele>301.18</ele>
      </trkpt>
      <trkpt lat="45.40945680812001" lon="22.17714929021895">
        <ele>300.81</ele>
      </trkpt>
      <trkpt lat="45.40947264991701" lon="22.177215423434973">
        <ele>300.43</ele>
      </trkpt>
      <trkpt lat="45.4095127992332" lon="22.17728557996452">
        <ele>300.05</ele>
      </trkpt>
      <trkpt lat="45.40953978896141" lon="22.17736629769206">
        <ele>299.65</ele>
      </trkpt>
      <trkpt lat="45.40958136320114" lon="22.177444333210588">
        <ele>299.25</ele>
      </trkpt>
      <trkpt lat="45.40961891412735" lon="22.177530247718096">
        <ele>298.83</ele>
      </trkpt>
      <trkpt lat="45.40966467931867" lon="22.177622113376856">
        <ele>298.41</ele>
      </trkpt>
      <trkpt lat="45.409775571897626" lon="22.177775921300054">
        <ele>297.94</ele>
      </trkpt>
      <trkpt lat="45.409830221906304" lon="22.17785689048469">
        <ele>297.47</ele>
      </trkpt>
      <trkpt lat="45.40986618027091" lon="22.17791355215013">
        <ele>297.0</ele>
      </trkpt>
      <trkpt lat="45.40989979170263" lon="22.177984043955803">
        <ele>296.53</ele>
      </trkpt>
      <trkpt lat="45.40993122383952" lon="22.17805185355246">
        <ele>296.05</ele>
      </trkpt>
      <trkpt lat="45.409991992637515" lon="22.17823013663292">
        <ele>295.54</ele>
      </trkpt>
      <trkpt lat="45.41002199985087" lon="22.178313871845603">
        <ele>295.04</ele>
      </trkpt>
      <trkpt lat="45.4100617300719" lon="22.178406324237585">
        <ele>294.52</ele>
      </trkpt>
      <trkpt lat="45.41010087355971" lon="22.178503973409534">
        <ele>294.0</ele>
      </trkpt>
      <trkpt lat="45.41016164235771" lon="22.17862442135811">
        <ele>293.46</ele>
      </trkpt>
      <trkpt lat="45.41020330041647" lon="22.17871343716979">
        <ele>292.93</ele>
      </trkpt>
      <trkpt lat="45.410242192447186" lon="22.178766578435898">
        <ele>292.37</ele>
      </trkpt>
      <trkpt lat="45.41025711223483" lon="22.178811337798834">
        <ele>291.83</ele>
      </trkpt>
      <trkpt lat="45.41029474698007" lon="22.17884821817279">
        <ele>291.26</ele>
      </trkpt>
      <trkpt lat="45.41033674031496" lon="22.178863724693656">
        <ele>290.67</ele>
      </trkpt>
      <trkpt lat="45.41037932038307" lon="22.1788820810616">
        <ele>290.06</ele>
      </trkpt>
      <trkpt lat="45.41043606586754" lon="22.178918961435556">
        <ele>289.44</ele>
      </trkpt>
      <trkpt lat="45.41050781495869" lon="22.17894159257412">
        <ele>288.8</ele>
      </trkpt>
      <trkpt lat="45.4105696734041" lon="22.17895877547562">
        <ele>288.15</ele>
      </trkpt>
      <trkpt lat="45.410622814670205" lon="22.17898517847061">
        <ele>287.5</ele>
      </trkpt>
      <trkpt lat="45.410670759156346" lon="22.1789840888232">
        <ele>286.83</ele>
      </trkpt>
      <trkpt lat="45.41079078800976" lon="22.178977131843567">
        <ele>286.12</ele>
      </trkpt>
      <trkpt lat="45.410857340320945" lon="22.178987944498658">
        <ele>285.43</ele>
      </trkpt>
      <trkpt lat="45.4109219647944" lon="22.17901535332203">
        <ele>284.71</ele>
      </trkpt>
      <trkpt lat="45.410989271476865" lon="22.17906614765525">
        <ele>283.98</ele>
      </trkpt>
      <trkpt lat="45.411030342802405" lon="22.179125994443893">
        <ele>283.24</ele>
      </trkpt>
      <trkpt lat="45.4110564943403" lon="22.17918341048062">
        <ele>282.48</ele>
      </trkpt>
      <trkpt lat="45.411063618957996" lon="22.179242921993136">
        <ele>281.7</ele>
      </trkpt>
      <trkpt lat="45.41106185875833" lon="22.179299416020513">
        <ele>280.91</ele>
      </trkpt>
      <trkpt lat="45.41106286458671" lon="22.17936328612268">
        <ele>280.1</ele>
      </trkpt>
      <trkpt lat="45.41105951182544" lon="22.17942690476775">
        <ele>279.25</ele>
      </trkpt>
      <trkpt lat="45.411048363894224" lon="22.179488008841872">
        <ele>278.38</ele>
      </trkpt>
      <trkpt lat="45.41103512048721" lon="22.179574258625507">
        <ele>277.49</ele>
      </trkpt>
      <trkpt lat="45.41104023344815" lon="22.179674170911312">
        <ele>276.58</ele>
      </trkpt>
      <trkpt lat="45.411053309217095" lon="22.17988573014736">
        <ele>275.63</ele>
      </trkpt>
      <trkpt lat="45.41107803583145" lon="22.18009226024151">
        <ele>274.59</ele>
      </trkpt>
      <trkpt lat="45.411040568724275" lon="22.180255372077227">
        <ele>273.57</ele>
      </trkpt>
      <trkpt lat="45.41100578382611" lon="22.1803586371243">
        <ele>272.55</ele>
      </trkpt>
      <trkpt lat="45.41096571832895" lon="22.180469864979386">
        <ele>271.49</ele>
      </trkpt>
      <trkpt lat="45.410911571234465" lon="22.180544631555676">
        <ele>270.47</ele>
      </trkpt>
      <trkpt lat="45.41084887459874" lon="22.18059559352696">
        <ele>269.43</ele>
      </trkpt>
      <trkpt lat="45.41078433394432" lon="22.18064202927053">
        <ele>268.39</ele>
      </trkpt>
      <trkpt lat="45.410721553489566" lon="22.180692069232464">
        <ele>267.33</ele>
      </trkpt>
      <trkpt lat="45.41065189987421" lon="22.180760381743312">
        <ele>266.26</ele>
      </trkpt>
      <trkpt lat="45.41060202755034" lon="22.18082425184548">
        <ele>265.18</ele>
      </trkpt>
      <trkpt lat="45.410542180761695" lon="22.180910082533956">
        <ele>264.08</ele>
      </trkpt>
      <trkpt lat="45.41047587990761" lon="22.180980406701565">
        <ele>262.97</ele>
      </trkpt>
      <trkpt lat="45.410415194928646" lon="22.181039918214083">
        <ele>261.86</ele>
      </trkpt>
      <trkpt lat="45.4103778116405" lon="22.18109590932727">
        <ele>260.75</ele>
      </trkpt>
      <trkpt lat="45.41034755297005" lon="22.181182662025094">
        <ele>259.62</ele>
      </trkpt>
      <trkpt lat="45.41033145971596" lon="22.18127536587417">
        <ele>258.49</ele>
      </trkpt>
      <trkpt lat="45.41034126654267" lon="22.18135977163911">
        <ele>257.35</ele>
      </trkpt>
      <trkpt lat="45.41037370450795" lon="22.181433029472828">
        <ele>256.21</ele>
      </trkpt>
      <trkpt lat="45.41041544638574" lon="22.181490696966648">
        <ele>255.08</ele>
      </trkpt>
      <trkpt lat="45.41051493957639" lon="22.18159530311823">
        <ele>253.92</ele>
      </trkpt>
      <trkpt lat="45.410570008680224" lon="22.181657748296857">
        <ele>252.79</ele>
      </trkpt>
      <trkpt lat="45.410632621496916" lon="22.18172145076096">
        <ele>251.66</ele>
      </trkpt>
      <trkpt lat="45.410771844908595" lon="22.181847598403692">
        <ele>250.5</ele>
      </trkpt>
      <trkpt lat="45.410843677818775" lon="22.181921359151602">
        <ele>249.41</ele>
      </trkpt>
      <trkpt lat="45.4109114035964" lon="22.1819956228137">
        <ele>248.35</ele>
      </trkpt>
      <trkpt lat="45.41097133420408" lon="22.182068629190326">
        <ele>247.31</ele>
      </trkpt>
      <trkpt lat="45.411033276468515" lon="22.18214314430952">
        <ele>246.29</ele>
      </trkpt>
      <trkpt lat="45.41109069250524" lon="22.182219000533223">
        <ele>245.31</ele>
      </trkpt>
      <trkpt lat="45.411135870963335" lon="22.182291755452752">
        <ele>244.34</ele>
      </trkpt>
      <trkpt lat="45.41116939857602" lon="22.18236794695258">
        <ele>243.4</ele>
      </trkpt>
      <trkpt lat="45.41118985041976" lon="22.18245050869882">
        <ele>242.49</ele>
      </trkpt>
      <trkpt lat="45.41120904497802" lon="22.18253700993955">
        <ele>241.59</ele>
      </trkpt>
      <trkpt lat="45.41122941300273" lon="22.182624768465757">
        <ele>240.72</ele>
      </trkpt>
      <trkpt lat="45.4112742561847" lon="22.182808248326182">
        <ele>239.85</ele>
      </trkpt>
      <trkpt lat="45.41131440550089" lon="22.18299927189946">
        <ele>239.02</ele>
      </trkpt>
      <trkpt lat="45.411337204277515" lon="22.18308912590146">
        <ele>238.26</ele>
      </trkpt>
      <trkpt lat="45.411361595615745" lon="22.183174286037683">
        <ele>237.53</ele>
      </trkpt>
      <trkpt lat="45.411381712183356" lon="22.18326355330646">
        <ele>236.83</ele>
      </trkpt>
      <trkpt lat="45.41139076463878" lon="22.18335592187941">
        <ele>236.15</ele>
      </trkpt>
      <trkpt lat="45.41139462031424" lon="22.183445692062378">
        <ele>235.5</ele>
      </trkpt>
      <trkpt lat="45.41139495559037" lon="22.183535546064377">
        <ele>234.89</ele>
      </trkpt>
      <trkpt lat="45.41139202192426" lon="22.18362665735185">
        <ele>234.3</ele>
      </trkpt>
      <trkpt lat="45.411393865942955" lon="22.183718606829643">
        <ele>233.74</ele>
      </trkpt>
      <trkpt lat="45.41140275076032" lon="22.1838141605258">
        <ele>233.21</ele>
      </trkpt>
      <trkpt lat="45.4114484321326" lon="22.18412303365767">
        <ele>232.65</ele>
      </trkpt>
      <trkpt lat="45.4114449955523" lon="22.184227723628283">
        <ele>232.18</ele>
      </trkpt>
      <trkpt lat="45.41142202913761" lon="22.18432486988604">
        <ele>231.74</ele>
      </trkpt>
      <trkpt lat="45.411384562030435" lon="22.1843977086246">
        <ele>231.34</ele>
      </trkpt>
      <trkpt lat="45.41133846156299" lon="22.184444814920425">
        <ele>230.96</ele>
      </trkpt>
      <trkpt lat="45.411294624209404" lon="22.184488149359822">
        <ele>230.62</ele>
      </trkpt>
      <trkpt lat="45.4112552292645" lon="22.184531399980187">
        <ele>230.3</ele>
      </trkpt>
      <trkpt lat="45.411226814612746" lon="22.184567023068666">
        <ele>230.0</ele>
      </trkpt>
      <trkpt lat="45.411195969209075" lon="22.184612872079015">
        <ele>229.72</ele>
      </trkpt>
      <trkpt lat="45.411169566214085" lon="22.18466048128903">
        <ele>229.46</ele>
      </trkpt>
      <trkpt lat="45.41115431115031" lon="22.18471135944128">
        <ele>229.22</ele>
      </trkpt>
      <trkpt lat="45.411145677790046" lon="22.184771122410893">
        <ele>229.0</ele>
      </trkpt>
      <trkpt lat="45.411141738295555" lon="22.184819234535098">
        <ele>228.79</ele>
      </trkpt>
      <trkpt lat="45.41113863699138" lon="22.184859719127417">
        <ele>228.6</ele>
      </trkpt>
      <trkpt lat="45.411134362220764" lon="22.18492040410638">
        <ele>228.43</ele>
      </trkpt>
      <trkpt lat="45.41112748906016" lon="22.184973042458296">
        <ele>228.27</ele>
      </trkpt>
      <trkpt lat="45.411119777709246" lon="22.185024255886674">
        <ele>228.12</ele>
      </trkpt>
      <trkpt lat="45.41110837832093" lon="22.18507396057248">
        <ele>228.0</ele>
      </trkpt>
      <trkpt lat="45.411085495725274" lon="22.185171442106366">
        <ele>227.88</ele>
      </trkpt>
      <trkpt lat="45.41107309050858" lon="22.185215866193175">
        <ele>227.77</ele>
      </trkpt>
      <trkpt lat="45.41106227785349" lon="22.185257859528065">
        <ele>227.68</ele>
      </trkpt>
      <trkpt lat="45.411059092730284" lon="22.18530119396746">
        <ele>227.6</ele>
      </trkpt>
      <trkpt lat="45.41106294840574" lon="22.185344276949763">
        <ele>227.52</ele>
      </trkpt>
      <trkpt lat="45.411069905385375" lon="22.185383839532733">
        <ele>227.46</ele>
      </trkpt>
      <trkpt lat="45.411076694726944" lon="22.18541887588799">
        <ele>227.4</ele>
      </trkpt>
      <trkpt lat="45.411083567887545" lon="22.18544913455844">
        <ele>227.36</ele>
      </trkpt>
      <trkpt lat="45.411091949790716" lon="22.185472520068288">
        <ele>227.32</ele>
      </trkpt>
      <trkpt lat="45.41110343299806" lon="22.185498671606183">
        <ele>227.29</ele>
      </trkpt>
      <trkpt lat="45.41111592203379" lon="22.185529014095664">
        <ele>227.27</ele>
      </trkpt>
      <trkpt lat="45.411211056634784" lon="22.185712913051248">
        <ele>227.25</ele>
      </trkpt>
      <trkpt lat="45.41123192757368" lon="22.185858422890306">
        <ele>227.24</ele>
      </trkpt>
      <trkpt lat="45.411233603954315" lon="22.185903936624527">
        <ele>227.25</ele>
      </trkpt>
      <trkpt lat="45.41123628616333" lon="22.185992868617177">
        <ele>227.26</ele>
      </trkpt>
      <trkpt lat="45.411228239536285" lon="22.186235776171088">
        <ele>227.25</ele>
      </trkpt>
      <trkpt lat="45.41122656315565" lon="22.18628321774304">
        <ele>227.27</ele>
      </trkpt>
      <trkpt lat="45.41122656315565" lon="22.186330072581768">
        <ele>227.3</ele>
      </trkpt>
      <trkpt lat="45.4112412314862" lon="22.18647767789662">
        <ele>227.32</ele>
      </trkpt>
      <trkpt lat="45.4112393874675" lon="22.186522521078587">
        <ele>227.36</ele>
      </trkpt>
      <trkpt lat="45.4112359508872" lon="22.18656468205154">
        <ele>227.41</ele>
      </trkpt>
      <trkpt lat="45.41123444214463" lon="22.18659309670329">
        <ele>227.47</ele>
      </trkpt>
      <trkpt lat="45.4112309217453" lon="22.186636263504624">
        <ele>227.54</ele>
      </trkpt>
      <trkpt lat="45.41123184375465" lon="22.18667129985988">
        <ele>227.62</ele>
      </trkpt>
      <trkpt lat="45.411232095211744" lon="22.18669812195003">
        <ele>227.71</ele>
      </trkpt>
      <trkpt lat="45.4112343583256" lon="22.186812702566385">
        <ele>227.81</ele>
      </trkpt>
      <trkpt lat="45.41124181821942" lon="22.18699073418975">
        <ele>227.94</ele>
      </trkpt>
      <trkpt lat="45.41124751791358" lon="22.18711629509926">
        <ele>228.06</ele>
      </trkpt>
      <trkpt lat="45.41124793700874" lon="22.187397507950664">
        <ele>228.22</ele>
      </trkpt>
      <trkpt lat="45.411247266456485" lon="22.187436148524284">
        <ele>228.35</ele>
      </trkpt>
      <trkpt lat="45.41124735027552" lon="22.187475794926286">
        <ele>228.49</ele>
      </trkpt>
      <trkpt lat="45.411248691380024" lon="22.187521057203412">
        <ele>228.63</ele>
      </trkpt>
      <trkpt lat="45.41125296615064" lon="22.18760252930224">
        <ele>228.78</ele>
      </trkpt>
      <trkpt lat="45.411253636702895" lon="22.18772322870791">
        <ele>228.93</ele>
      </trkpt>
      <trkpt lat="45.41126227006316" lon="22.187846191227436">
        <ele>229.09</ele>
      </trkpt>
      <trkpt lat="45.41126662865281" lon="22.187897572293878">
        <ele>229.26</ele>
      </trkpt>
      <trkpt lat="45.411262856796384" lon="22.187981894239783">
        <ele>229.44</ele>
      </trkpt>
      <trkpt lat="45.411257995292544" lon="22.18813804909587">
        <ele>229.63</ele>
      </trkpt>
      <trkpt lat="45.41125690564513" lon="22.188353380188346">
        <ele>229.84</ele>
      </trkpt>
      <trkpt lat="45.411255648359656" lon="22.188408114016056">
        <ele>230.04</ele>
      </trkpt>
      <trkpt lat="45.41124609299004" lon="22.18869469128549">
        <ele>230.24</ele>
      </trkpt>
      <trkpt lat="45.41124257259071" lon="22.188750514760613">
        <ele>230.45</ele>
      </trkpt>
      <trkpt lat="45.411240393295884" lon="22.188805248588324">
        <ele>230.65</ele>
      </trkpt>
      <trkpt lat="45.41123787872493" lon="22.18886023387313">
        <ele>230.86</ele>
      </trkpt>
      <trkpt lat="45.411214577034116" lon="22.189019741490483">
        <ele>231.09</ele>
      </trkpt>
      <trkpt lat="45.41117560118437" lon="22.189122587442398">
        <ele>231.31</ele>
      </trkpt>
      <trkpt lat="45.411054315045476" lon="22.189393490552902">
        <ele>231.55</ele>
      </trkpt>
      <trkpt lat="45.41103595867753" lon="22.189446799457073">
        <ele>231.77</ele>
      </trkpt>
      <trkpt lat="45.411020116880536" lon="22.189485607668757">
        <ele>231.99</ele>
      </trkpt>
      <trkpt lat="45.41099790483713" lon="22.189547130838037">
        <ele>232.21</ele>
      </trkpt>
      <trkpt lat="45.41097820736468" lon="22.189600272104144">
        <ele>232.42</ele>
      </trkpt>
      <trkpt lat="45.41093856096268" lon="22.189707728102803">
        <ele>232.63</ele>
      </trkpt>
      <trkpt lat="45.41083076968789" lon="22.18996563926339">
        <ele>232.84</ele>
      </trkpt>
      <trkpt lat="45.410809395834804" lon="22.190020205453038">
        <ele>233.04</ele>
      </trkpt>
      <trkpt lat="45.41074820794165" lon="22.19017853960395">
        <ele>233.25</ele>
      </trkpt>
      <trkpt lat="45.410699509084225" lon="22.190301921218634">
        <ele>233.43</ele>
      </trkpt>
      <trkpt lat="45.41056992486119" lon="22.190641053020954">
        <ele>233.65</ele>
      </trkpt>
      <trkpt lat="45.410500690340996" lon="22.19082361087203">
        <ele>233.84</ele>
      </trkpt>
      <trkpt lat="45.41047403588891" lon="22.190896617248654">
        <ele>234.03</ele>
      </trkpt>
      <trkpt lat="45.410378482192755" lon="22.191132316365838">
        <ele>234.22</ele>
      </trkpt>
      <trkpt lat="45.41035492904484" lon="22.19119258224964">
        <ele>234.37</ele>
      </trkpt>
      <trkpt lat="45.41026993654668" lon="22.191398860886693">
        <ele>234.52</ele>
      </trkpt>
      <trkpt lat="45.41018527932465" lon="22.191604552790523">
        <ele>234.65</ele>
      </trkpt>
      <trkpt lat="45.410162564367056" lon="22.191659286618233">
        <ele>234.77</ele>
      </trkpt>
      <trkpt lat="45.41011386550963" lon="22.191771771758795">
        <ele>234.87</ele>
      </trkpt>
      <trkpt lat="45.41002401150763" lon="22.191999005153775">
        <ele>234.98</ele>
      </trkpt>
      <trkpt lat="45.40999517776072" lon="22.192068491131067">
        <ele>235.07</ele>
      </trkpt>
      <trkpt lat="45.409973468631506" lon="22.19212682917714">
        <ele>235.15</ele>
      </trkpt>
      <trkpt lat="45.40995226241648" lon="22.19218533486128">
        <ele>235.21</ele>
      </trkpt>
      <trkpt lat="45.40993155911565" lon="22.19224057160318">
        <ele>235.25</ele>
      </trkpt>
      <trkpt lat="45.409913370385766" lon="22.192287426441908">
        <ele>235.28</ele>
      </trkpt>
      <trkpt lat="45.409885039553046" lon="22.192350877448916">
        <ele>235.3</ele>
      </trkpt>
      <trkpt lat="45.40986073203385" lon="22.192402090877295">
        <ele>235.32</ele>
      </trkpt>
      <trkpt lat="45.409836675971746" lon="22.19245078973472">
        <ele>235.32</ele>
      </trkpt>
      <trkpt lat="45.409813122823834" lon="22.19250150024891">
        <ele>235.31</ele>
      </trkpt>
      <trkpt lat="45.409790156409144" lon="22.19255229458213">
        <ele>235.28</ele>
      </trkpt>
      <trkpt lat="45.409769620746374" lon="22.19260317273438">
        <ele>235.24</ele>
      </trkpt>
      <trkpt lat="45.409749168902636" lon="22.192652877420187">
        <ele>235.18</ele>
      </trkpt>
      <trkpt lat="45.40973098017275" lon="22.19269998371601">
        <ele>235.11</ele>
      </trkpt>
      <trkpt lat="45.40971647948027" lon="22.192746587097645">
        <ele>235.03</ele>
      </trkpt>
      <trkpt lat="45.40970650501549" lon="22.192794950678945">
        <ele>234.94</ele>
      </trkpt>
      <trkpt lat="45.40970885194838" lon="22.192842978984118">
        <ele>234.84</ele>
      </trkpt>
      <trkpt lat="45.40972234681249" lon="22.192889163270593">
        <ele>234.73</ele>
      </trkpt>
      <trkpt lat="45.4097424633801" lon="22.192922104150057">
        <ele>234.6</ele>
      </trkpt>
      <trkpt lat="45.40977615863085" lon="22.192954625934362">
        <ele>234.46</ele>
      </trkpt>
      <trkpt lat="45.409858049824834" lon="22.19301749020815">
        <ele>234.31</ele>
      </trkpt>
      <trkpt lat="45.40990188717842" lon="22.193046575412154">
        <ele>234.15</ele>
      </trkpt>
      <trkpt lat="45.410081343725324" lon="22.19317104667425">
        <ele>233.96</ele>
      </trkpt>
      <trkpt lat="45.410252921283245" lon="22.193287387490273">
        <ele>233.76</ele>
      </trkpt>
      <trkpt lat="45.41042466647923" lon="22.193403812125325">
        <ele>233.55</ele>
      </trkpt>
      <trkpt lat="45.41069942526519" lon="22.193590393289924">
        <ele>233.33</ele>
      </trkpt>
      <trkpt lat="45.41088600642979" lon="22.193718133494258">
        <ele>233.12</ele>
      </trkpt>
      <trkpt lat="45.41100377216935" lon="22.1937954146415">
        <ele>232.92</ele>
      </trkpt>
      <trkpt lat="45.41106345131993" lon="22.193830283358693">
        <ele>232.71</ele>
      </trkpt>
      <trkpt lat="45.411119693890214" lon="22.19386573880911">
        <ele>232.49</ele>
      </trkpt>
      <trkpt lat="45.41117560118437" lon="22.193901613354683">
        <ele>232.28</ele>
      </trkpt>
      <trkpt lat="45.411219941452146" lon="22.19392935745418">
        <ele>232.05</ele>
      </trkpt>
      <trkpt lat="45.41127501055598" lon="22.19396305270493">
        <ele>231.82</ele>
      </trkpt>
      <trkpt lat="45.411340137943625" lon="22.194000855088234">
        <ele>231.58</ele>
      </trkpt>
      <trkpt lat="45.41138246655464" lon="22.194025414064527">
        <ele>231.33</ele>
      </trkpt>
      <trkpt lat="45.41143426671624" lon="22.1940578520298">
        <ele>231.08</ele>
      </trkpt>
      <trkpt lat="45.411484809592366" lon="22.194089954718947">
        <ele>230.81</ele>
      </trkpt>
      <trkpt lat="45.41154574602842" lon="22.194127505645156">
        <ele>230.54</ele>
      </trkpt>
      <trkpt lat="45.41169418953359" lon="22.194218365475535">
        <ele>230.25</ele>
      </trkpt>
      <trkpt lat="45.411977330222726" lon="22.194388937205076">
        <ele>229.9</ele>
      </trkpt>
      <trkpt lat="45.412087719887495" lon="22.19446236267686">
        <ele>229.58</ele>
      </trkpt>
      <trkpt lat="45.412313947454095" lon="22.194599071517587">
        <ele>229.22</ele>
      </trkpt>
      <trkpt lat="45.41243867017329" lon="22.19465296715498">
        <ele>228.91</ele>
      </trkpt>
      <trkpt lat="45.41250388137996" lon="22.194667551666498">
        <ele>228.62</ele>
      </trkpt>
      <trkpt lat="45.412639919668436" lon="22.194662941619754">
        <ele>228.34</ele>
      </trkpt>
      <trkpt lat="45.41277746669948" lon="22.194642405956984">
        <ele>228.05</ele>
      </trkpt>
      <trkpt lat="45.41283052414656" lon="22.194635700434446">
        <ele>227.76</ele>
      </trkpt>
      <trkpt lat="45.412896405905485" lon="22.194629330188036">
        <ele>227.47</ele>
      </trkpt>
      <trkpt lat="45.412975614890456" lon="22.19461675733328">
        <ele>227.17</ele>
      </trkpt>
      <trkpt lat="45.4130407422781" lon="22.19460510648787">
        <ele>226.87</ele>
      </trkpt>
      <trkpt lat="45.413104612380266" lon="22.194595634937286">
        <ele>226.57</ele>
      </trkpt>
      <trkpt lat="45.41316747665405" lon="22.194587253034115">
        <ele>226.26</ele>
      </trkpt>
      <trkpt lat="45.41322983801365" lon="22.19457778148353">
        <ele>225.95</ele>
      </trkpt>
      <trkpt lat="45.41329236701131" lon="22.194569231942296">
        <ele>225.62</ele>
      </trkpt>
      <trkpt lat="45.41355052962899" lon="22.194528495892882">
        <ele>225.29</ele>
      </trkpt>
      <trkpt lat="45.41375420987606" lon="22.194515923038125">
        <ele>224.91</ele>
      </trkpt>
      <trkpt lat="45.41387381963432" lon="22.19455774873495">
        <ele>224.54</ele>
      </trkpt>
      <trkpt lat="45.41393584571779" lon="22.194599574431777">
        <ele>224.21</ele>
      </trkpt>
      <trkpt lat="45.41400541551411" lon="22.1946622710675">
        <ele>223.86</ele>
      </trkpt>
      <trkpt lat="45.41405914351344" lon="22.19471985474229">
        <ele>223.51</ele>
      </trkpt>
      <trkpt lat="45.414111111313105" lon="22.1947780251503">
        <ele>223.15</ele>
      </trkpt>
      <trkpt lat="45.41415209881961" lon="22.194825215265155">
        <ele>222.79</ele>
      </trkpt>
      <trkpt lat="45.41420339606702" lon="22.194882547482848">
        <ele>222.43</ele>
      </trkpt>
      <trkpt lat="45.41430976241827" lon="22.195009030401707">
        <ele>222.06</ele>
      </trkpt>
      <trkpt lat="45.41446315124631" lon="22.19518119469285">
        <ele>221.7</ele>
      </trkpt>
      <trkpt lat="45.41455803439021" lon="22.195279095321894">
        <ele>221.3</ele>
      </trkpt>
      <trkpt lat="45.414763893932104" lon="22.19550716690719">
        <ele>220.86</ele>
      </trkpt>
      <trkpt lat="45.41487445123494" lon="22.19562434591353">
        <ele>220.41</ele>
      </trkpt>
      <trkpt lat="45.41492583230138" lon="22.195672625675797">
        <ele>219.97</ele>
      </trkpt>
      <trkpt lat="45.41497419588268" lon="22.195724342018366">
        <ele>219.51</ele>
      </trkpt>
      <trkpt lat="45.41501912288368" lon="22.195783434435725">
        <ele>219.03</ele>
      </trkpt>
      <trkpt lat="45.41504804044962" lon="22.195851914584637">
        <ele>218.56</ele>
      </trkpt>
      <trkpt lat="45.41506044566631" lon="22.195932799950242">
        <ele>218.07</ele>
      </trkpt>
      <trkpt lat="45.41506530717015" lon="22.196023743599653">
        <ele>217.59</ele>
      </trkpt>
      <trkpt lat="45.415070755407214" lon="22.19612030312419">
        <ele>217.1</ele>
      </trkpt>
      <trkpt lat="45.41507930494845" lon="22.196220215409994">
        <ele>216.62</ele>
      </trkpt>
      <trkpt lat="45.415091877803206" lon="22.19632163643837">
        <ele>216.13</ele>
      </trkpt>
      <trkpt lat="45.415107384324074" lon="22.196424566209316">
        <ele>215.63</ele>
      </trkpt>
      <trkpt lat="45.41512473486364" lon="22.1965273283422">
        <ele>215.12</ele>
      </trkpt>
      <trkpt lat="45.4152166005224" lon="22.196921948343515">
        <ele>214.49</ele>
      </trkpt>
      <trkpt lat="45.415241327136755" lon="22.197002666071057">
        <ele>213.95</ele>
      </trkpt>
      <trkpt lat="45.41531399823725" lon="22.197267282754183">
        <ele>213.37</ele>
      </trkpt>
      <trkpt lat="45.415386501699686" lon="22.197530809789896">
        <ele>212.83</ele>
      </trkpt>
      <trkpt lat="45.415416760370135" lon="22.1976325660944">
        <ele>212.33</ele>
      </trkpt>
      <trkpt lat="45.41545514948666" lon="22.197753684595227">
        <ele>211.85</ele>
      </trkpt>
      <trkpt lat="45.41548817418516" lon="22.197853177785873">
        <ele>211.38</ele>
      </trkpt>
      <trkpt lat="45.41551281698048" lon="22.19793356023729">
        <ele>210.93</ele>
      </trkpt>
      <trkpt lat="45.41556830517948" lon="22.198136653751135">
        <ele>210.48</ele>
      </trkpt>
      <trkpt lat="45.41559940204024" lon="22.19825911335647">
        <ele>210.03</ele>
      </trkpt>
      <trkpt lat="45.41564424522221" lon="22.198449298739433">
        <ele>209.6</ele>
      </trkpt>
      <trkpt lat="45.41566134430468" lon="22.198562789708376">
        <ele>209.17</ele>
      </trkpt>
      <trkpt lat="45.415661009028554" lon="22.198817683383822">
        <ele>208.73</ele>
      </trkpt>
      <trkpt lat="45.415643993765116" lon="22.198933605104685">
        <ele>208.32</ele>
      </trkpt>
      <trkpt lat="45.4156170040369" lon="22.19904525205493">
        <ele>207.93</ele>
      </trkpt>
      <trkpt lat="45.41558020748198" lon="22.19914684072137">
        <ele>207.56</ele>
      </trkpt>
      <trkpt lat="45.415534526109695" lon="22.199238371104002">
        <ele>207.22</ele>
      </trkpt>
      <trkpt lat="45.41548180393875" lon="22.19931799918413">
        <ele>206.89</ele>
      </trkpt>
      <trkpt lat="45.41543997824192" lon="22.19937700778246">
        <ele>206.55</ele>
      </trkpt>
      <trkpt lat="45.41538817808032" lon="22.19944590702653">
        <ele>206.22</ele>
      </trkpt>
      <trkpt lat="45.41533838957548" lon="22.199514219537377">
        <ele>205.92</ele>
      </trkpt>
      <trkpt lat="45.41528063826263" lon="22.199598038569093">
        <ele>205.64</ele>
      </trkpt>
      <trkpt lat="45.4152372200042" lon="22.19966291449964">
        <ele>205.37</ele>
      </trkpt>
      <trkpt lat="45.41519472375512" lon="22.199726616963744">
        <ele>205.12</ele>
      </trkpt>
      <trkpt lat="45.41515465825796" lon="22.199790319427848">
        <ele>204.88</ele>
      </trkpt>
      <trkpt lat="45.41511886753142" lon="22.199854692444205">
        <ele>204.66</ele>
      </trkpt>
      <trkpt lat="45.415092296898365" lon="22.199923172593117">
        <ele>204.46</ele>
      </trkpt>
      <trkpt lat="45.41507444344461" lon="22.19999265857041">
        <ele>204.28</ele>
      </trkpt>
      <trkpt lat="45.41506228968501" lon="22.200060468167067">
        <ele>204.12</ele>
      </trkpt>
      <trkpt lat="45.41505482979119" lon="22.20011788420379">
        <ele>203.99</ele>
      </trkpt>
      <trkpt lat="45.415049297735095" lon="22.200165325775743">
        <ele>203.88</ele>
      </trkpt>
      <trkpt lat="45.41504854336381" lon="22.200211845338345">
        <ele>203.79</ele>
      </trkpt>
      <trkpt lat="45.41505550034344" lon="22.20030295662582">
        <ele>203.71</ele>
      </trkpt>
      <trkpt lat="45.41507402434945" lon="22.200442850589752">
        <ele>203.64</ele>
      </trkpt>
      <trkpt lat="45.41509481146932" lon="22.200583079829812">
        <ele>203.61</ele>
      </trkpt>
      <trkpt lat="45.415114341303706" lon="22.20071878284216">
        <ele>203.6</ele>
      </trkpt>
      <trkpt lat="45.41512289084494" lon="22.200784413143992">
        <ele>203.59</ele>
      </trkpt>
      <trkpt lat="45.41513303294778" lon="22.200833782553673">
        <ele>203.61</ele>
      </trkpt>
      <trkpt lat="45.41514937765896" lon="22.200907291844487">
        <ele>203.63</ele>
      </trkpt>
      <trkpt lat="45.41517301462591" lon="22.20107057131827">
        <ele>203.68</ele>
      </trkpt>
      <trkpt lat="45.4151579272002" lon="22.201138213276863">
        <ele>203.71</ele>
      </trkpt>
      <trkpt lat="45.4151457734406" lon="22.201196886599064">
        <ele>203.75</ele>
      </trkpt>
      <trkpt lat="45.415142169222236" lon="22.201246842741966">
        <ele>203.8</ele>
      </trkpt>
      <trkpt lat="45.41513605043292" lon="22.20131197012961">
        <ele>203.85</ele>
      </trkpt>
      <trkpt lat="45.41512247174978" lon="22.20139268785715">
        <ele>203.9</ele>
      </trkpt>
      <trkpt lat="45.41509363800287" lon="22.20153434202075">
        <ele>203.95</ele>
      </trkpt>
      <trkpt lat="45.415081065148115" lon="22.2016060911119">
        <ele>204.0</ele>
      </trkpt>
      <trkpt lat="45.415063966065645" lon="22.201673230156302">
        <ele>204.04</ele>
      </trkpt>
      <trkpt lat="45.41504695080221" lon="22.201725700870156">
        <ele>204.08</ele>
      </trkpt>
      <trkpt lat="45.41501685976982" lon="22.201804826036096">
        <ele>204.11</ele>
      </trkpt>
      <trkpt lat="45.41494502685964" lon="22.20202149823308">
        <ele>204.12</ele>
      </trkpt>
      <trkpt lat="45.41480571962893" lon="22.20235970802605">
        <ele>204.12</ele>
      </trkpt>
      <trkpt lat="45.414773197844625" lon="22.202428858727217">
        <ele>204.13</ele>
      </trkpt>
      <trkpt lat="45.414741011336446" lon="22.202497171238065">
        <ele>204.12</ele>
      </trkpt>
      <trkpt lat="45.414711590856314" lon="22.20255953259766">
        <ele>204.12</ele>
      </trkpt>
      <trkpt lat="45.414688624441624" lon="22.202616864815354">
        <ele>204.11</ele>
      </trkpt>
      <trkpt lat="45.41466599330306" lon="22.202672604471445">
        <ele>204.08</ele>
      </trkpt>
      <trkpt lat="45.41463355533779" lon="22.202727925032377">
        <ele>204.05</ele>
      </trkpt>
      <trkpt lat="45.414611930027604" lon="22.20275684259832">
        <ele>204.02</ele>
      </trkpt>
      <trkpt lat="45.41458033025265" lon="22.20279942266643">
        <ele>203.97</ele>
      </trkpt>
      <trkpt lat="45.41453305631876" lon="22.202861113473773">
        <ele>203.92</ele>
      </trkpt>
      <trkpt lat="45.41448804549873" lon="22.20289221033454">
        <ele>203.86</ele>
      </trkpt>
      <trkpt lat="45.414452254772186" lon="22.202896401286125">
        <ele>203.8</ele>
      </trkpt>
      <trkpt lat="45.414381343871355" lon="22.202861700206995">
        <ele>203.72</ele>
      </trkpt>
      <trkpt lat="45.41429752483964" lon="22.202797159552574">
        <ele>203.64</ele>
      </trkpt>
      <trkpt lat="45.41414522565901" lon="22.20274963416159">
        <ele>203.55</ele>
      </trkpt>
      <trkpt lat="45.41393433697522" lon="22.202741084620357">
        <ele>203.45</ele>
      </trkpt>
      <trkpt lat="45.41386988013983" lon="22.202759021893144">
        <ele>203.37</ele>
      </trkpt>
      <trkpt lat="45.41380492039025" lon="22.202790454030037">
        <ele>203.29</ele>
      </trkpt>
      <trkpt lat="45.41374146938324" lon="22.20283219590783">
        <ele>203.21</ele>
      </trkpt>
      <trkpt lat="45.41368187405169" lon="22.2028751950711">
        <ele>203.14</ele>
      </trkpt>
      <trkpt lat="45.413620518520474" lon="22.202918026596308">
        <ele>203.07</ele>
      </trkpt>
      <trkpt lat="45.413557989522815" lon="22.202952979132533">
        <ele>202.99</ele>
      </trkpt>
      <trkpt lat="45.413498813286424" lon="22.202969742938876">
        <ele>202.9</ele>
      </trkpt>
      <trkpt lat="45.413436368107796" lon="22.202976616099477">
        <ele>202.81</ele>
      </trkpt>
      <trkpt lat="45.413382053375244" lon="22.202976951375604">
        <ele>202.72</ele>
      </trkpt>
      <trkpt lat="45.4133169259876" lon="22.202968569472432">
        <ele>202.64</ele>
      </trkpt>
      <trkpt lat="45.41325582191348" lon="22.20295767299831">
        <ele>202.56</ele>
      </trkpt>
      <trkpt lat="45.4132014233619" lon="22.20294836908579">
        <ele>202.49</ele>
      </trkpt>
      <trkpt lat="45.413146521896124" lon="22.20294015482068">
        <ele>202.42</ele>
      </trkpt>
      <trkpt lat="45.41310561820865" lon="22.202947111800313">
        <ele>202.36</ele>
      </trkpt>
      <trkpt lat="45.41306261904538" lon="22.202968737110496">
        <ele>202.29</ele>
      </trkpt>
      <trkpt lat="45.41296999901533" lon="22.20302799716592">
        <ele>202.24</ele>
      </trkpt>
      <trkpt lat="45.41292113251984" lon="22.203053394332528">
        <ele>202.18</ele>
      </trkpt>
      <trkpt lat="45.4128298535943" lon="22.203095639124513">
        <ele>202.13</ele>
      </trkpt>
      <trkpt lat="45.41277922689915" lon="22.203118856996298">
        <ele>202.07</ele>
      </trkpt>
      <trkpt lat="45.412583174183965" lon="22.203185325488448">
        <ele>202.03</ele>
      </trkpt>
      <trkpt lat="45.41238703764975" lon="22.203251961618662">
        <ele>201.99</ele>
      </trkpt>
      <trkpt lat="45.4122827667743" lon="22.203281382098794">
        <ele>201.97</ele>
      </trkpt>
      <trkpt lat="45.412226440384984" lon="22.203293116763234">
        <ele>201.94</ele>
      </trkpt>
      <trkpt lat="45.41217380203307" lon="22.20330074429512">
        <ele>201.9</ele>
      </trkpt>
      <trkpt lat="45.41212250478566" lon="22.20331147313118">
        <ele>201.88</ele>
      </trkpt>
      <trkpt lat="45.41207137517631" lon="22.20332320779562">
        <ele>201.86</ele>
      </trkpt>
      <trkpt lat="45.412019742652774" lon="22.20333544537425">
        <ele>201.85</ele>
      </trkpt>
      <trkpt lat="45.41195738129318" lon="22.203351454809308">
        <ele>201.85</ele>
      </trkpt>
      <trkpt lat="45.41185185313225" lon="22.203379701822996">
        <ele>201.87</ele>
      </trkpt>
      <trkpt lat="45.41173534467816" lon="22.203409373760223">
        <ele>201.91</ele>
      </trkpt>
      <trkpt lat="45.41167407296598" lon="22.20342580229044">
        <ele>201.95</ele>
      </trkpt>
      <trkpt lat="45.41161464527249" lon="22.203440722078085">
        <ele>202.01</ele>
      </trkpt>
      <trkpt lat="45.41154867969453" lon="22.203457904979587">
        <ele>202.09</ele>
      </trkpt>
      <trkpt lat="45.411497885361314" lon="22.203468633815646">
        <ele>202.18</ele>
      </trkpt>
      <trkpt lat="45.411400152370334" lon="22.203490175306797">
        <ele>202.28</ele>
      </trkpt>
      <trkpt lat="45.41124005801976" lon="22.203510208055377">
        <ele>202.41</ele>
      </trkpt>
      <trkpt lat="45.41110343299806" lon="22.20353434793651">
        <ele>202.53</ele>
      </trkpt>
      <trkpt lat="45.41099212132394" lon="22.203561421483755">
        <ele>202.62</ele>
      </trkpt>
      <trkpt lat="45.410855412483215" lon="22.203589836135507">
        <ele>202.72</ele>
      </trkpt>
      <trkpt lat="45.41063027456403" lon="22.20362906344235">
        <ele>202.81</ele>
      </trkpt>
      <trkpt lat="45.410421984270215" lon="22.203678600490093">
        <ele>202.89</ele>
      </trkpt>
      <trkpt lat="45.41036180220544" lon="22.203683126717806">
        <ele>202.97</ele>
      </trkpt>
      <trkpt lat="45.41030203923583" lon="22.20368773676455">
        <ele>203.08</ele>
      </trkpt>
      <trkpt lat="45.41023758240044" lon="22.203695699572563">
        <ele>203.19</ele>
      </trkpt>
      <trkpt lat="45.41017270646989" lon="22.203705422580242">
        <ele>203.34</ele>
      </trkpt>
      <trkpt lat="45.41010690853" lon="22.20371405594051">
        <ele>203.5</ele>
      </trkpt>
      <trkpt lat="45.40997799485922" lon="22.203749427571893">
        <ele>203.68</ele>
      </trkpt>
      <trkpt lat="45.40991437621415" lon="22.203765101730824">
        <ele>203.85</ele>
      </trkpt>
      <trkpt lat="45.40985251776874" lon="22.20377767458558">
        <ele>204.04</ele>
      </trkpt>
      <trkpt lat="45.409792084246874" lon="22.203788654878736">
        <ele>204.22</ele>
      </trkpt>
      <trkpt lat="45.40973684750497" lon="22.203794941306114">
        <ele>204.41</ele>
      </trkpt>
      <trkpt lat="45.409685550257564" lon="22.203803155571222">
        <ele>204.6</ele>
      </trkpt>
      <trkpt lat="45.40964380837977" lon="22.203816063702106">
        <ele>204.78</ele>
      </trkpt>
      <trkpt lat="45.409579519182444" lon="22.203842801973224">
        <ele>204.97</ele>
      </trkpt>
      <trkpt lat="45.40953333489597" lon="22.203873312100768">
        <ele>205.18</ele>
      </trkpt>
      <trkpt lat="45.40950181894004" lon="22.203912120312452">
        <ele>205.39</ele>
      </trkpt>
      <trkpt lat="45.409490671008825" lon="22.203957717865705">
        <ele>205.61</ele>
      </trkpt>
      <trkpt lat="45.409497460350394" lon="22.20399996265769">
        <ele>205.83</ele>
      </trkpt>
      <trkpt lat="45.40952168405056" lon="22.204070705920458">
        <ele>206.06</ele>
      </trkpt>
      <trkpt lat="45.40956174954772" lon="22.204182520508766">
        <ele>206.3</ele>
      </trkpt>
      <trkpt lat="45.40958748199046" lon="22.204253347590566">
        <ele>206.51</ele>
      </trkpt>
      <trkpt lat="45.409609945490956" lon="22.20430933870375">
        <ele>206.7</ele>
      </trkpt>
      <trkpt lat="45.40962176397443" lon="22.20433901064098">
        <ele>206.87</ele>
      </trkpt>
      <trkpt lat="45.40963802486658" lon="22.204381758347154">
        <ele>207.03</ele>
      </trkpt>
      <trkpt lat="45.409647999331355" lon="22.204419560730457">
        <ele>207.17</ele>
      </trkpt>
      <trkpt lat="45.40965814143419" lon="22.20446314662695">
        <ele>207.3</ele>
      </trkpt>
      <trkpt lat="45.4096613265574" lon="22.204510001465678">
        <ele>207.42</ele>
      </trkpt>
      <trkpt lat="45.40965956635773" lon="22.204544115811586">
        <ele>207.51</ele>
      </trkpt>
      <trkpt lat="45.40964833460748" lon="22.20457806251943">
        <ele>207.59</ele>
      </trkpt>
      <trkpt lat="45.40962025523186" lon="22.20461812801659">
        <ele>207.64</ele>
      </trkpt>
      <trkpt lat="45.40956174954772" lon="22.20468308776617">
        <ele>207.67</ele>
      </trkpt>
      <trkpt lat="45.409531239420176" lon="22.204710664227605">
        <ele>207.72</ele>
      </trkpt>
      <trkpt lat="45.40949368849397" lon="22.20473933033645">
        <ele>207.76</ele>
      </trkpt>
      <trkpt lat="45.40942545980215" lon="22.204802110791206">
        <ele>207.8</ele>
      </trkpt>
      <trkpt lat="45.40937282145023" lon="22.204875787720084">
        <ele>207.87</ele>
      </trkpt>
      <trkpt lat="45.40934474207461" lon="22.20490680076182">
        <ele>207.95</ele>
      </trkpt>
      <trkpt lat="45.409274166449904" lon="22.20497184433043">
        <ele>208.03</ele>
      </trkpt>
      <trkpt lat="45.409240052103996" lon="22.205004198476672">
        <ele>208.1</ele>
      </trkpt>
      <trkpt lat="45.40918749757111" lon="22.2050510533154">
        <ele>208.17</ele>
      </trkpt>
      <trkpt lat="45.40914751589298" lon="22.20509296283126">
        <ele>208.23</ele>
      </trkpt>
      <trkpt lat="45.40911122225225" lon="22.205120539292693">
        <ele>208.29</ele>
      </trkpt>
      <trkpt lat="45.409078281372786" lon="22.205147948116064">
        <ele>208.34</ele>
      </trkpt>
      <trkpt lat="45.40902857668698" lon="22.20521609298885">
        <ele>208.4</ele>
      </trkpt>
      <trkpt lat="45.40901499800384" lon="22.205265630036592">
        <ele>208.42</ele>
      </trkpt>
      <trkpt lat="45.409021619707346" lon="22.20533151179552">
        <ele>208.41</ele>
      </trkpt>
      <trkpt lat="45.40905548259616" lon="22.205443996936083">
        <ele>208.38</ele>
      </trkpt>
      <trkpt lat="45.40907559916377" lon="22.20550635829568">
        <ele>208.32</ele>
      </trkpt>
      <trkpt lat="45.40910007432103" lon="22.20556804910302">
        <ele>208.24</ele>
      </trkpt>
      <trkpt lat="45.409120274707675" lon="22.20563434995711">
        <ele>208.15</ele>
      </trkpt>
      <trkpt lat="45.40915757417679" lon="22.20575504936278">
        <ele>208.05</ele>
      </trkpt>
      <trkpt lat="45.409279698506" lon="22.20616173930466">
        <ele>207.94</ele>
      </trkpt>
      <trkpt lat="45.40937248617411" lon="22.206440772861242">
        <ele>207.89</ele>
      </trkpt>
      <trkpt lat="45.40940500795841" lon="22.206546049565077">
        <ele>207.82</ele>
      </trkpt>
      <trkpt lat="45.40944113396108" lon="22.206668760627508">
        <ele>207.7</ele>
      </trkpt>
      <trkpt lat="45.40946954861283" lon="22.206762973219156">
        <ele>207.59</ele>
      </trkpt>
      <trkpt lat="45.40949888527393" lon="22.20685358159244">
        <ele>207.48</ele>
      </trkpt>
      <trkpt lat="45.40952377952635" lon="22.206941340118647">
        <ele>207.4</ele>
      </trkpt>
      <trkpt lat="45.40954431518912" lon="22.207023818045855">
        <ele>207.32</ele>
      </trkpt>
      <trkpt lat="45.40955630131066" lon="22.207095650956035">
        <ele>207.24</ele>
      </trkpt>
      <trkpt lat="45.40956560522318" lon="22.207144936546683">
        <ele>207.17</ele>
      </trkpt>
      <trkpt lat="45.40958186611533" lon="22.207164969295263">
        <ele>207.11</ele>
      </trkpt>
      <trkpt lat="45.40959343314171" lon="22.207151725888252">
        <ele>207.05</ele>
      </trkpt>
      <trkpt lat="45.409593265503645" lon="22.207125490531325">
        <ele>206.99</ele>
      </trkpt>
      <trkpt lat="45.40958614088595" lon="22.207100512459874">
        <ele>206.93</ele>
      </trkpt>
      <trkpt lat="45.409575747326016" lon="22.207071343436837">
        <ele>206.87</ele>
      </trkpt>
    </trkseg>
  </trk>
</gpx>
